source_store,source_product_id,source_sku,source_product_name,source_url,source_image_url,source_categories,source_leaf_category_paths,source_category_status,shikha_category,shikha_subcategory,product_group,source_stock_status,catalog_checked_on,name_for_shikha_catalog,short_description,long_description,merchandising_status
Yoga Kuti,39996,HEADSTAND-BENCH,Yoga Headstand Bench with Cushion,https://www.yogikuti.com/product/yoga-headstand-bench-with-cushion/,https://www.yogikuti.com/wp-content/uploads/2026/05/Headstand-.jpg,None returned,None returned,No category returned by source API,Studio Furniture & Inversions,Inversion benches,Studio furniture,In stock at capture,2026-09-25,SHIKHA Inversion Support Bench,A cushioned bench for exploring supported inversions and seated stretches.,A cushioned bench for exploring supported inversions and seated stretches. The open center leaves space for the head while the padded top supports the shoulders. Use it with suitable instruction as part of a considered studio practice. Allow enough space around the prop and follow pose-specific guidance.,Proposed SHIKHA name and original marketing copy
Yoga Kuti,39823,THROW-BLANKET,Handwoven Cotton Throw Blanket with Tassels,https://www.yogikuti.com/product/handwoven-cotton-throw-blanket-with-tassels/,https://www.yogikuti.com/wp-content/uploads/2026/05/Blue-Blanket.jpg,Bolster & Blankets; Wellness Products,All Yoga Props > Bolster & Blankets | Wellness Products,Assigned on source,Bolsters & Soft Supports,Yoga blankets,Soft supports,In stock at capture,2026-09-25,SHIKHA Woven Cotton Comfort Throw,A handwoven cotton throw with tassels for a softer practice space.,"A handwoven cotton throw with tassels for a softer practice space. Layer it over a seat, keep it nearby for rest, or bring it into the living room. Its woven texture adds warmth without asking for a dedicated yoga setting. Arrange the support gradually and adjust the height to suit your practice.",Proposed SHIKHA name and original marketing copy
Yoga Kuti,39405,,Iyengar Yoga Convention Kit Bag,https://www.yogikuti.com/product/iyengar-yoga-convention-kit-bag/,https://www.yogikuti.com/wp-content/uploads/2026/04/Iyengar-Yoga-convention-Bag-Website-copy-2.jpg,Yoga Accessories,All Yoga Props > Yoga Accessories,Assigned on source,Apparel & Carry,Yoga bags,Bags & carry,In stock at capture,2026-09-25,SHIKHA Studio Convention Carryall,A roomy cotton bag for moving yoga props between home and studio.,"A roomy cotton bag for moving yoga props between home and studio. The structured shape makes it easier to bring blankets, belts, clothing and smaller tools together. A useful companion for workshops, conventions and regular classes. Check the dimensions against the props you most often bring to class.",Proposed SHIKHA name and original marketing copy
Yoga Kuti,39328,YK-YW-3PC,Tri-Size Yoga Wheel Set,https://www.yogikuti.com/product/tri-size-yoga-wheel-set/,https://www.yogikuti.com/wp-content/uploads/2026/04/Yoga-Wheel-.jpg,Other Yoga Accessories; Yoga Accessories,All Yoga Props > Other Yoga Accessories | All Yoga Props > Yoga Accessories,Assigned on source,Movement Tools & Kits,Yoga wheels,Movement accessories,In stock at capture,2026-09-25,SHIKHA Three-Wheel Mobility Set,Three yoga wheels in different sizes for varied supported stretches.,"Three yoga wheels in different sizes for varied supported stretches. Choose a wheel size to suit the pose and your range of movement. The set gives a studio more options for gentle back opening, balance work and floor practice. Start with a comfortable range and build familiarity with the prop gradually.",Proposed SHIKHA name and original marketing copy
Yoga Kuti,39238,SLANT-BOARD,Slant Board for Calf Stretch,https://www.yogikuti.com/product/slant-board-for-calf-stretch/,https://www.yogikuti.com/wp-content/uploads/2026/03/slant-board-Purple-1.jpg,Yoga Accessories,All Yoga Props > Yoga Accessories,Assigned on source,Movement Tools & Kits,Stretching & mobility tools,Movement accessories,In stock at capture,2026-09-25,SHIKHA Calf Stretch Slant Board,An angled platform for standing calf and ankle stretches.,An angled platform for standing calf and ankle stretches. Use the sloping surface to explore a measured change in foot position during warm-ups. Keep a stable support nearby and work within a comfortable range. Start with a comfortable range and build familiarity with the prop gradually.,Proposed SHIKHA name and original marketing copy
Yoga Kuti,39133,IYENGAR-YOGA-CONVENTION-KIT,Iyengar Yoga Convention Kit,https://www.yogikuti.com/product/iyengar-yoga-convention-kit/,https://www.yogikuti.com/wp-content/uploads/2026/03/Kit-C.jpg,All Yoga Props; Iyengar Yoga Props,All Yoga Props | Iyengar Yoga Props,Assigned on source,Movement Tools & Kits,Practice kits,Movement accessories,In stock at capture,2026-09-25,SHIKHA Iyengar Practice Essentials Kit,A combined prop kit for building an Iyengar-style home setup.,"A combined prop kit for building an Iyengar-style home setup. Keep the included pieces together for classes, practice sessions and workshops. Check the source listing for the exact contents before choosing a kit configuration. Start with a comfortable range and build familiarity with the prop gradually.",Proposed SHIKHA name and original marketing copy
Yoga Kuti,37215,,Jumbo Wooden Yoga Block Set 2,https://www.yogikuti.com/product/jumbo-wooden-yoga-block-set-2/,https://www.yogikuti.com/wp-content/uploads/2025/11/Jumbo-Block-Set-2.jpg,All Yoga Props; Iyengar Yoga Props; Wooden Yoga Blocks,All Yoga Props > Iyengar Yoga Props | All Yoga Props > Wooden Yoga Blocks,Assigned on source,Blocks & Wedges,Wooden & shaped blocks,Blocks & wedges,In stock at capture,2026-09-25,SHIKHA Jumbo Pine Support Blocks — Pair,"A pair of large wooden blocks for elevated, steady pose support.","A pair of large wooden blocks for elevated, steady pose support. Their generous size suits setups that need more height than a standard block. Use them to bring the floor closer in standing, seated or restorative work. Check its dimensions when matching it with other props in your kit.",Proposed SHIKHA name and original marketing copy
Yoga Kuti,36930,YOGA-POSE-FIGURINE,White Ceramic Yoga Pose Figurine,https://www.yogikuti.com/product/white-ceramic-yoga-pose-figurine/,https://www.yogikuti.com/wp-content/uploads/2025/10/Statue-A.jpg,Statue; Yogic Lifestyle,Yogic Lifestyle > Statue,Assigned on source,Lifestyle & Gifts,Yoga figurines & statues,Lifestyle & decor,In stock at capture,2026-09-25,SHIKHA Ceramic Yoga Pose Accent,A white ceramic yoga figure for a calm shelf or studio corner.,A white ceramic yoga figure for a calm shelf or studio corner. Display it alone or alongside books and other meaningful objects. The pose-inspired form adds a quiet visual reminder of practice to the room. Review the finish and dimensions to make sure it fits your intended space.,Proposed SHIKHA name and original marketing copy
Yoga Kuti,36485,Combo-Set,Jal Neti Pot Ceramic + 2pc Copper Tongue Cleaners & 2pc Sutra Neti Tubes- Combo Set,https://www.yogikuti.com/product/jal-neti-pot-copper-tongue-cleaners-2-combo-set/,https://www.yogikuti.com/wp-content/uploads/2025/09/Jal-Neti-Tongue-Cleaners-1.jpg,Other; Wellness Products; Yogic Lifestyle,Yogic Lifestyle > Other | Wellness Products,Assigned on source,Cleansing & Self-Care,Neti tools & sets,Cleansing tools,In stock at capture,2026-09-25,SHIKHA Traditional Cleansing Set,A ceramic neti pot with copper tongue cleaners and sutra neti tubes.,A ceramic neti pot with copper tongue cleaners and sutra neti tubes. This set gathers several traditional cleansing tools in one purchase. Follow qualified guidance and the care directions supplied with each item before use. Keep the item clean and follow qualified instructions for traditional cleansing methods.,Proposed SHIKHA name and original marketing copy
Yoga Kuti,36476,WALL-ROPE-PAIRS-SMALL-LONG,Yoga Wall Rope Pairs Long & Small,https://www.yogikuti.com/product/yoga-wall-rope-pairs-long-small/,https://www.yogikuti.com/wp-content/uploads/2025/09/Blue-Ropes-SmallLong.jpg,Iyengar Yoga Props,All Yoga Props > Iyengar Yoga Props,Assigned on source,"Ropes, Straps & Aerial",Wall ropes & sets,Wall yoga,In stock at capture,2026-09-25,SHIKHA Cotton Wall Rope Duo,Long and short rope pairs for an equipped yoga wall.,"Long and short rope pairs for an equipped yoga wall. The two lengths support a broader range of wall-based practice setups. Install only with suitable anchors and instruction, and check the source configuration for included hardware. Plan the wall installation and working load with a qualified professional.",Proposed SHIKHA name and original marketing copy
Yoga Kuti,36475,CERAMIC-JAL-NETI-POT,Ceramic Jal Neti Pot,https://www.yogikuti.com/product/white-ceramic-jal-neti-pot/,https://www.yogikuti.com/wp-content/uploads/2025/10/Jal-Neti-Pot-Blue-.jpg,Other; Wellness Products; Yogic Lifestyle,Yogic Lifestyle > Other | Wellness Products,Assigned on source,Cleansing & Self-Care,Neti tools & sets,Cleansing tools,In stock at capture,2026-09-25,SHIKHA Ceramic Jal Neti Pot,A ceramic pot designed for traditional jal neti practice.,"A ceramic pot designed for traditional jal neti practice. The shaped spout and handle support controlled handling during the technique. Learn the method, water preparation and cleaning routine from a qualified source before use. Keep the item clean and follow qualified instructions for traditional cleansing methods.",Proposed SHIKHA name and original marketing copy
Yoga Kuti,36330,INVERSION-SET,Iyengar Yoga Inversion Set for Hanging Sirsasana Practice,https://www.yogikuti.com/product/iyengar-yoga-inversion-set-for-hanging-sirsasana-practice/,https://www.yogikuti.com/wp-content/uploads/2025/09/Inverstion-set-1-1.jpg,Iyengar Yoga Props,All Yoga Props > Iyengar Yoga Props,Assigned on source,"Ropes, Straps & Aerial",Hanging inversion sets,Aerial & suspension,In stock at capture,2026-09-25,SHIKHA Hanging Inversion Practice Set,An adjustable support set for guided hanging Sirsasana work.,"An adjustable support set for guided hanging Sirsasana work. Designed for use in a suitably equipped Iyengar-style space, the set offers a dedicated inversion setup. Confirm mounting, load limits and instruction before practice. Use only with appropriate installation, inspection and instruction.",Proposed SHIKHA name and original marketing copy
Yoga Kuti,36329,,Folding Iyengar Yoga Chair (Removable Top Bar),https://www.yogikuti.com/product/folding-iyengar-yoga-chair-removable-top-bar/,https://www.yogikuti.com/wp-content/uploads/2025/09/Black-Chair-5.jpg,Iyengar Yoga Props; Yoga Accessories,All Yoga Props > Iyengar Yoga Props | All Yoga Props > Yoga Accessories,Assigned on source,Studio Furniture & Inversions,Yoga chairs,Studio furniture,Out of stock at capture,2026-09-25,SHIKHA Foldaway Yoga Chair,A folding practice chair with a removable top bar.,"A folding practice chair with a removable top bar. The adaptable frame supports seated work, twists and guided restorative setups. It folds for storage between sessions while the removable bar broadens positioning options. Allow enough space around the prop and follow pose-specific guidance.",Proposed SHIKHA name and original marketing copy
Yoga Kuti,36328,Iyengar Sticky Yoga Mat Set of 4,Iyengar Sticky Yoga Mat 3mm & 4.5mm (Set of 4) & Mat Carry Strap,https://www.yogikuti.com/product/sticky-yoga-mat-4pcs-mat-carry-strap/,https://www.yogikuti.com/wp-content/uploads/2025/09/sticky-mat-set-of-4.-1-1.jpg,Yoga Accessories; Yoga Mats,All Yoga Props > Yoga Accessories | All Yoga Props > Yoga Mats,Assigned on source,Mats & Towels,Practice mats & sets,Mats & towels,Out of stock at capture,2026-09-25,SHIKHA Sticky Mat Studio Four-Pack,Four 3 mm and 4.5 mm practice mats with a carry strap.,Four 3 mm and 4.5 mm practice mats with a carry strap. Stock a small class or shared studio with mats in two thicknesses. The strap keeps the set easier to transport and store between sessions. Review the source dimensions and care instructions before choosing a surface.,Proposed SHIKHA name and original marketing copy
Yoga Kuti,36327,Iyengar Sticky yoga Mat 2pcs,Iyengar Sticky Yoga Mat 3mm & 4.5mm (Set of 2) & Mat Carry Strap,https://www.yogikuti.com/product/iyengar-sticky-yoga-mat-2pcs/,https://www.yogikuti.com/wp-content/uploads/2025/09/sticky-yoga-mat-set-A-1.jpg,Yoga Accessories; Yoga Mats,All Yoga Props > Yoga Accessories | All Yoga Props > Yoga Mats,Assigned on source,Mats & Towels,Practice mats & sets,Mats & towels,In stock at capture,2026-09-25,SHIKHA Sticky Mat Practice Pair,Two 3 mm and 4.5 mm yoga mats with a carry strap.,"Two 3 mm and 4.5 mm yoga mats with a carry strap. A practical pairing for teachers, partners or alternating practice needs. Keep both thicknesses on hand and use the strap to carry them together. Review the source dimensions and care instructions before choosing a surface.",Proposed SHIKHA name and original marketing copy
Yoga Kuti,36321,FOAM-ROLLER,Bumpy Foam Roller,https://www.yogikuti.com/product/bumpy-foam-roller/,https://www.yogikuti.com/wp-content/uploads/2025/09/Blue-Foam-Roller.jpg,Bumpy Foam Roller; Yoga Accessories,All Yoga Props > Yoga Accessories > Bumpy Foam Roller,Assigned on source,Movement Tools & Kits,Stretching & mobility tools,Movement accessories,In stock at capture,2026-09-25,SHIKHA Textured Foam Roller,A bumpy roller for self-massage and movement warm-ups.,A bumpy roller for self-massage and movement warm-ups. The raised surface offers a different feel from a smooth roller. Use it gradually on comfortable areas before or after a movement session. Start with a comfortable range and build familiarity with the prop gradually.,Proposed SHIKHA name and original marketing copy
Yoga Kuti,36237,YK-SN-10PC,Sutra Neti 10pc,https://www.yogikuti.com/product/sutra-neti-10pc/,https://www.yogikuti.com/wp-content/uploads/2025/09/sutra-neti-1-1.jpg,Other; Yogic Lifestyle,Yogic Lifestyle > Other,Assigned on source,Cleansing & Self-Care,Neti tools & sets,Cleansing tools,Out of stock at capture,2026-09-25,SHIKHA Sutra Neti Tubes — Ten Pack,Ten tubes intended for traditional sutra neti practice.,Ten tubes intended for traditional sutra neti practice. This bulk pack suits an established routine or a teaching setting. The technique needs qualified instruction and careful hygiene; consult the source listing for product details. Keep the item clean and follow qualified instructions for traditional cleansing methods.,Proposed SHIKHA name and original marketing copy
Yoga Kuti,36232,YOGA-KIT-BAG,Yoga Kit Bag,https://www.yogikuti.com/product/cotton-mat-bag/,https://www.yogikuti.com/wp-content/uploads/2025/09/Yoga-Mat-Bag.jpg,Yoga Accessories; Yoga Mats,All Yoga Props > Yoga Accessories | All Yoga Props > Yoga Mats,Assigned on source,Apparel & Carry,Yoga bags,Bags & carry,In stock at capture,2026-09-25,SHIKHA Everyday Yoga Kit Bag,A carry bag for keeping practice essentials in one place.,"A carry bag for keeping practice essentials in one place. Pack a mat, clothing or smaller accessories for the trip to class. The simple format also helps keep equipment together at home. Check the dimensions against the props you most often bring to class.",Proposed SHIKHA name and original marketing copy
Yoga Kuti,36231,YK-WT-STND,Trataka Candle Stand,https://www.yogikuti.com/product/trataka-candle-stand/,https://www.yogikuti.com/wp-content/uploads/2025/09/Trataka-Stand-diya.jpg,Iyengar Yoga Props; Trataka candle Stand,All Yoga Props > Iyengar Yoga Props | Trataka candle Stand,Assigned on source,Sadhana & Ritual,Lamps & candle stands,Lifestyle & decor,In stock at capture,2026-09-25,SHIKHA Trataka Candle Stand,A dedicated stand for a candle-based focus practice.,"A dedicated stand for a candle-based focus practice. Set it on a stable, heat-safe surface at a comfortable viewing height. Its straightforward form keeps the practice space organized and uncluttered. Review the finish and dimensions to make sure it fits your intended space.",Proposed SHIKHA name and original marketing copy
Yoga Kuti,36201,,Beginner’s Bliss Yoga Mat,https://www.yogikuti.com/product/beginners-bliss-yoga-mat/,https://www.yogikuti.com/wp-content/uploads/2025/09/Bliss-yoga-mat-1.jpg,Yoga Accessories; Yoga Mats,All Yoga Props > Yoga Accessories | All Yoga Props > Yoga Mats,Assigned on source,Mats & Towels,Practice mats & sets,Mats & towels,In stock at capture,2026-09-25,SHIKHA First Practice Mat,A yoga mat designed as an approachable foundation for beginners.,"A yoga mat designed as an approachable foundation for beginners. Its textured surface gives a defined place for standing and floor poses. Roll it out for class, home practice or a short daily movement break. Review the source dimensions and care instructions before choosing a surface.",Proposed SHIKHA name and original marketing copy
Yoga Kuti,36200,,White Ceramic Yoga Figurines Set of 8 Pcs,https://www.yogikuti.com/product/yoga-pose-figurine-8pc-white/,https://www.yogikuti.com/wp-content/uploads/2025/09/2-4-2.jpg,Statue; Yogic Lifestyle,Yogic Lifestyle > Statue,Assigned on source,Lifestyle & Gifts,Yoga figurines & statues,Lifestyle & decor,Out of stock at capture,2026-09-25,SHIKHA White Yoga Figurine Collection — Eight,Eight white ceramic yoga figures for studio or home display.,"Eight white ceramic yoga figures for studio or home display. Arrange the different poses together for a small collection, or place them around a room. They are decorative objects inspired by yoga movement. Review the finish and dimensions to make sure it fits your intended space.",Proposed SHIKHA name and original marketing copy
Yoga Kuti,36199,,Black Ceramic Yoga Pose Figurine Set of 4,https://www.yogikuti.com/product/yoga-pose-figurine-4pc-black/,https://www.yogikuti.com/wp-content/uploads/2025/09/1-3-2.jpg,Statue; Yogic Lifestyle,Yogic Lifestyle > Statue,Assigned on source,Lifestyle & Gifts,Yoga figurines & statues,Lifestyle & decor,Out of stock at capture,2026-09-25,SHIKHA Black Yoga Pose Collection — Four,A set of four black ceramic figures inspired by yoga poses.,A set of four black ceramic figures inspired by yoga poses. The dark finish makes a clear statement on a light shelf or reception desk. Group them together or use each pose as an individual accent. Review the finish and dimensions to make sure it fits your intended space.,Proposed SHIKHA name and original marketing copy
Yoga Kuti,36198,,White Ceramic Yoga Pose Figurine 4pc Set- B,https://www.yogikuti.com/product/yoga-pose-figurine-4pc-white-set-b/,https://www.yogikuti.com/wp-content/uploads/2025/09/1-2-3.jpg,Statue; Yogic Lifestyle,Yogic Lifestyle > Statue,Assigned on source,Lifestyle & Gifts,Yoga figurines & statues,Lifestyle & decor,Out of stock at capture,2026-09-25,SHIKHA White Yoga Pose Quartet B,Four white ceramic yoga figures in the B assortment.,Four white ceramic yoga figures in the B assortment. This coordinated set brings a quiet practice theme to a studio shelf. Check the source images to confirm the particular poses in assortment B. Review the finish and dimensions to make sure it fits your intended space.,Proposed SHIKHA name and original marketing copy
Yoga Kuti,36197,,White Ceramic Yoga Pose Figurine 4pc Set- A,https://www.yogikuti.com/product/yoga-pose-figurine-4pc-white-set-a/,https://www.yogikuti.com/wp-content/uploads/2025/09/1-1-4.jpg,Statue; Yogic Lifestyle,Yogic Lifestyle > Statue,Assigned on source,Lifestyle & Gifts,Yoga figurines & statues,Lifestyle & decor,Out of stock at capture,2026-09-25,SHIKHA White Yoga Pose Quartet A,Four white ceramic yoga figures in the A assortment.,Four white ceramic yoga figures in the A assortment. Place the pieces as a group or across a room for a consistent look. Check the source images to confirm the particular poses in assortment A. Review the finish and dimensions to make sure it fits your intended space.,Proposed SHIKHA name and original marketing copy
Yoga Kuti,36165,,Yoga Ring,https://www.yogikuti.com/product/yoga-ring/,https://www.yogikuti.com/wp-content/uploads/2025/09/purple-7.jpg,Other Yoga Accessories; Yoga Accessories,All Yoga Props > Other Yoga Accessories | All Yoga Props > Yoga Accessories,Assigned on source,Movement Tools & Kits,Resistance rings,Movement accessories,In stock at capture,2026-09-25,SHIKHA Stretch Support Ring,A compact ring for gentle resistance and controlled mobility work.,A compact ring for gentle resistance and controlled mobility work. Bring it into seated or floor routines where a light prop helps guide position. Its small footprint makes it easy to store with other practice tools. Start with a comfortable range and build familiarity with the prop gradually.,Proposed SHIKHA name and original marketing copy
Yoga Kuti,36161,,"Yoga Girl Poses Figurine Set of 3pcs, Golden",https://www.yogikuti.com/product/yoga-girl-poses-figurine-set-of-3pcs-golden/,https://www.yogikuti.com/wp-content/uploads/2025/09/5-9.jpg,Statue; Yogic Lifestyle,Yogic Lifestyle > Statue,Assigned on source,Lifestyle & Gifts,Yoga figurines & statues,Lifestyle & decor,Out of stock at capture,2026-09-25,SHIKHA Golden Yoga Girl Trio,Three golden-finish yoga figures for a practice-inspired display.,"Three golden-finish yoga figures for a practice-inspired display. The coordinated poses suit a shelf, desk or studio reception area. They offer a decorative touch without taking up much space. Review the finish and dimensions to make sure it fits your intended space.",Proposed SHIKHA name and original marketing copy
Yoga Kuti,36127,yoga-pillow,Iyengar Yoga Pillow,https://www.yogikuti.com/product/iyengar-yoga-pillow/,https://www.yogikuti.com/wp-content/uploads/2025/09/Green-Pillow-1.jpg,Bolster & Blankets; Cotton Yoga Props,All Yoga Props > Bolster & Blankets | All Yoga Props > Cotton Yoga Props,Assigned on source,Bolsters & Soft Supports,Yoga pillows,Soft supports,In stock at capture,2026-09-25,SHIKHA Iyengar Support Pillow,A purpose-made pillow for supported Iyengar-style setups.,"A purpose-made pillow for supported Iyengar-style setups. Use it to adjust height and comfort in poses where a softer support is useful. Pair it with blankets, blocks or a chair as instructed. Arrange the support gradually and adjust the height to suit your practice.",Proposed SHIKHA name and original marketing copy
Yoga Kuti,36121,,Yoga Swing,https://www.yogikuti.com/product/pre-order-10-days-yoga-swing/,https://www.yogikuti.com/wp-content/uploads/2025/09/Pink-yoga-swing-1.jpg,All Yoga Props,All Yoga Props,Assigned on source,"Ropes, Straps & Aerial",Aerial swings & hammocks,Aerial & suspension,In stock at capture,2026-09-25,SHIKHA Suspension Yoga Swing,A hanging swing for guided suspension-based movement.,"A hanging swing for guided suspension-based movement. The fabric support creates options for supported poses and stretching. Secure installation and appropriate supervision are essential before using any suspended prop. Use only with appropriate installation, inspection and instruction.",Proposed SHIKHA name and original marketing copy
Yoga Kuti,36093,,Jal Neti Pot 3pcs,https://www.yogikuti.com/product/jal-neti-pot-3pcs/,https://www.yogikuti.com/wp-content/uploads/2025/09/jal-neti-pot-1.jpg,Other; Wellness Products; Yogic Lifestyle,Yogic Lifestyle > Other | Wellness Products,Assigned on source,Cleansing & Self-Care,Neti tools & sets,Cleansing tools,In stock at capture,2026-09-25,SHIKHA Jal Neti Pot Trio,Three neti pots for a shared or stocked practice space.,"Three neti pots for a shared or stocked practice space. Keep individual pots available for separate users or locations. Correct water preparation, hygiene and technique matter for this traditional practice. Keep the item clean and follow qualified instructions for traditional cleansing methods.",Proposed SHIKHA name and original marketing copy
Yoga Kuti,36092,tongue-cleaner-set-of-six-brass,Tongue Cleaner Brass 6pcs,https://www.yogikuti.com/product/tongue-cleaner/,https://www.yogikuti.com/wp-content/uploads/2025/09/brass-tongue-cleaner-set-6-1.jpg,Other; Wellness Products; Yogic Lifestyle,Yogic Lifestyle > Other | Wellness Products,Assigned on source,Cleansing & Self-Care,Tongue cleaners,Cleansing tools,Out of stock at capture,2026-09-25,SHIKHA Brass Tongue Cleaners — Six,Six brass tongue cleaners for a traditional daily-care routine.,Six brass tongue cleaners for a traditional daily-care routine. The multi-pack is useful for households or individual replacement needs. Clean each tool according to its care guidance and do not share personal-use items. Keep the item clean and follow qualified instructions for traditional cleansing methods.,Proposed SHIKHA name and original marketing copy
Yoga Kuti,36091,YK-EW-COT-3PC,Yoga Eye Wrap 3pc,https://www.yogikuti.com/product/yoga-eye-wrap-3pc/,https://www.yogikuti.com/wp-content/uploads/2025/09/Yogic-Life-Yoga-eye-wrap-3pc-570-x-760-px-1.jpg,All Yoga Props; Cotton Yoga Props; Meditation; Yoga Bandage,All Yoga Props > Meditation | All Yoga Props > Cotton Yoga Props > Yoga Bandage,Assigned on source,Bolsters & Soft Supports,Eye wraps & pillows,Soft supports,In stock at capture,2026-09-25,SHIKHA Eye Wrap Trio,Three soft eye wraps for quiet rest and guided relaxation.,"Three soft eye wraps for quiet rest and guided relaxation. Keep a wrap close for Savasana, restorative poses or a pause between sessions. The set works well in a small teaching space. Arrange the support gradually and adjust the height to suit your practice.",Proposed SHIKHA name and original marketing copy
Yoga Kuti,36039,,Aerial Swing Hammocks,https://www.yogikuti.com/product/aerial-swing-hammocks/,https://www.yogikuti.com/wp-content/uploads/2025/09/Blue-Swing-Kit-1.jpg,All Yoga Props,All Yoga Props,Assigned on source,"Ropes, Straps & Aerial",Aerial swings & hammocks,Aerial & suspension,In stock at capture,2026-09-25,SHIKHA Aerial Hammock Set,Fabric hammocks for an equipped aerial yoga setup.,"Fabric hammocks for an equipped aerial yoga setup. The suspended format supports a different style of guided movement. Check the source listing for quantities and hardware, and arrange safe installation before use. Use only with appropriate installation, inspection and instruction.",Proposed SHIKHA name and original marketing copy
Yoga Kuti,36036,yoga-stretching-belt,Suspension Training Stretching Belt,https://www.yogikuti.com/product/stretching-yoga-blet/,https://www.yogikuti.com/wp-content/uploads/2025/09/Stretching-belt-Website-copy.jpg,All Yoga Props; Cotton Yoga Props,All Yoga Props > Cotton Yoga Props,Assigned on source,"Ropes, Straps & Aerial",Suspension belts,Aerial & suspension,In stock at capture,2026-09-25,SHIKHA Suspension Stretch Belt,An adjustable belt for supported stretching and suspension drills.,"An adjustable belt for supported stretching and suspension drills. Use the straps to explore positioning and reach in a controlled way. Check attachment points and follow an instructor's guidance for suspended work. Use only with appropriate installation, inspection and instruction.",Proposed SHIKHA name and original marketing copy
Yoga Kuti,36035,small-viparit-dandasana-bench,Small Viparit Dandasana Bench,https://www.yogikuti.com/product/small-viparit-dandasana-bench/,https://www.yogikuti.com/wp-content/uploads/2025/09/small-viparit-dandasan-3-1.jpg,All Yoga Props; Iyengar Yoga Props,All Yoga Props > Iyengar Yoga Props,Assigned on source,Studio Furniture & Inversions,Benches & backbenders,Studio furniture,Out of stock at capture,2026-09-25,SHIKHA Compact Backbend Bench,A small Viparit Dandasana bench for supported backbend practice.,A small Viparit Dandasana bench for supported backbend practice. Its curved support gives structure to a guided pose setup without the footprint of a larger bench. Introduce the position gradually with appropriate instruction. Allow enough space around the prop and follow pose-specific guidance.,Proposed SHIKHA name and original marketing copy
Yoga Kuti,36034,YK-ST-SMALL,Iyengar Yoga Stool Small,https://www.yogikuti.com/product/yoga-stool-small/,https://www.yogikuti.com/wp-content/uploads/2025/09/yoga-stool-small-1-1.jpg,Iyengar Yoga Props,All Yoga Props > Iyengar Yoga Props,Assigned on source,Studio Furniture & Inversions,Stools & trestlers,Studio furniture,In stock at capture,2026-09-25,SHIKHA Low Iyengar Practice Stool,A small stool for elevated support in selected yoga poses.,A small stool for elevated support in selected yoga poses. The lower height is useful when a block is insufficient and a full chair is too tall. Bring it into carefully planned studio sequences. Allow enough space around the prop and follow pose-specific guidance.,Proposed SHIKHA name and original marketing copy
Yoga Kuti,36033,shoulderstand-half-set-4,Shoulderstand Half Foam Block 4pcs,https://www.yogikuti.com/product/shoulderstand-half-foam-block-set-of-four/,https://www.yogikuti.com/wp-content/uploads/2025/09/Purple-Set-4.jpg,All Yoga Props; Foam Blocks,All Yoga Props > Foam Blocks,Assigned on source,Blocks & Wedges,Foam blocks,Blocks & wedges,In stock at capture,2026-09-25,SHIKHA Half Foam Shoulderstand Supports — Four,Four half-size foam blocks for custom shoulderstand setups.,Four half-size foam blocks for custom shoulderstand setups. Combine the pieces to create a support arrangement suited to the practice. Their modular format also helps when multiple students need props. Check its dimensions when matching it with other props in your kit.,Proposed SHIKHA name and original marketing copy
Yoga Kuti,36006,shoulderstand-half-double,Shoulderstand Half Foam Block 2pcs,https://www.yogikuti.com/product/shoulderstand-half-foam-block-set-of-two/,https://www.yogikuti.com/wp-content/uploads/2025/09/Half-foamblock-purple-set-2-1.jpg,All Yoga Props; Foam Blocks,All Yoga Props > Foam Blocks,Assigned on source,Blocks & Wedges,Foam blocks,Blocks & wedges,In stock at capture,2026-09-25,SHIKHA Half Foam Shoulderstand Supports — Pair,Two half-size foam blocks for a compact shoulderstand setup.,"Two half-size foam blocks for a compact shoulderstand setup. The paired pieces allow a simple, adjustable arrangement beneath a guided pose. Store them together with blankets and other inversion props. Check its dimensions when matching it with other props in your kit.",Proposed SHIKHA name and original marketing copy
Yoga Kuti,35996,Iyengar-yoga-setubandh-bench,Yoga Wide SetuBandh Bench,https://www.yogikuti.com/product/wide-setu-bandh-yoga-bench/,https://www.yogikuti.com/wp-content/uploads/2025/09/wide-yoga-bandh-bench-1-1.jpg,All Yoga Props; Iyengar Yoga Props,All Yoga Props > Iyengar Yoga Props,Assigned on source,Studio Furniture & Inversions,Benches & backbenders,Studio furniture,In stock at capture,2026-09-25,SHIKHA Wide Setu Bandha Bench,A wide bench for supported bridge and restorative positioning.,A wide bench for supported bridge and restorative positioning. Its broader surface offers room to settle into a carefully arranged practice setup. Use with blankets or other props as advised by a teacher. Allow enough space around the prop and follow pose-specific guidance.,Proposed SHIKHA name and original marketing copy
Yoga Kuti,35995,YK-ST-TALL,Iyengar Yoga Stool Tall,https://www.yogikuti.com/product/iyengar-yoga-tall-stool/,https://www.yogikuti.com/wp-content/uploads/2025/09/yoga-stool-tall-1-2-1.jpg,Iyengar Yoga Props,All Yoga Props > Iyengar Yoga Props,Assigned on source,Studio Furniture & Inversions,Stools & trestlers,Studio furniture,In stock at capture,2026-09-25,SHIKHA Tall Iyengar Practice Stool,An elevated stool for yoga positions that call for higher support.,An elevated stool for yoga positions that call for higher support. The taller frame gives an alternative to low stools and block stacks. Use it for guided pose variations in an equipped practice space. Allow enough space around the prop and follow pose-specific guidance.,Proposed SHIKHA name and original marketing copy
Yoga Kuti,35994,yoga-stick-jointable,Yoga Stick (Jointable),https://www.yogikuti.com/product/yoga-stick-jointable/,https://www.yogikuti.com/wp-content/uploads/2025/09/Joinable-yoga-stick-1.jpg,All Yoga Props; Iyengar Yoga Props,All Yoga Props > Iyengar Yoga Props,Assigned on source,Movement Tools & Kits,Practice sticks,Movement accessories,In stock at capture,2026-09-25,SHIKHA Joinable Alignment Stick,"A jointed stick for reach, alignment and guided movement drills.","A jointed stick for reach, alignment and guided movement drills. Join the sections when a longer line is useful, then separate them for easier storage. It can serve as a visual reference in standing or seated work. Start with a comfortable range and build familiarity with the prop gradually.",Proposed SHIKHA name and original marketing copy
Yoga Kuti,35974,HALASANA-1,Halasana Box B,https://www.yogikuti.com/product/halasana-box-b/,https://www.yogikuti.com/wp-content/uploads/2025/09/halasana-box-banner.jpg,All Yoga Props; Iyengar Yoga Props,All Yoga Props > Iyengar Yoga Props,Assigned on source,Studio Furniture & Inversions,Support boxes,Studio furniture,In stock at capture,2026-09-25,SHIKHA Halasana Support Box B,A dedicated box for guided Halasana and related setups.,A dedicated box for guided Halasana and related setups. Its box shape provides a defined prop surface for instructor-led positioning. Confirm the B model's dimensions against your existing studio equipment. Allow enough space around the prop and follow pose-specific guidance.,Proposed SHIKHA name and original marketing copy
Yoga Kuti,35973,,Yoga Kit For Starters,https://www.yogikuti.com/product/yoga-kit-for-starters/,https://www.yogikuti.com/wp-content/uploads/2025/09/Yoga-Kit-1-1.jpg,All Yoga Props,All Yoga Props,Assigned on source,Movement Tools & Kits,Practice kits,Movement accessories,In stock at capture,2026-09-25,SHIKHA Starter Practice Bundle,An introductory selection of yoga props for a new routine.,An introductory selection of yoga props for a new routine. The combined kit makes it easier to begin with coordinated essentials. Check the source listing for the exact included pieces before deciding what else to add. Start with a comfortable range and build familiarity with the prop gradually.,Proposed SHIKHA name and original marketing copy
Yoga Kuti,35972,VIPARIT-KARANI-1,Viparit Karani Box B,https://www.yogikuti.com/product/viparit-karani-box-b/,https://www.yogikuti.com/wp-content/uploads/2025/09/viparit-karani-box-b-1-1.jpg,All Yoga Props; Iyengar Yoga Props,All Yoga Props > Iyengar Yoga Props,Assigned on source,Studio Furniture & Inversions,Support boxes,Studio furniture,In stock at capture,2026-09-25,SHIKHA Viparita Karani Box B,A support box for guided legs-up and restorative setups.,"A support box for guided legs-up and restorative setups. Use it with a wall, blankets or other props in a suitable sequence. Confirm the B model's fit and dimensions for your practice space. Allow enough space around the prop and follow pose-specific guidance.",Proposed SHIKHA name and original marketing copy
Yoga Kuti,35945,,Rectangular Yoga Bolster Cover,https://www.yogikuti.com/product/rectangular-yoga-bolster-cover/,https://www.yogikuti.com/wp-content/uploads/2025/09/Orange-1-2.jpg,All Yoga Props,All Yoga Props,Assigned on source,Bolsters & Soft Supports,Bolster covers,Soft supports,In stock at capture,2026-09-25,SHIKHA Rectangular Bolster Cover,A removable cover sized for a rectangular yoga bolster.,A removable cover sized for a rectangular yoga bolster. Refresh an existing bolster or keep a spare cover ready for class turnover. Check dimensions and closure details against the cushion you own. Arrange the support gradually and adjust the height to suit your practice.,Proposed SHIKHA name and original marketing copy
Yoga Kuti,35939,,Fitness Yoga Mat- 8mm,https://www.yogikuti.com/product/fitness-yoga-mat-8mm/,https://www.yogikuti.com/wp-content/uploads/2025/09/Red-Fit-Mat.jpg,Yoga Mats,All Yoga Props > Yoga Mats,Assigned on source,Mats & Towels,Practice mats & sets,Mats & towels,In stock at capture,2026-09-25,SHIKHA Fitness Mat 8 mm,A thicker yoga mat for floor-based movement and exercise.,"A thicker yoga mat for floor-based movement and exercise. The 8 mm profile provides a cushioned surface for varied routines. Check the source listing for its exact material, size and care instructions. Review the source dimensions and care instructions before choosing a surface.",Proposed SHIKHA name and original marketing copy
Yoga Kuti,35933,TPE-mat,Fitness Yoga Mat 6mm,https://www.yogikuti.com/product/fitness-yoga-mat-6mm/,https://www.yogikuti.com/wp-content/uploads/2025/09/Purple-fit-mat.jpg,Yoga Mats,All Yoga Props > Yoga Mats,Assigned on source,Mats & Towels,Practice mats & sets,Mats & towels,In stock at capture,2026-09-25,SHIKHA Fitness Mat 6 mm,A versatile 6 mm mat for yoga and everyday floor work.,"A versatile 6 mm mat for yoga and everyday floor work. It balances cushioning with a manageable roll size for transport. Unroll it for standing sequences, stretches and general fitness practice. Review the source dimensions and care instructions before choosing a surface.",Proposed SHIKHA name and original marketing copy
Yoga Kuti,35927,,Yoga Sand Bag Cover Rectangular(Capacity: 10kg),https://www.yogikuti.com/product/yoga-sand-bag-cover-rectangularcapacity-10kg/,https://www.yogikuti.com/wp-content/uploads/2025/09/Sandbag-10kg-Green-1.jpg,All Yoga Props; Other Cotton Props,All Yoga Props | Other Cotton Props,Assigned on source,Bolsters & Soft Supports,Sandbag covers,Weighted prop covers,In stock at capture,2026-09-25,SHIKHA Rectangular Sandbag Cover — 10 kg,An empty rectangular cover with a stated 10 kg filling capacity.,An empty rectangular cover with a stated 10 kg filling capacity. Fill it to a suitable level for weighted prop setups; filling is a separate decision. Check seams and closure before each use. Confirm that the filled weight and closure are suitable for your planned use.,Proposed SHIKHA name and original marketing copy
Yoga Kuti,35926,patanjali statue,Patanjali Statue Golden,https://www.yogikuti.com/product/patanjali-statue-golden/,https://www.yogikuti.com/wp-content/uploads/2025/09/patanjali-statue-3-1.jpg,Statue; Yogic Lifestyle,Yogic Lifestyle > Statue,Assigned on source,Lifestyle & Gifts,Yoga figurines & statues,Lifestyle & decor,In stock at capture,2026-09-25,SHIKHA Golden Patanjali Accent,A golden-finish Patanjali statue for a practice space.,"A golden-finish Patanjali statue for a practice space. Place it on a shelf, altar or reception counter as a decorative reference to yoga tradition. Confirm size and finish on the source listing. Review the finish and dimensions to make sure it fits your intended space.",Proposed SHIKHA name and original marketing copy
Yoga Kuti,35902,,Incense Sticks (150-165 pcs) Sugandhi,https://www.yogikuti.com/product/incense-sticks-150-165-pcs-sugandhi/,https://www.yogikuti.com/wp-content/uploads/2025/09/samadhi-150pcs.jpg,Incense Sticks; Yogic Lifestyle,Yogic Lifestyle > Incense Sticks,Assigned on source,Sadhana & Ritual,Incense & holders,Lifestyle & decor,In stock at capture,2026-09-25,SHIKHA Sugandhi Incense — 150–165 Sticks,A medium-size pack of Sugandhi incense sticks for a scented space.,"A medium-size pack of Sugandhi incense sticks for a scented space. Use with a suitable holder and good ventilation. The stated count is a range, so check the package when ordering for an event. Review the finish and dimensions to make sure it fits your intended space.",Proposed SHIKHA name and original marketing copy
Yoga Kuti,35901,large-yoga-trestler,Large Yoga Trestler,https://www.yogikuti.com/product/large-yoga-trestler/,https://www.yogikuti.com/wp-content/uploads/2025/09/yoga-trestler-large-1-1.jpg,All Yoga Props; Iyengar Yoga Props,All Yoga Props > Iyengar Yoga Props,Assigned on source,Studio Furniture & Inversions,Stools & trestlers,Studio furniture,In stock at capture,2026-09-25,SHIKHA Large Studio Trestler,A large trestler for guided balance and support work.,A large trestler for guided balance and support work. Its freestanding shape provides a clear handhold in selected standing or bending poses. Check dimensions before planning placement in a studio. Allow enough space around the prop and follow pose-specific guidance.,Proposed SHIKHA name and original marketing copy
Yoga Kuti,35899,light-on-life,Light On Life,https://www.yogikuti.com/product/light-on-life/,https://www.yogikuti.com/wp-content/uploads/2025/09/yogic-light-on-life-1.jpg,Yoga Books,Yogic Lifestyle > Yoga Books,Assigned on source,Books & Learning,Yoga books,Books & learning,Out of stock at capture,2026-09-25,Light on Life — Recommended Reading,A published yoga book for readers interested in practice beyond poses.,"A published yoga book for readers interested in practice beyond poses. This reflective title makes a thoughtful addition to a home or studio reading shelf. Keep its original title, author and edition details when offering it for sale. Check the original edition, language and publication details when choosing a copy.",Original publication title—retain author/publisher attribution
Yoga Kuti,35896,YK-STP-DB-7F-5PC,Double Buckle Yoga Strap(7ft) 5pcs,https://www.yogikuti.com/product/double-buckle-yoga-strap7ft-5pcs/,https://www.yogikuti.com/wp-content/uploads/2025/09/Double-Buckle-Strap-Website-3.jpg,All Yoga Props; Other Cotton Props,All Yoga Props | Other Cotton Props,Assigned on source,"Ropes, Straps & Aerial",Yoga straps & belts,Straps & belts,In stock at capture,2026-09-25,SHIKHA Double-Buckle Straps — Five,Five seven-foot yoga straps with double-buckle adjustment.,Five seven-foot yoga straps with double-buckle adjustment. The studio pack gives several practitioners a consistent belt option. Use the buckles to set a comfortable loop or length for guided poses. Adjust the length to the pose and keep each buckle secure before use.,Proposed SHIKHA name and original marketing copy
Yoga Kuti,35862,YK-SW-BP-S4,Solid Wooden Block 4pcs(Pine),https://www.yogikuti.com/product/solid-wooden-block-4pcs/,https://www.yogikuti.com/wp-content/uploads/2025/09/solid-block-set-4.jpg,Iyengar Yoga Props,All Yoga Props > Iyengar Yoga Props,Assigned on source,Blocks & Wedges,Wooden & shaped blocks,Blocks & wedges,In stock at capture,2026-09-25,SHIKHA Solid Pine Blocks — Four,"Four solid pine blocks for robust, elevated pose support.","Four solid pine blocks for robust, elevated pose support. A four-piece set is useful for group classes or multiple prop arrangements. The wooden build provides a firmer feel than foam. Check its dimensions when matching it with other props in your kit.",Proposed SHIKHA name and original marketing copy
Yoga Kuti,35832,,Incense Sticks(280pcs-Sugandhi) & Stand,https://www.yogikuti.com/product/incense-sticks280pcs-sugandhi-stand/,https://www.yogikuti.com/wp-content/uploads/2025/09/incense-sticks-with-stand-2-1.jpg,Incense Sticks; Yogic Lifestyle,Yogic Lifestyle > Incense Sticks,Assigned on source,Sadhana & Ritual,Incense & holders,Lifestyle & decor,In stock at capture,2026-09-25,SHIKHA Sugandhi Incense & Stand Set,A 280-stick Sugandhi incense pack with a matching stand.,A 280-stick Sugandhi incense pack with a matching stand. The bundle puts a holder and incense together for a ready-to-use scent corner. Follow the usual fire-safety and ventilation precautions. Review the finish and dimensions to make sure it fits your intended space.,Proposed SHIKHA name and original marketing copy
Yoga Kuti,35800,,Yoga Wall Ropes & Strap,https://www.yogikuti.com/product/yoga-wall-ropes-strap/,https://www.yogikuti.com/wp-content/uploads/2025/09/Red-rope-red-belt-1.jpg,All Yoga Props; Iyengar Yoga Props; Other Cotton Props,All Yoga Props > Iyengar Yoga Props | Other Cotton Props,Assigned on source,"Ropes, Straps & Aerial",Wall ropes & sets,Wall yoga,In stock at capture,2026-09-25,SHIKHA Wall Rope & Strap Set,A combined rope and strap selection for wall-based practice.,"A combined rope and strap selection for wall-based practice. Use the pieces to configure guided stretching and supported movement. Check the source listing for exact lengths, hardware and mounting requirements. Plan the wall installation and working load with a qualified professional.",Proposed SHIKHA name and original marketing copy
Yoga Kuti,35799,wooden-yoga-heart-wedge,Wooden Yoga Heart Wedge,https://www.yogikuti.com/product/wooden-yoga-heart-wedge/,https://www.yogikuti.com/wp-content/uploads/2025/09/wooden-yoga-heart-wedge-1-1.jpg,Iyengar Yoga Props,All Yoga Props > Iyengar Yoga Props,Assigned on source,Blocks & Wedges,Yoga wedges,Blocks & wedges,In stock at capture,2026-09-25,SHIKHA Wooden Heart Wedge,A shaped wooden wedge for guided upper-back support.,A shaped wooden wedge for guided upper-back support. Its contour offers a targeted prop option in supported opening poses. Position it carefully with teacher guidance and add a blanket when a softer contact point is preferred. Check its dimensions when matching it with other props in your kit.,Proposed SHIKHA name and original marketing copy
Yoga Kuti,35798,,Yoga Books Set,https://www.yogikuti.com/product/yoga-books-set/,https://www.yogikuti.com/wp-content/uploads/2025/09/yoga-book-set-1.jpg,Yoga Books,Yogic Lifestyle > Yoga Books,Assigned on source,Books & Learning,Book sets,Books & learning,Out of stock at capture,2026-09-25,Iyengar Yoga Reading Set — Original Editions,A grouped set of published yoga books for continued study.,"A grouped set of published yoga books for continued study. Bring several complementary titles together for a deeper reading routine. Check the source listing for the included books and retain each edition’s original author and publisher details. Check the original edition, language and publication details when choosing a copy.",Original publication title—retain author/publisher attribution
Yoga Kuti,35797,light on pranayama,Light on Pranayama,https://www.yogikuti.com/product/light-on-pranayama/,https://www.yogikuti.com/wp-content/uploads/2025/09/yogic-life-light-on-pranayama-1.jpg,Yoga Books,Yogic Lifestyle > Yoga Books,Assigned on source,Books & Learning,Yoga books,Books & learning,In stock at capture,2026-09-25,Light on Pranayama — Recommended Reading,A published reference focused on the study of pranayama.,"A published reference focused on the study of pranayama. Keep it close for reading between guided practice sessions. This is an original published work, with its own author and edition information. Check the original edition, language and publication details when choosing a copy.",Original publication title—retain author/publisher attribution
Yoga Kuti,35775,light on yoga sutras of patanjali,Light on the Yoga Sutras of Patanjali,https://www.yogikuti.com/product/light-on-the-yoga-sutras-of-patanjali/,https://www.yogikuti.com/wp-content/uploads/2025/09/light-on-the-yoga-sutras-of-patanjali-1-1.jpg,Yoga Books,Yogic Lifestyle > Yoga Books,Assigned on source,Books & Learning,Yoga books,Books & learning,In stock at capture,2026-09-25,Light on the Yoga Sutras of Patanjali — Recommended Reading,A published book for exploring the Yoga Sutras and their ideas.,"A published book for exploring the Yoga Sutras and their ideas. Add it to a reading collection that looks at yoga philosophy alongside physical practice. Confirm the edition and publisher details on the original listing. Check the original edition, language and publication details when choosing a copy.",Original publication title—retain author/publisher attribution
Yoga Kuti,35774,Light-on-yoga,Light On Yoga,https://www.yogikuti.com/product/light-on-yoga/,https://www.yogikuti.com/wp-content/uploads/2025/09/yogic-on-yoga-blue-1-1.jpg,Yoga Books,Yogic Lifestyle > Yoga Books,Assigned on source,Books & Learning,Yoga books,Books & learning,Out of stock at capture,2026-09-25,Light on Yoga — Recommended Reading,A classic published reference for students building a yoga library.,"A classic published reference for students building a yoga library. This book offers a longer-form companion to practical classes and home study. Select the original edition that best suits your reading needs. Check the original edition, language and publication details when choosing a copy.",Original publication title—retain author/publisher attribution
Yoga Kuti,35773,the-illustrated-light-on-yoga,The Illustrated Light On Yoga,https://www.yogikuti.com/product/the-illustrated-light-on-yoga/,https://www.yogikuti.com/wp-content/uploads/2025/09/the-Illustrated-light-on-yoga-1.jpg,Yoga Books,Yogic Lifestyle > Yoga Books,Assigned on source,Books & Learning,Yoga books,Books & learning,Out of stock at capture,2026-09-25,The Illustrated Light on Yoga — Recommended Reading,An illustrated published yoga book for a visual reference shelf.,"An illustrated published yoga book for a visual reference shelf. Browse the illustrated format alongside lessons and practice notes. Check the source listing for the edition’s exact contents and publishing details. Check the original edition, language and publication details when choosing a copy.",Original publication title—retain author/publisher attribution
Yoga Kuti,35772,,Camphor Lamp,https://www.yogikuti.com/product/camphor-lamp/,https://www.yogikuti.com/wp-content/uploads/2025/09/camphor-lamp-1-1.jpg,Incense Sticks; Yogic Lifestyle,Yogic Lifestyle > Incense Sticks,Assigned on source,Sadhana & Ritual,Lamps & candle stands,Lifestyle & decor,Out of stock at capture,2026-09-25,SHIKHA Camphor Lamp,A small lamp intended for traditional camphor use.,"A small lamp intended for traditional camphor use. Place it on a stable, heat-safe surface and follow the product's handling instructions. It can be part of a dedicated ritual corner. Review the finish and dimensions to make sure it fits your intended space.",Proposed SHIKHA name and original marketing copy
Yoga Kuti,35771,YK-SW-BP-S2,Solid Wooden Yoga Block (Pine) 2pcs,https://www.yogikuti.com/product/solid-wooden-yoga-block-pine-2pcs/,https://www.yogikuti.com/wp-content/uploads/2025/09/Solid-block-set-of-2-1.jpg,All Yoga Props; Iyengar Yoga Props; Wooden Yoga Blocks,Iyengar Yoga Props | All Yoga Props > Wooden Yoga Blocks,Assigned on source,Blocks & Wedges,Wooden & shaped blocks,Blocks & wedges,In stock at capture,2026-09-25,SHIKHA Solid Pine Blocks — Pair,Two solid wooden blocks for stable yoga support.,Two solid wooden blocks for stable yoga support. The pair helps create symmetrical height in standing and seated poses. Their firm surface is well suited to a thoughtfully equipped prop collection. Check its dimensions when matching it with other props in your kit.,Proposed SHIKHA name and original marketing copy
Yoga Kuti,35721,gulab-stick-holder,Incense Stick Holder,https://www.yogikuti.com/product/incense-stick-holder/,https://www.yogikuti.com/wp-content/uploads/2025/09/incense-stick-holder-1.jpg,Incense Sticks; Yogic Lifestyle,Yogic Lifestyle > Incense Sticks,Assigned on source,Sadhana & Ritual,Incense & holders,Lifestyle & decor,In stock at capture,2026-09-25,SHIKHA Incense Holder,A dedicated holder for incense sticks in a calm space.,A dedicated holder for incense sticks in a calm space. Keep falling ash contained while adding scent to a room. Place the holder on a suitable surface with clear space around it. Review the finish and dimensions to make sure it fits your intended space.,Proposed SHIKHA name and original marketing copy
Yoga Kuti,35717,pranayama-stick,Curvature Plank,https://www.yogikuti.com/product/curvature-plank/,https://www.yogikuti.com/wp-content/uploads/2025/09/Curvature-plank-2.jpg,Iyengar Yoga Props,All Yoga Props > Iyengar Yoga Props,Assigned on source,Studio Furniture & Inversions,Support planks,Studio furniture,In stock at capture,2026-09-25,SHIKHA Curved Support Plank,A contoured plank for guided back and posture setups.,A contoured plank for guided back and posture setups. The curved profile offers a different contact surface from a flat board. Use it within a teacher-led sequence and adjust with softer props if needed. Allow enough space around the prop and follow pose-specific guidance.,Proposed SHIKHA name and original marketing copy
Yoga Kuti,35716,shoulderstand-4,Shoulder Stand Foam Block 4pc,https://www.yogikuti.com/product/shoulder-stand-foam-block-4pc/,https://www.yogikuti.com/wp-content/uploads/2025/09/Purp-block-4.jpg,All Yoga Props; Foam Blocks; Shoulder Stand Foam Block set of 2,All Yoga Props > Foam Blocks | All Yoga Props > Yoga Blocks > Shoulder Stand Foam Block set of 2,Assigned on source,Blocks & Wedges,Foam blocks,Blocks & wedges,In stock at capture,2026-09-25,SHIKHA Full Foam Shoulderstand Blocks — Four,Four foam blocks for building supported shoulderstand arrangements.,Four foam blocks for building supported shoulderstand arrangements. The multi-pack offers flexibility for several students or a layered setup. Pair with appropriate instruction and other props where required. Check its dimensions when matching it with other props in your kit.,Proposed SHIKHA name and original marketing copy
Yoga Kuti,35714,yoga-for-everyone,Yoga For Everyone,https://www.yogikuti.com/product/yoga-for-everyone/,https://www.yogikuti.com/wp-content/uploads/2025/09/yoga-for-everyone-1.jpg,Yoga Books,Yogic Lifestyle > Yoga Books,Assigned on source,Books & Learning,Yoga books,Books & learning,In stock at capture,2026-09-25,Yoga for Everyone — Recommended Reading,A published yoga book for a broad practice reading shelf.,"A published yoga book for a broad practice reading shelf. Keep it in a collection of approachable reference titles for different stages of learning. Review its original edition details before ordering. Check the original edition, language and publication details when choosing a copy.",Original publication title—retain author/publisher attribution
Yoga Kuti,35713,yoga-for-children,Yoga for Children,https://www.yogikuti.com/product/yoga-for-children/,https://www.yogikuti.com/wp-content/uploads/2025/09/yoga-for-children-1.jpg,Yoga Books,Yogic Lifestyle > Yoga Books,Assigned on source,Books & Learning,Yoga books,Books & learning,In stock at capture,2026-09-25,Yoga for Children — Recommended Reading,A published yoga book intended for a family reading shelf.,"A published yoga book intended for a family reading shelf. Explore its age-focused material together with a parent or teacher. Confirm the edition and follow the book’s own guidance for activities. Check the original edition, language and publication details when choosing a copy.",Original publication title—retain author/publisher attribution
Yoga Kuti,35711,double-buckle-strap,Double Buckle Yoga Strap,https://www.yogikuti.com/product/yoga-strap-double-buckle-7ft/,https://www.yogikuti.com/wp-content/uploads/2025/09/Blue-Strap-DB.jpg,All Yoga Props; Other Cotton Props,All Yoga Props | Other Cotton Props,Assigned on source,"Ropes, Straps & Aerial",Yoga straps & belts,Straps & belts,In stock at capture,2026-09-25,SHIKHA Double-Buckle Yoga Strap,An adjustable yoga belt with two buckles for secure loops.,An adjustable yoga belt with two buckles for secure loops. Change the working length or create a loop to suit the pose. A versatile staple for supported stretches and alignment work. Adjust the length to the pose and keep each buckle secure before use.,Proposed SHIKHA name and original marketing copy
Yoga Kuti,35708,tongue-cleaner,Tongue Cleaner Copper 10pcs,https://www.yogikuti.com/product/tongue-cleaner-set-of-10/,https://www.yogikuti.com/wp-content/uploads/2025/09/Copper-tongue-cleaner-set-10-1.jpg,All Yoga Props; Other; Wellness Products; Yogic Lifestyle,All Yoga Props | Yogic Lifestyle > Other | Wellness Products,Assigned on source,Cleansing & Self-Care,Tongue cleaners,Cleansing tools,In stock at capture,2026-09-25,SHIKHA Copper Tongue Cleaners — Ten,A ten-piece pack of copper tongue cleaners for personal care.,A ten-piece pack of copper tongue cleaners for personal care. Keep each item assigned to one user and clean it as directed. The bulk quantity is useful when stocking a household or retail shelf. Keep the item clean and follow qualified instructions for traditional cleansing methods.,Proposed SHIKHA name and original marketing copy
Yoga Kuti,35703,YK-EW-COT-8PC,Yoga Eye Wrap 8pcs,https://www.yogikuti.com/product/yoga-eye-wrap-set-of-eight/,https://www.yogikuti.com/wp-content/uploads/2025/09/Eye-wrap-8pc1-1.jpg,All Yoga Props; Meditation,All Yoga Props > Meditation,Assigned on source,Bolsters & Soft Supports,Eye wraps & pillows,Soft supports,In stock at capture,2026-09-25,SHIKHA Eye Wraps — Eight,Eight soft wraps for a small class or restorative studio.,Eight soft wraps for a small class or restorative studio. Offer each practitioner a gentle light barrier during rest. Keep cleaning and personal-use arrangements clear when sharing a teaching space. Arrange the support gradually and adjust the height to suit your practice.,Proposed SHIKHA name and original marketing copy
Yoga Kuti,35701,,Incense Sticks 280 pcs Sugandhi,https://www.yogikuti.com/product/incense-sticks-280-pcs-sugandhi/,https://www.yogikuti.com/wp-content/uploads/2025/09/incense-sticks-5.jpg,Incense Sticks; Yogic Lifestyle,Yogic Lifestyle > Incense Sticks,Assigned on source,Sadhana & Ritual,Incense & holders,Lifestyle & decor,In stock at capture,2026-09-25,SHIKHA Sugandhi Incense — 280 Sticks,A larger pack of Sugandhi incense for a scented practice room.,A larger pack of Sugandhi incense for a scented practice room. Use it with a suitable holder on a stable surface. The generous count works well for regular use or studio replenishment. Review the finish and dimensions to make sure it fits your intended space.,Proposed SHIKHA name and original marketing copy
Yoga Kuti,35681,Incense Sticks,Incense Sticks 280 pcs Shivpriya & Amodini,https://www.yogikuti.com/product/incense-sticks-set-of-10-5-boxes-each/,https://www.yogikuti.com/wp-content/uploads/2025/09/incense-stick-1-1.jpg,Incense Sticks; Yogic Lifestyle,Yogic Lifestyle > Incense Sticks,Assigned on source,Sadhana & Ritual,Incense & holders,Lifestyle & decor,In stock at capture,2026-09-25,SHIKHA Shivpriya & Amodini Incense Duo,A 280-stick pack spanning two named incense scents.,"A 280-stick pack spanning two named incense scents. Rotate between the fragrances to vary the atmosphere in a room. Use with an appropriate holder, ventilation and routine fire care. Review the finish and dimensions to make sure it fits your intended space.",Proposed SHIKHA name and original marketing copy
Yoga Kuti,35604,,Round Bolster Cover,https://www.yogikuti.com/product/round-bolster-cover/,https://www.yogikuti.com/wp-content/uploads/2025/09/round-bolster-cover-orange-1.jpg,All Yoga Props; Bolster & Blankets; Round Yoga Bolster Cover; Yoga Bolster,All Yoga Props > Bolster & Blankets | All Yoga Props > Round Yoga Bolster Cover | All Yoga Props > Cotton Yoga Props > Yoga Bolster,Assigned on source,Bolsters & Soft Supports,Bolster covers,Soft supports,In stock at capture,2026-09-25,SHIKHA Round Bolster Slipcover,A spare cover for a round yoga bolster.,A spare cover for a round yoga bolster. Refresh the look of a frequently used cushion or keep one ready between washes. Match the cover size to your bolster before ordering. Arrange the support gradually and adjust the height to suit your practice.,Proposed SHIKHA name and original marketing copy
Yoga Kuti,35603,,Round Yoga Bolster Cover (5 Colors),https://www.yogikuti.com/product/round-bolters-cover-set-of-five/,https://www.yogikuti.com/wp-content/uploads/2025/09/round-yoga-bolster-cover-set-five-1.jpg,Round bolster cover set,All Yoga Props > Round bolster cover set,Assigned on source,Bolsters & Soft Supports,Bolster covers,Soft supports,In stock at capture,2026-09-25,SHIKHA Round Bolster Cover Colors,A round bolster cover offered in five color options.,A round bolster cover offered in five color options. Choose a shade that fits your practice room or mix colors to organize class props. Confirm size and closure against your existing bolster. Arrange the support gradually and adjust the height to suit your practice.,Proposed SHIKHA name and original marketing copy
Yoga Kuti,35598,YOGA-SHORTS-SET-OF-FIVE,Yoga Shorts Unisex Set of 5,https://www.yogikuti.com/product/yoga-shorts-unisex-set-of-five/,https://www.yogikuti.com/wp-content/uploads/2025/09/Shorts-Set-5-1.jpg,All Yoga Props; Apparels; Yoga Shorts and Pants,All Yoga Props > Apparels > Yoga Shorts and Pants,Assigned on source,Apparel & Carry,Yoga shorts,Apparel,In stock at capture,2026-09-25,SHIKHA Studio Shorts — Five Pack,Five pairs of unisex shorts for classes or studio stock.,Five pairs of unisex shorts for classes or studio stock. The multi-pack suits repeated practice sessions and simple wardrobe rotation. Consult the listing for sizing and color options. Compare the available sizes and care instructions before selecting a set.,Proposed SHIKHA name and original marketing copy
Yoga Kuti,35594,6INCH-STATUE,"Patanjali Statue, Yoga shrine – 6″ inch",https://www.yogikuti.com/product/patanjali-statue-patanjali-shrine-yoga-shrine-6-inch/,https://www.yogikuti.com/wp-content/uploads/2025/09/patanjali-6inch-black-1.jpg,Patanjali Statue 6 inch; Statue; Yogic Lifestyle,All Yoga Props > Yoga Accessories > Patanjali Statue 6 inch | Yogic Lifestyle > Statue,Assigned on source,Lifestyle & Gifts,Yoga figurines & statues,Lifestyle & decor,In stock at capture,2026-09-25,SHIKHA Patanjali Figure — Six Inch,A six-inch Patanjali statue for a shelf or practice corner.,"A six-inch Patanjali statue for a shelf or practice corner. The compact format suits a desk, altar or studio reception area. Treat it as a decorative object and check the finish before ordering. Review the finish and dimensions to make sure it fits your intended space.",Proposed SHIKHA name and original marketing copy
Yoga Kuti,35589,COLORED-COTTON-YOGA-MAT,Colored Cotton Yoga Mat,https://www.yogikuti.com/product/cotton-colored-yoga-mat/,https://www.yogikuti.com/wp-content/uploads/2025/09/Navy-Blue-with-Brown-1.jpg,Cotton Colored Yoga Mat,All Yoga Props > Yoga Mats > Cotton Colored Yoga Mat,Assigned on source,Mats & Towels,Cotton mats,Mats & towels,In stock at capture,2026-09-25,SHIKHA Colorweave Cotton Mat,A colored cotton mat for yoga and floor practice.,A colored cotton mat for yoga and floor practice. The woven surface gives a different feel from synthetic sticky mats. Fold or roll it for storage and follow the stated care instructions. Review the source dimensions and care instructions before choosing a surface.,Proposed SHIKHA name and original marketing copy
Yoga Kuti,35588,STICKY-YOGA-MAT- SET OF 3,Iyengar Sticky Yoga Mat 3mm & 4.5mm (Set of 3) & Mat Carry Strap,https://www.yogikuti.com/product/iyengar-sticky-yoga-mat-set-of-3/,https://www.yogikuti.com/wp-content/uploads/2025/09/Set-A-1.jpg,Sticky Yoga Mat set of 3,All Yoga Props > Yoga Mats > Sticky Yoga Mat set of 3,Assigned on source,Mats & Towels,Practice mats & sets,Mats & towels,In stock at capture,2026-09-25,SHIKHA Sticky Mat Studio Three-Pack,Three 3 mm and 4.5 mm mats supplied with a carry strap.,Three 3 mm and 4.5 mm mats supplied with a carry strap. Equip a small class or alternate between thicknesses. The grouped format keeps several practice surfaces together for transport. Review the source dimensions and care instructions before choosing a surface.,Proposed SHIKHA name and original marketing copy
Yoga Kuti,35587,STICKY_YOGA_MAT,Iyengar Sticky Yoga Mat 3mm & 4.5mm With Mat Carry Strap,https://www.yogikuti.com/product/iyengar-sticky-yoga-mat/,https://www.yogikuti.com/wp-content/uploads/2025/09/sticky-mat-plum-1.jpg,Iyengar Sticky Yoga Mat,All Yoga Props > Yoga Mats > Iyengar Sticky Yoga Mat,Assigned on source,Mats & Towels,Practice mats & sets,Mats & towels,In stock at capture,2026-09-25,SHIKHA Sticky Mat & Carry Strap,A yoga mat in a listed 3 mm or 4.5 mm option with a strap.,A yoga mat in a listed 3 mm or 4.5 mm option with a strap. Choose the thickness that suits your preference. The included strap makes a rolled mat easier to take to class. Review the source dimensions and care instructions before choosing a surface.,Proposed SHIKHA name and original marketing copy
Yoga Kuti,35585,PRINTED_ROUND_BOLSTER,Printed Cotton Yoga Bolster,https://www.yogikuti.com/product/printed-round-cotton-yoga-bolster/,https://www.yogikuti.com/wp-content/uploads/2025/09/Printed-bolster-blue.jpg,All Yoga Props; Bolster & Blankets; Round Bolster; Yoga Bolster,All Yoga Props > Bolster & Blankets | All Yoga Props > Cotton Yoga Props > Round Bolster | All Yoga Props > Cotton Yoga Props > Yoga Bolster,Assigned on source,Bolsters & Soft Supports,Yoga bolsters,Soft supports,In stock at capture,2026-09-25,SHIKHA Printed Cotton Bolster,A patterned cotton bolster for supported poses and seated rest.,"A patterned cotton bolster for supported poses and seated rest. The print adds personality to a prop that can stay visible in the room. Use it beneath the knees, back or seat as appropriate. Arrange the support gradually and adjust the height to suit your practice.",Proposed SHIKHA name and original marketing copy
Yoga Kuti,35584,CAMO-FOAM-BLOCK-PURPLE,Yogikuti Premium Camo Eva Foam Block,https://www.yogikuti.com/product/pune-yogikuti-premium-camo-eva-foam-block/,https://www.yogikuti.com/wp-content/uploads/2025/09/yogikuti-premium-camo-eva-foam-block-1-1.jpg,All Yoga Props; Foam Blocks,All Yoga Props > Foam Blocks,Assigned on source,Blocks & Wedges,Foam blocks,Blocks & wedges,Out of stock at capture,2026-09-25,SHIKHA Camo EVA Support Block,An EVA foam block with a camo finish for everyday pose support.,An EVA foam block with a camo finish for everyday pose support. Bring the floor closer in standing balances or seated stretches. The distinctive surface makes it easy to identify among studio props. Check its dimensions when matching it with other props in your kit.,Proposed SHIKHA name and original marketing copy
Yoga Kuti,35581,LIGHT-BLOCK-PINE-2,Light Wooden Yoga Block(Pine) 2pcs,https://www.yogikuti.com/product/light-wooden-yoga-block-set-of-two/,https://www.yogikuti.com/wp-content/uploads/2025/09/8-1.jpg,Light Wooden Yoga Block set of 2,All Yoga Props > Iyengar Yoga Props > Light Wooden Yoga Block set of 2,Assigned on source,Blocks & Wedges,Wooden & shaped blocks,Blocks & wedges,In stock at capture,2026-09-25,SHIKHA Lightweight Pine Blocks — Pair,Two lighter pine blocks for elevated support in yoga poses.,Two lighter pine blocks for elevated support in yoga poses. The pair provides even height on both sides of the body. Choose these when you prefer a wooden surface in a two-block setup. Check its dimensions when matching it with other props in your kit.,Proposed SHIKHA name and original marketing copy
Yoga Kuti,35580,PATANJALI-STATUE,"Patanjali Statue, Yoga shrine",https://www.yogikuti.com/product/patanjali-statue/,https://www.yogikuti.com/wp-content/uploads/2025/09/7inch-patanjali-1.jpg,Patanjali Statue 7 and 10 inch; Statue; Yogic Lifestyle,All Yoga Props > Yoga Accessories > Patanjali Statue 7 and 10 inch | Yogic Lifestyle > Statue,Assigned on source,Lifestyle & Gifts,Yoga figurines & statues,Lifestyle & decor,In stock at capture,2026-09-25,SHIKHA Patanjali Practice Accent,A Patanjali statue for a yoga-inspired display.,"A Patanjali statue for a yoga-inspired display. Place it on a stable shelf or dedicated practice altar. Review the source listing for exact size, finish and handling details. Review the finish and dimensions to make sure it fits your intended space.",Proposed SHIKHA name and original marketing copy
Yoga Kuti,35577,COTTON-MAT,Cotton Yoga Mat,https://www.yogikuti.com/product/100-cotton-yoga-mat/,https://www.yogikuti.com/wp-content/uploads/2025/09/Cotton-mat-Red.jpg,All Yoga Props; Yoga Mats,All Yoga Props > Yoga Mats,Assigned on source,Mats & Towels,Cotton mats,Mats & towels,In stock at capture,2026-09-25,SHIKHA Natural Cotton Practice Mat,"A cotton mat for yoga, stretching and mindful floor time.","A cotton mat for yoga, stretching and mindful floor time. Its textile feel creates a simple, foldable practice surface. Care for the fabric as directed and use on a suitable floor. Review the source dimensions and care instructions before choosing a surface.",Proposed SHIKHA name and original marketing copy
Yoga Kuti,35523,BLANKET-RECTANGULAR-BOLSTER,Yoga Blanket 2pc(Premium) & Rectangular Bolster,https://www.yogikuti.com/product/cotton-yoga-blanket-set-of-two-rectangular-yoga-bolster/,https://www.yogikuti.com/wp-content/uploads/2025/09/GreenbolsterWhiteblanket2-1.jpg,All Yoga Props; Bolster & Blankets; Cotton Yoga Props; Iyengar Yoga Blanket; Yoga Bolster,All Yoga Props > Bolster & Blankets | All Yoga Props > Cotton Yoga Props > Iyengar Yoga Blanket | All Yoga Props > Cotton Yoga Props > Yoga Bolster,Assigned on source,Bolsters & Soft Supports,Restorative sets,Soft supports,In stock at capture,2026-09-25,SHIKHA Blanket & Rectangle Bolster Set,Two premium yoga blankets with a rectangular bolster.,"Two premium yoga blankets with a rectangular bolster. Layer the blankets to fine-tune height and softness around the firmer bolster. The bundle suits supported poses, seated work and rest. Arrange the support gradually and adjust the height to suit your practice.",Proposed SHIKHA name and original marketing copy
Yoga Kuti,35493,WALL-ROPE-HOOK-SET,Yoga Wall Rope Pair & Hook Set,https://www.yogikuti.com/product/wall-rope-pair-hook-setwhite/,https://www.yogikuti.com/wp-content/uploads/2025/09/Red-rope-black-hook-1-1.jpg,Wall Rope Pair Small with Hook Set,All Yoga Props > Yoga Accessories > Wall Rope Pair Small with Hook Set,Assigned on source,"Ropes, Straps & Aerial",Wall ropes & sets,Wall yoga,In stock at capture,2026-09-25,SHIKHA Wall Rope & Hook Pair,A rope pair with corresponding wall hooks for guided practice.,"A rope pair with corresponding wall hooks for guided practice. The matched components help plan a dedicated yoga wall. Confirm the included fixings, wall type and installation requirements before use. Plan the wall installation and working load with a qualified professional.",Proposed SHIKHA name and original marketing copy
Yoga Kuti,35492,WHITE-BLANKET-SET-12,Iyengar Yoga Blanket 12pc(Premium),https://www.yogikuti.com/product/iyengar-yoga-blankets-set-of-twelve/,https://www.yogikuti.com/wp-content/uploads/2025/09/purple-2.jpg,All Yoga Props; Bolster & Blankets; Cotton Yoga Props; Iyengar Yoga Blanket,All Yoga Props > Bolster & Blankets | All Yoga Props > Cotton Yoga Props > Iyengar Yoga Blanket,Assigned on source,Bolsters & Soft Supports,Yoga blankets,Soft supports,In stock at capture,2026-09-25,SHIKHA Studio Blanket Dozen,Twelve premium Iyengar-style blankets for group practice.,"Twelve premium Iyengar-style blankets for group practice. Keep a consistent stack available for classes, workshops or teacher training. Fold, layer and position them to adjust height in supported poses. Arrange the support gradually and adjust the height to suit your practice.",Proposed SHIKHA name and original marketing copy
Yoga Kuti,35486,,Yoga Pilate Ring,https://www.yogikuti.com/product/yoga-pilates-circle-pilates-ring/,https://www.yogikuti.com/wp-content/uploads/2025/09/blue-1-min.jpg,All Yoga Props; Other Yoga Accessories,All Yoga Props > Other Yoga Accessories,Assigned on source,Movement Tools & Kits,Resistance rings,Movement accessories,In stock at capture,2026-09-25,SHIKHA Pilates Resistance Ring,A ring for controlled resistance in Pilates and movement sessions.,A ring for controlled resistance in Pilates and movement sessions. Use it between hands or legs in appropriately guided exercises. Its compact format is easy to store with mats and smaller props. Start with a comfortable range and build familiarity with the prop gradually.,Proposed SHIKHA name and original marketing copy
Yoga Kuti,35481,Sit up Yoga Trainer,Sit up trainer / Abs trainer ( Height adjustable ),https://www.yogikuti.com/product/sit-up-trainer-abs-trainer-height-adjustable/,https://www.yogikuti.com/wp-content/uploads/2025/09/sit-up-abs-trainer-1-1.jpg,Situp(Abs) Trainer,All Yoga Props > Yoga Accessories > Situp(Abs) Trainer,Assigned on source,Movement Tools & Kits,Fitness trainers,Movement accessories,In stock at capture,2026-09-25,SHIKHA Adjustable Sit-Up Trainer,A height-adjustable trainer for floor-based abdominal exercises.,A height-adjustable trainer for floor-based abdominal exercises. Set the position to fit the planned movement and check stability before use. It belongs in a broader fitness setup alongside yoga equipment. Start with a comfortable range and build familiarity with the prop gradually.,Proposed SHIKHA name and original marketing copy
Yoga Kuti,35442,YOGA-TOWEL,Yoga Towel Anti slip with grippy silicone dots,https://www.yogikuti.com/product/yoga-towel-anti-slip-with-grippy-silicone-dots/,https://www.yogikuti.com/wp-content/uploads/2025/09/yoga-towl-anit-slip-2-1.jpg,Grippy Silicone Dots Anti-Slip Towel,All Yoga Props > Yoga Accessories > Grippy Silicone Dots Anti-Slip Towel,Assigned on source,Mats & Towels,Yoga towels,Mats & towels,Out of stock at capture,2026-09-25,SHIKHA Grip-Dot Yoga Towel,A yoga towel with silicone grip dots for mat coverage.,A yoga towel with silicone grip dots for mat coverage. Place it over a mat when you want a washable layer during practice. The textured underside helps the towel stay positioned. Review the source dimensions and care instructions before choosing a surface.,Proposed SHIKHA name and original marketing copy
Yoga Kuti,35411,YOGA-BLANKET-2PC-ROUND-YOGA-BOLSTER,Yoga Blanket 2pc(Premium) & Round Yoga Bolster,https://www.yogikuti.com/product/yoga-blanket-with-yoga-bolster/,https://www.yogikuti.com/wp-content/uploads/2025/09/Orange-Bolster-Blanket-2pc-1.jpg,All Yoga Props; Bolster & Blankets; Cotton Yoga Props; Iyengar Yoga Blanket; Yoga Bolster,All Yoga Props > Bolster & Blankets | All Yoga Props > Cotton Yoga Props > Iyengar Yoga Blanket | All Yoga Props > Cotton Yoga Props > Yoga Bolster,Assigned on source,Bolsters & Soft Supports,Restorative sets,Soft supports,In stock at capture,2026-09-25,SHIKHA Blanket & Round Bolster Set,Two premium blankets paired with a round yoga bolster.,Two premium blankets paired with a round yoga bolster. Use the blankets to build a base while the bolster supports the body in seated or restorative work. A flexible pairing for guided sessions. Arrange the support gradually and adjust the height to suit your practice.,Proposed SHIKHA name and original marketing copy
Yoga Kuti,35405,GREY-04-BLANKET-BOLSTER,Yoga Blanket Grey 4pc(Premium) & Round Yoga Bolster,https://www.yogikuti.com/product/100-cotton-iyengar-yoga-blanket-set-of-four-round-bolstersingle-2/,https://www.yogikuti.com/wp-content/uploads/2025/09/Greenbolster-grey-blanket-4pc-1.jpg,All Yoga Props; Bolster & Blankets; Cotton Yoga Props; Iyengar Yoga Blanket; Yoga Bolster,All Yoga Props > Bolster & Blankets | All Yoga Props > Cotton Yoga Props > Iyengar Yoga Blanket | All Yoga Props > Cotton Yoga Props > Yoga Bolster,Assigned on source,Bolsters & Soft Supports,Restorative sets,Soft supports,Out of stock at capture,2026-09-25,SHIKHA Grey Blanket & Round Bolster Set,Four grey premium blankets and a round bolster for studio setups.,Four grey premium blankets and a round bolster for studio setups. The coordinated pieces let you layer height while keeping the room visually consistent. Useful for classes that call for multiple soft supports. Arrange the support gradually and adjust the height to suit your practice.,Proposed SHIKHA name and original marketing copy
Yoga Kuti,35404,PURPLESET-2BLANKET-1BOLSTER-1BELT(3MTR),"Purple Set- Yoga Blankets 2pc(Premium), Round Bolster & 3mtr Belt",https://www.yogikuti.com/product/purple-2-cotton-blankets-round-bolster-3mtr-belt/,https://www.yogikuti.com/wp-content/uploads/2025/09/Purple-Props-Yoga-Set-1.jpg,All Yoga Props; Bolster & Blankets; Cotton Yoga Props; Iyengar Yoga Blanket; Yoga Bolster,All Yoga Props > Bolster & Blankets | All Yoga Props > Cotton Yoga Props > Iyengar Yoga Blanket | All Yoga Props > Cotton Yoga Props > Yoga Bolster,Assigned on source,Bolsters & Soft Supports,Restorative sets,Soft supports,In stock at capture,2026-09-25,SHIKHA Purple Restorative Bundle,"Two purple blankets, a round bolster and a three-meter belt.","Two purple blankets, a round bolster and a three-meter belt. The soft supports and longer strap cover several common restorative arrangements. Keep the pieces together as a ready-to-use practice kit. Arrange the support gradually and adjust the height to suit your practice.",Proposed SHIKHA name and original marketing copy
Yoga Kuti,35376,BAMBOO-BLOCK-04,Bamboo Wooden Yoga Block 4pcs,https://www.yogikuti.com/product/yogikuti-bamboo-wooden-yoga-block-set-of-four/,https://www.yogikuti.com/wp-content/uploads/2025/09/bamboo-block-set-of-4-1.jpg,Wooden Yoga Block set of 4,All Yoga Props > Iyengar Yoga Props > Wooden Yoga Block set of 4,Assigned on source,Blocks & Wedges,Bamboo blocks,Blocks & wedges,In stock at capture,2026-09-25,SHIKHA Bamboo Blocks — Four,"Four bamboo blocks for firm, elevated pose support.","Four bamboo blocks for firm, elevated pose support. Use the set across a small class or arrange several levels of support in one practice. The bamboo finish gives the props a warm studio look. Check its dimensions when matching it with other props in your kit.",Proposed SHIKHA name and original marketing copy
Yoga Kuti,35370,4-BLANKETS-BOLSTER,Yoga Blanket 4pcs(Premium) & Round Yoga Bolster,https://www.yogikuti.com/product/iyengar-yoga-blanket-set-of-four-with-round-bolster/,https://www.yogikuti.com/wp-content/uploads/2025/09/Greenbolster-Beigeblanket-4pc-1.jpg,All Yoga Props; Bolster & Blankets; Cotton Yoga Props; Iyengar Yoga Blanket; Yoga Bolster,All Yoga Props > Bolster & Blankets | All Yoga Props > Cotton Yoga Props > Iyengar Yoga Blanket | All Yoga Props > Cotton Yoga Props > Yoga Bolster,Assigned on source,Bolsters & Soft Supports,Restorative sets,Soft supports,In stock at capture,2026-09-25,SHIKHA Blanket Quartet & Round Bolster,Four premium blankets with one round yoga bolster.,"Four premium blankets with one round yoga bolster. Stack the blankets to adjust height, then place the bolster where broad, softer support helps. A practical kit for guided restorative sessions. Arrange the support gradually and adjust the height to suit your practice.",Proposed SHIKHA name and original marketing copy
Yoga Kuti,35366,2-WALLROPES-2-HOOKSET,"Yoga Wall Ropes 2pairs (Long & Small), 2pairs Wall Hooks Set",https://www.yogikuti.com/product/2-wall-yoga-ropes-pair-setlong-small-2-hookset/,https://www.yogikuti.com/wp-content/uploads/2025/09/Blue-Ropes-SmallLong-copy.jpg,All Yoga Props; Iyengar Yoga Props,All Yoga Props > Iyengar Yoga Props,Assigned on source,"Ropes, Straps & Aerial",Wall ropes & sets,Wall yoga,In stock at capture,2026-09-25,SHIKHA Complete Wall Rope Station,Two long and short rope pairs with two pairs of wall hooks.,"Two long and short rope pairs with two pairs of wall hooks. The bundle brings together the main parts for a dedicated rope area. Check wall suitability, fixings and load guidance with a qualified installer. Plan the wall installation and working load with a qualified professional.",Proposed SHIKHA name and original marketing copy
Yoga Kuti,35331,COTTON-BLANKETS-SET-5,Yoga Blanket Set of 5pc(Premium),https://www.yogikuti.com/product/iyengar-cotton-best-yoga-blanket-set-of-five/,https://www.yogikuti.com/wp-content/uploads/2025/09/Blanket-Sets-Website-1.jpg,All Yoga Props; Bolster & Blankets; Cotton Yoga Props; Iyengar Yoga Blanket,All Yoga Props > Bolster & Blankets | All Yoga Props > Cotton Yoga Props > Iyengar Yoga Blanket,Assigned on source,Bolsters & Soft Supports,Yoga blankets,Soft supports,In stock at capture,2026-09-25,SHIKHA Premium Blanket Five-Pack,Five yoga blankets for flexible prop layering.,Five yoga blankets for flexible prop layering. Fold one for a seat or stack several for added height. The set suits a teacher's kit or an expanding home collection. Arrange the support gradually and adjust the height to suit your practice.,Proposed SHIKHA name and original marketing copy
Yoga Kuti,35328,TALL-METAL-CHAIR,Iyengar Yoga Chair Tall,https://www.yogikuti.com/product/iyengar-yoga-tall-chair/,https://www.yogikuti.com/wp-content/uploads/2025/09/Untitled-design-8-1.jpg,Chair; Iyengar Yoga Props,All Yoga Props > Yoga Accessories > Chair | All Yoga Props > Iyengar Yoga Props,Assigned on source,Studio Furniture & Inversions,Yoga chairs,Studio furniture,Out of stock at capture,2026-09-25,SHIKHA Tall Studio Yoga Chair,A taller chair for guided Iyengar-style pose variations.,"A taller chair for guided Iyengar-style pose variations. The higher frame creates options for supported twists, backbends and restorative setups. Check the chair's dimensions against your usual props. Allow enough space around the prop and follow pose-specific guidance.",Proposed SHIKHA name and original marketing copy
Yoga Kuti,35327,BLANKET-02,Yoga Blanket Set of Two(Premium),https://www.yogikuti.com/product/iyengar-cotton-yoga-blanket-set-of-two/,https://www.yogikuti.com/wp-content/uploads/2025/09/orange-Blanket-Set-2.jpg,All Yoga Props; Bolster & Blankets; Cotton Yoga Props; Iyengar Yoga Blanket,All Yoga Props > Bolster & Blankets | All Yoga Props > Cotton Yoga Props > Iyengar Yoga Blanket,Assigned on source,Bolsters & Soft Supports,Yoga blankets,Soft supports,In stock at capture,2026-09-25,SHIKHA Premium Blanket Pair,Two yoga blankets for adaptable cushioning and height.,"Two yoga blankets for adaptable cushioning and height. Keep a matched pair available for folded support beneath a seat, shoulders or knees. Easy to combine with bolsters and blocks. Arrange the support gradually and adjust the height to suit your practice.",Proposed SHIKHA name and original marketing copy
Yoga Kuti,35317,HAMMOCK,Yoga Aerial Hammock,https://www.yogikuti.com/product/yogikuti-yoga-aerial-hammock/,https://www.yogikuti.com/wp-content/uploads/2025/09/purple-hammock-1-1.jpg,All Yoga Props; Yoga Aerial Hammock,All Yoga Props > Yoga Accessories > Yoga Aerial Hammock,Assigned on source,"Ropes, Straps & Aerial",Aerial swings & hammocks,Aerial & suspension,In stock at capture,2026-09-25,SHIKHA Aerial Yoga Hammock,A fabric hammock for supervised aerial yoga practice.,"A fabric hammock for supervised aerial yoga practice. The suspended fabric supports a range of instructor-led movement. Installation, anchor capacity and condition checks are essential before every session. Use only with appropriate installation, inspection and instruction.",Proposed SHIKHA name and original marketing copy
Yoga Kuti,35312,YOGASTRAP-SET-4,Yoga Strap Set of Five,https://www.yogikuti.com/product/premium-yoga-strap-set-of-five-colors/,https://www.yogikuti.com/wp-content/uploads/2025/09/Strap-Website-.jpg,All Yoga Props; Bolster & Blankets; Other Cotton Props; Premium Yoga Strap set of 4 colors,All Yoga Props > Bolster & Blankets | Other Cotton Props | All Yoga Props > Yoga Accessories > Premium Yoga Strap set of 4 colors,Assigned on source,"Ropes, Straps & Aerial",Yoga straps & belts,Straps & belts,In stock at capture,2026-09-25,SHIKHA Studio Strap Five-Pack,Five yoga straps for shared class equipment.,Five yoga straps for shared class equipment. A consistent set helps teachers prepare repeated prop arrangements. Adjust each belt to the practitioner's reach and the pose being taught. Adjust the length to the pose and keep each buckle secure before use.,Proposed SHIKHA name and original marketing copy
Yoga Kuti,35093,SHORTS-SET-1,Yoga Shorts Unisex (Set of Three Colors),https://www.yogikuti.com/product/pune-yoga-short-unisex-set-of-thre-all-colors/,https://www.yogikuti.com/wp-content/uploads/2025/09/Shorts-3-Set-A-1.jpg,All Yoga Props; Apparels; Yoga Shorts and Pants,All Yoga Props > Apparels > Yoga Shorts and Pants,Assigned on source,Apparel & Carry,Yoga shorts,Apparel,In stock at capture,2026-09-25,SHIKHA Studio Shorts — Three Colors,A three-color set of unisex yoga shorts.,A three-color set of unisex yoga shorts. Rotate through the colors for regular classes or pack them for travel. Check the original size chart and fabric details before purchase. Compare the available sizes and care instructions before selecting a set.,Proposed SHIKHA name and original marketing copy
Yoga Kuti,35041,EYE-PILLOW-1,Eye Pillow,https://www.yogikuti.com/product/cotton-eye-pillow-grey/,https://www.yogikuti.com/wp-content/uploads/2025/09/Purple-Eye-Pillow.jpg,Cotton Eye Pillow; Meditation,All Yoga Props > Cotton Yoga Props > Cotton Eye Pillow | All Yoga Props > Meditation,Assigned on source,Bolsters & Soft Supports,Eye wraps & pillows,Soft supports,In stock at capture,2026-09-25,SHIKHA Rest Eye Pillow,A soft eye pillow for quiet moments at the end of practice.,A soft eye pillow for quiet moments at the end of practice. Place it gently over closed eyes during rest or guided relaxation. Keep it clean and reserve it for personal use. Arrange the support gradually and adjust the height to suit your practice.,Proposed SHIKHA name and original marketing copy
Yoga Kuti,35040,Cotton Yoga Blanket Set 10,Iyengar Yoga Blanket 10pc(Premium),https://www.yogikuti.com/product/iyengar-100-cotton-yoga-blankets-set-of-ten/,https://www.yogikuti.com/wp-content/uploads/2025/09/Orange-blanket-10-1-1.jpg,All Yoga Props; Bolster & Blankets; Cotton Yoga Props; Iyengar Yoga Blanket,All Yoga Props > Bolster & Blankets | All Yoga Props > Cotton Yoga Props > Iyengar Yoga Blanket,Assigned on source,Bolsters & Soft Supports,Yoga blankets,Soft supports,In stock at capture,2026-09-25,SHIKHA Premium Blanket Ten-Pack,Ten Iyengar-style blankets for a well-stocked practice room.,Ten Iyengar-style blankets for a well-stocked practice room. Build consistent support stations for a group or workshop. The quantity makes it easier to teach poses that use several folded layers. Arrange the support gradually and adjust the height to suit your practice.,Proposed SHIKHA name and original marketing copy
Yoga Kuti,35039,Cork yoga mat,Cork Rubber Yoga Mat & Mat Carry Strap,https://www.yogikuti.com/product/buy-cork-rubber-yoga-mat-4mm-online-natural-rubber-yoga-mat-yogikuti/,https://www.yogikuti.com/wp-content/uploads/2025/09/Cork-Mat-website.jpg,Cork Rubber Yoga Mat,All Yoga Props > Yoga Mats > Cork Rubber Yoga Mat,Assigned on source,Mats & Towels,Practice mats & sets,Mats & towels,Out of stock at capture,2026-09-25,SHIKHA Cork-Rubber Mat & Strap,A cork-surface yoga mat with a rubber layer and carry strap.,A cork-surface yoga mat with a rubber layer and carry strap. The combination gives a natural-looking practice surface with convenient transport. Check the source listing for dimensions and care instructions. Review the source dimensions and care instructions before choosing a surface.,Proposed SHIKHA name and original marketing copy
Yoga Kuti,35016,YK-MEDITATION-BENCH,Foldable Meditation Bench with Cushion,https://www.yogikuti.com/product/yogikuti-yoga-meditation-bench/,https://www.yogikuti.com/wp-content/uploads/2025/09/PURP-MED-BENCH.jpg,Meditation; Wellness Products; Yoga Meditation Bench,All Yoga Props > Meditation | Wellness Products | All Yoga Props > Iyengar Yoga Props > Yoga Meditation Bench,Assigned on source,Studio Furniture & Inversions,Meditation benches,Studio furniture,In stock at capture,2026-09-25,SHIKHA Folding Meditation Bench,A foldable bench with a cushion for seated meditation.,A foldable bench with a cushion for seated meditation. The raised seat offers an alternative to sitting directly on the floor. Fold it away after a session or bring it to a retreat. Allow enough space around the prop and follow pose-specific guidance.,Proposed SHIKHA name and original marketing copy
Yoga Kuti,35015,CORK-BLOCK-STANDARD,Yoga Cork Block (Standard),https://www.yogikuti.com/product/yogikuti-yoga-cork-block-standard/,https://www.yogikuti.com/wp-content/uploads/2025/09/Cork-Block-Stand.jpg,Yoga Crock Block,All Yoga Props > Yoga Blocks > Yoga Crock Block,Assigned on source,Blocks & Wedges,Cork blocks,Blocks & wedges,In stock at capture,2026-09-25,SHIKHA Standard Cork Block,A cork block for comfortable height in yoga poses.,"A cork block for comfortable height in yoga poses. Use it under a hand, seat or other supported contact point as appropriate. The standard size works across many everyday prop arrangements. Check its dimensions when matching it with other props in your kit.",Proposed SHIKHA name and original marketing copy
Yoga Kuti,35014,YK-WB-LT-BB-2PC,Bamboo Yoga Block Set of 2,https://www.yogikuti.com/product/yogikuti-bamboo-wooden-yoga-block-set-of-two/,https://www.yogikuti.com/wp-content/uploads/2025/09/bamboo-block-set-of-2-2-2.jpg,Wooden Yoga Block set of 2,All Yoga Props > Iyengar Yoga Props > Wooden Yoga Block set of 2,Assigned on source,Blocks & Wedges,Bamboo blocks,Blocks & wedges,In stock at capture,2026-09-25,SHIKHA Bamboo Support Blocks — Pair,Two bamboo blocks for balanced height in pose variations.,Two bamboo blocks for balanced height in pose variations. Place one on each side in standing or seated work. The paired format is convenient for symmetrical supported setups. Check its dimensions when matching it with other props in your kit.,Proposed SHIKHA name and original marketing copy
Yoga Kuti,35013,Bamboo Wooden Block,Bamboo Yoga Block,https://www.yogikuti.com/product/yogikuti-bamboo-wooden-yoga-block/,https://www.yogikuti.com/wp-content/uploads/2025/09/Bamboo-Block-Single-2-1.jpg,Bamboo Wooden Yoga Block; Iyengar Yoga Props,All Yoga Props > Yoga Blocks > Bamboo Wooden Yoga Block | All Yoga Props > Iyengar Yoga Props,Assigned on source,Blocks & Wedges,Bamboo blocks,Blocks & wedges,In stock at capture,2026-09-25,SHIKHA Single Bamboo Support Block,One bamboo block for targeted pose support.,One bamboo block for targeted pose support. Use it when just one side needs extra height or to extend the reach of a hand. Add a second block later if your practice calls for a pair. Check its dimensions when matching it with other props in your kit.,Proposed SHIKHA name and original marketing copy
Yoga Kuti,34990,WALL-HOOK-SET,Yogikuti Yoga Wall Hook Set (2pair),https://www.yogikuti.com/product/yoga-wall-hook-set/,https://www.yogikuti.com/wp-content/uploads/2025/09/Black-Hooks.jpg,Yoga Wall Hook Set,All Yoga Props > Yoga Accessories > Yoga Wall Hook Set,Assigned on source,"Ropes, Straps & Aerial",Wall hooks,Wall yoga,In stock at capture,2026-09-25,SHIKHA Yoga Wall Hook Kit,Two pairs of hooks for a planned wall-rope installation.,"Two pairs of hooks for a planned wall-rope installation. The hardware set supports a multi-point wall setup when installed correctly. Confirm compatibility with ropes, wall material and intended loads. Plan the wall installation and working load with a qualified professional.",Proposed SHIKHA name and original marketing copy
Yoga Kuti,34989,SHORTS-SET-OF-SEVEN,Yoga ShortS Unisex (Set of Seven Colors),https://www.yogikuti.com/product/pune-yoga-short-unisex-set-of-seven-all-colors/,https://www.yogikuti.com/wp-content/uploads/2025/09/Shorts-Set-of-7-1.jpg,All Yoga Props; Apparels,All Yoga Props > Apparels,Assigned on source,Apparel & Carry,Yoga shorts,Apparel,In stock at capture,2026-09-25,SHIKHA Studio Shorts — Seven Colors,Seven unisex shorts in assorted colors for regular practice.,Seven unisex shorts in assorted colors for regular practice. The larger set supports wardrobe rotation or a coordinated group purchase. Use the source size guide to select the right fit. Compare the available sizes and care instructions before selecting a set.,Proposed SHIKHA name and original marketing copy
Yoga Kuti,34988,YOGA-SHORTS-UNISEX,Yoga Shorts Unisex,https://www.yogikuti.com/product/best-quality-organic-yoga-shorts-pune-yoga-shorts-unisex/,https://www.yogikuti.com/wp-content/uploads/2025/09/Yoga-Shorts-Blue-1.jpg,All Yoga Props; Apparels,All Yoga Props > Apparels,Assigned on source,Apparel & Carry,Yoga shorts,Apparel,In stock at capture,2026-09-25,SHIKHA Everyday Practice Shorts,"Unisex shorts for yoga, movement and relaxed studio wear.","Unisex shorts for yoga, movement and relaxed studio wear. The simple design can move between class and casual use. Check fabric, sizing and color availability on the original listing. Compare the available sizes and care instructions before selecting a set.",Proposed SHIKHA name and original marketing copy
Yoga Kuti,34964,,Yogikuti Yoga Stick Thick,https://www.yogikuti.com/product/yogikuti-yoga-stick-big/,https://www.yogikuti.com/wp-content/uploads/2025/09/Yoga-stick-Thick-1.jpg,Yoga Stick Thick,All Yoga Props > Iyengar Yoga Props > Yoga Stick Thick,Assigned on source,Movement Tools & Kits,Practice sticks,Movement accessories,In stock at capture,2026-09-25,SHIKHA Thick Alignment Stick,A thicker stick for guided reach and alignment exercises.,A thicker stick for guided reach and alignment exercises. Its wider grip gives a different feel from a slender practice stick. Use it as a visual line in standing or seated movement. Start with a comfortable range and build familiarity with the prop gradually.,Proposed SHIKHA name and original marketing copy
Yoga Kuti,34937,CHUMBAL-SET,Yoga Chumbals Set (Donuts),https://www.yogikuti.com/product/yoga-chumbals-set-donuts/,https://www.yogikuti.com/wp-content/uploads/2025/09/chumbal-set-purple-1.jpg,All Yoga Props; Other Cotton Props; Yoga Chumbal Set (Yoga Donuts),Other Cotton Props | All Yoga Props > Yoga Accessories > Yoga Chumbal Set (Yoga Donuts),Assigned on source,Bolsters & Soft Supports,Other soft supports,Soft supports,In stock at capture,2026-09-25,SHIKHA Yoga Chumbal Donut Supports,A set of donut-shaped supports for focused prop arrangements.,A set of donut-shaped supports for focused prop arrangements. The ring form can create a cushioned space around a contact point. Follow pose-specific guidance when positioning them beneath the body. Arrange the support gradually and adjust the height to suit your practice.,Proposed SHIKHA name and original marketing copy
Yoga Kuti,34936,SB-GREEN-2,Yoga Sand Bag Cover Square (Capacity-5kg),https://www.yogikuti.com/product/yoga-sand-bag-cover-square-green/,https://www.yogikuti.com/wp-content/uploads/2025/09/sanbag-cover-square-Purple-1.jpg,All Yoga Props; Bolster & Blankets; Other Cotton Props; Square Sand Bag Cover; Yoga Accessories,All Yoga Props > Bolster & Blankets | Other Cotton Props | All Yoga Props > Cotton Yoga Props > Sand Bags Cover > Square Sand Bag Cover | All Yoga Props > Yoga Accessories,Assigned on source,Bolsters & Soft Supports,Sandbag covers,Weighted prop covers,In stock at capture,2026-09-25,SHIKHA Square Sandbag Cover — 5 kg,An empty square cover with a stated five-kilogram capacity.,An empty square cover with a stated five-kilogram capacity. Fill to a suitable level for weighted prop use and secure the closure. Its compact shape suits smaller support arrangements. Confirm that the filled weight and closure are suitable for your planned use.,Proposed SHIKHA name and original marketing copy
Yoga Kuti,34909,YOGA-SANDBAG-COVER,Yoga Sand Bag Cover Rectangular (Capacity-5kg),https://www.yogikuti.com/product/yoga-sand-bag-cover-rectangular-orange/,https://www.yogikuti.com/wp-content/uploads/2025/09/Blue-sandbag-1.jpg,All Yoga Props; Bolster & Blankets; Other Cotton Props; Rectangular Sand Bag Cover; Yoga Accessories,All Yoga Props > Bolster & Blankets | Other Cotton Props | All Yoga Props > Cotton Yoga Props > Sand Bags Cover > Rectangular Sand Bag Cover | All Yoga Props > Yoga Accessories,Assigned on source,Bolsters & Soft Supports,Sandbag covers,Weighted prop covers,In stock at capture,2026-09-25,SHIKHA Rectangle Sandbag Cover — 5 kg,An empty rectangular cover with a stated five-kilogram capacity.,"An empty rectangular cover with a stated five-kilogram capacity. Add your chosen fill separately, then check the seams and closure. The long shape can span a broader contact area than a square cover. Confirm that the filled weight and closure are suitable for your planned use.",Proposed SHIKHA name and original marketing copy
Yoga Kuti,34908,STRAP-3MTR,Yoga Strap 7ft & 9ft,https://www.yogikuti.com/product/premuim-color-yoga-strap-9ft-blue/,https://www.yogikuti.com/wp-content/uploads/2025/09/Strap-Purple.jpg,All Yoga Props; Bolster & Blankets; Other Cotton Props; Premium Color Yoga Strap 7 and 9 ft,All Yoga Props > Bolster & Blankets | Other Cotton Props | All Yoga Props > Yoga Accessories > Premium Color Yoga Strap 7 and 9 ft,Assigned on source,"Ropes, Straps & Aerial",Yoga straps & belts,Straps & belts,In stock at capture,2026-09-25,SHIKHA Adjustable Yoga Strap Lengths,Yoga straps offered in seven- and nine-foot lengths.,Yoga straps offered in seven- and nine-foot lengths. Choose the length that fits the pose and your reach. A belt can extend an arm line or help maintain a supported position. Adjust the length to the pose and keep each buckle secure before use.,Proposed SHIKHA name and original marketing copy
Yoga Kuti,34886,WHEEL,Yoga Wheel,https://www.yogikuti.com/product/yoga-wheel/,https://www.yogikuti.com/wp-content/uploads/2025/09/yoga-wheel-black-purple-1-1.jpg,All Yoga Props; Other Yoga Accessories; Yoga Wheel,All Yoga Props > Other Yoga Accessories | All Yoga Props > Yoga Accessories > Yoga Wheel,Assigned on source,Movement Tools & Kits,Yoga wheels,Movement accessories,Out of stock at capture,2026-09-25,SHIKHA Flow Yoga Wheel,A yoga wheel for supported movement and stretch exploration.,A yoga wheel for supported movement and stretch exploration. The round shape gives a rolling surface for carefully controlled sequences. Start gently and use it where balance and positioning feel secure. Start with a comfortable range and build familiarity with the prop gradually.,Proposed SHIKHA name and original marketing copy
Yoga Kuti,34885,PRANAYAMA-PILLOW,Pranayama Pillow,https://www.yogikuti.com/product/pranayama-pillow-purple/,https://www.yogikuti.com/wp-content/uploads/2025/09/pranayama-pillow-green-1.jpg,All Yoga Props; Bolster & Blankets; Meditation; Pranayam Pillow,All Yoga Props > Bolster & Blankets | All Yoga Props > Meditation | All Yoga Props > Cotton Yoga Props > Pranayam Pillow,Assigned on source,Bolsters & Soft Supports,Yoga pillows,Soft supports,In stock at capture,2026-09-25,SHIKHA Pranayama Support Pillow,A slim pillow for supported breathing and seated practice.,A slim pillow for supported breathing and seated practice. Position it to create a comfortable base for an instructor-guided pranayama setup. The compact shape is easy to pair with a blanket. Arrange the support gradually and adjust the height to suit your practice.,Proposed SHIKHA name and original marketing copy
Yoga Kuti,34862,YK-SW-BP-1P,Solid Wooden Yoga Block (Pine),https://www.yogikuti.com/product/solid-wooden-yoga-block/,https://www.yogikuti.com/wp-content/uploads/2025/09/Solid-Block-single-1.jpg,Iyengar Yoga Props,All Yoga Props > Iyengar Yoga Props,Assigned on source,Blocks & Wedges,Wooden & shaped blocks,Blocks & wedges,In stock at capture,2026-09-25,SHIKHA Solid Pine Yoga Block,A single sturdy pine block for elevated support.,A single sturdy pine block for elevated support. Use it beneath a hand or seat to adjust your distance from the floor. Its firm wooden feel differs from a compressible foam block. Check its dimensions when matching it with other props in your kit.,Proposed SHIKHA name and original marketing copy
Yoga Kuti,34861,COTTON-BLANKET-SET-4,Yoga Blankets 4pc(Premium),https://www.yogikuti.com/product/iyengar-100-cotton-yoga-blanket-set-of-four/,https://www.yogikuti.com/wp-content/uploads/2025/09/BLA-PURPLE-SET4.jpg,All Yoga Props; Bolster & Blankets; Cotton Yoga Props; Iyengar Yoga Blanket,All Yoga Props > Bolster & Blankets | All Yoga Props > Cotton Yoga Props > Iyengar Yoga Blanket,Assigned on source,Bolsters & Soft Supports,Yoga blankets,Soft supports,In stock at capture,2026-09-25,SHIKHA Premium Blanket Quartet,"Four yoga blankets for folded, layered pose support.","Four yoga blankets for folded, layered pose support. Vary the number of folds and layers to find the right height in a guided setup. The set covers more arrangements than one blanket alone. Arrange the support gradually and adjust the height to suit your practice.",Proposed SHIKHA name and original marketing copy
Yoga Kuti,34860,ROUND-BOLSTER,Round Yoga Bolster,https://www.yogikuti.com/product/round-yoga-bolster/,https://www.yogikuti.com/wp-content/uploads/2025/09/Green-5.jpg,Bolster & Blankets; Round Bolster; Yoga Bolster,All Yoga Props > Bolster & Blankets | All Yoga Props > Cotton Yoga Props > Round Bolster | All Yoga Props > Cotton Yoga Props > Yoga Bolster,Assigned on source,Bolsters & Soft Supports,Yoga bolsters,Soft supports,In stock at capture,2026-09-25,SHIKHA Round Restorative Bolster,A round bolster for broad support in yoga and rest.,"A round bolster for broad support in yoga and rest. Position it beneath the back, knees or seat as the pose requires. Its cylindrical profile works well with stacked blankets. Arrange the support gradually and adjust the height to suit your practice.",Proposed SHIKHA name and original marketing copy
Yoga Kuti,34859,TOESEPARATOR-MED,Yoga Toe Separator,https://www.yogikuti.com/product/yoga-toe-separator/,https://www.yogikuti.com/wp-content/uploads/2025/09/yoga-toe-seperator-1-1.jpg,All Yoga Props; Other Yoga Accessories; Toe Separator,All Yoga Props > Other Yoga Accessories | All Yoga Props > Yoga Accessories > Toe Separator,Assigned on source,Cleansing & Self-Care,Toe separators,Cleansing tools,In stock at capture,2026-09-25,SHIKHA Yoga Toe Spacers,Toe separators for gentle spacing during a personal-care routine.,Toe separators for gentle spacing during a personal-care routine. Use them while seated and remove them if they feel uncomfortable. Check the material and cleaning guidance on the original product page. Keep the item clean and follow qualified instructions for traditional cleansing methods.,Proposed SHIKHA name and original marketing copy
Yoga Kuti,34858,SHOULDER-FOAM-PAIR,Shoulderstand Foam Block 2pc,https://www.yogikuti.com/product/shoulderstand-foam-block-set-of-two/,https://www.yogikuti.com/wp-content/uploads/2025/09/Blue-2-1.jpg,All Yoga Props; Foam Blocks; Shoulder Stand Foam Block set of 2,All Yoga Props > Foam Blocks | All Yoga Props > Yoga Blocks > Shoulder Stand Foam Block set of 2,Assigned on source,Blocks & Wedges,Foam blocks,Blocks & wedges,In stock at capture,2026-09-25,SHIKHA Foam Shoulderstand Blocks — Pair,Two foam blocks for a paired shoulderstand support arrangement.,Two foam blocks for a paired shoulderstand support arrangement. Bring the pieces together or space them as instructed for a specific pose. They are one part of a properly guided inversion setup. Check its dimensions when matching it with other props in your kit.,Proposed SHIKHA name and original marketing copy
Yoga Kuti,34857,YK-BN-VIPARIT-DAND,Yoga Viparit Dandasan Bench (Large Backbender),https://www.yogikuti.com/product/yoga-viparit-dandasan-bench-large-backbender/,https://www.yogikuti.com/wp-content/uploads/2025/09/2-7.jpg,All Yoga Props; Iyengar Yoga Props; Viparit Dandasan,Iyengar Yoga Props | All Yoga Props > Iyengar Yoga Props > Viparit Dandasan,Assigned on source,Studio Furniture & Inversions,Benches & backbenders,Studio furniture,In stock at capture,2026-09-25,SHIKHA Large Backbend Bench,A large Viparit Dandasana bench for supported backbend work.,A large Viparit Dandasana bench for supported backbend work. The extended frame provides a defined surface for carefully positioned practice. Allow sufficient room around it and use with qualified instruction. Allow enough space around the prop and follow pose-specific guidance.,Proposed SHIKHA name and original marketing copy
Yoga Kuti,34856,shoulderstand-foam-single,Shoulderstand Foam Block,https://www.yogikuti.com/product/shoulderstand-foam-block/,https://www.yogikuti.com/wp-content/uploads/2025/09/Blue-1-1.jpg,All Yoga Props; Foam Blocks,All Yoga Props > Foam Blocks,Assigned on source,Blocks & Wedges,Foam blocks,Blocks & wedges,In stock at capture,2026-09-25,SHIKHA Foam Shoulderstand Block,A single foam block for modular inversion support.,A single foam block for modular inversion support. Add it to existing props where an extra layer or individual support piece is needed. Check the size against your current shoulderstand arrangement. Check its dimensions when matching it with other props in your kit.,Proposed SHIKHA name and original marketing copy
Yoga Kuti,34855,MINI-TRESTLER,Mini Yoga Trestler,https://www.yogikuti.com/product/mini-yoga-trestler/,https://www.yogikuti.com/wp-content/uploads/2025/09/mini-yoga-trestler-2-1.jpg,Trestler,All Yoga Props > Iyengar Yoga Props > Trestler,Assigned on source,Studio Furniture & Inversions,Stools & trestlers,Studio furniture,In stock at capture,2026-09-25,SHIKHA Mini Yoga Trestler,A compact trestler for guided support and balance poses.,A compact trestler for guided support and balance poses. The smaller footprint suits rooms with limited floor space. Check height and placement against the poses you intend to practice. Allow enough space around the prop and follow pose-specific guidance.,Proposed SHIKHA name and original marketing copy
Yoga Kuti,34854,PU-RUBBER-4MM-PURPLE,Premium Mat 4mm & Mat Carry Strap,https://www.yogikuti.com/product/yoga-mat-pu-rubber-yoga-mat-4mm-purple/,https://www.yogikuti.com/wp-content/uploads/2025/09/PU-pink-mat-1.jpg,Premium Yoga Mat 4mm,All Yoga Props > Yoga Mats > Premium Yoga Mat 4mm,Assigned on source,Mats & Towels,Practice mats & sets,Mats & towels,In stock at capture,2026-09-25,SHIKHA Premium Mat 4 mm & Strap,A four-millimeter yoga mat supplied with a carry strap.,A four-millimeter yoga mat supplied with a carry strap. Its slimmer profile suits those who prefer a closer feel to the floor. Roll it after practice for easy storage and transport. Review the source dimensions and care instructions before choosing a surface.,Proposed SHIKHA name and original marketing copy
Yoga Kuti,34853,,Premium Mat 5mm & Mat Carry Strap,https://www.yogikuti.com/product/yoga-mat-pu-rubber-yoga-mat-5mm-black/,https://www.yogikuti.com/wp-content/uploads/2025/09/PU-blue-mat-1.jpg,Premium Yoga Mat 5mm; Yoga Mats,All Yoga Props > Yoga Mats > Premium Yoga Mat 5mm,Assigned on source,Mats & Towels,Practice mats & sets,Mats & towels,In stock at capture,2026-09-25,SHIKHA Premium Mat 5 mm & Strap,A five-millimeter yoga mat supplied with a carry strap.,A five-millimeter yoga mat supplied with a carry strap. The added millimeter offers a different cushioning choice from the four-millimeter version. Bring it to class or keep it ready at home. Review the source dimensions and care instructions before choosing a surface.,Proposed SHIKHA name and original marketing copy
Yoga Kuti,34852,RECT-BOLSTER,Rectangular Yoga Bolster,https://www.yogikuti.com/product/cotton-rectangular-yoga-bolster/,https://www.yogikuti.com/wp-content/uploads/2026/05/Purple-Tag.jpg,All Yoga Props; Bolster & Blankets; Rectangular Bolster; Yoga Bolster,All Yoga Props > Bolster & Blankets | All Yoga Props > Cotton Yoga Props > Rectangular Bolster | All Yoga Props > Cotton Yoga Props > Yoga Bolster,Assigned on source,Bolsters & Soft Supports,Yoga bolsters,Soft supports,In stock at capture,2026-09-25,SHIKHA Rectangular Restorative Bolster,"A rectangular bolster for stable, broad pose support.","A rectangular bolster for stable, broad pose support. Its flat faces stay easy to position under the torso, knees or seat. Combine it with blankets to fine-tune a restorative setup. Arrange the support gradually and adjust the height to suit your practice.",Proposed SHIKHA name and original marketing copy
Yoga Kuti,34851,KNEE-WEDGES-PAIR,Yoga Knee Wedge 2pc,https://www.yogikuti.com/product/knee-wedges-set-two/,https://www.yogikuti.com/wp-content/uploads/2025/09/Knee-Wedges-1-1.jpg,Knee Wedge,All Yoga Props > Iyengar Yoga Props > Knee Wedge,Assigned on source,Blocks & Wedges,Yoga wedges,Blocks & wedges,In stock at capture,2026-09-25,SHIKHA Knee Support Wedges — Pair,Two shaped wedges for a guided knee-support arrangement.,Two shaped wedges for a guided knee-support arrangement. The pair gives matching support on both sides when a pose calls for it. Position them as directed and stop if any contact feels uncomfortable. Check its dimensions when matching it with other props in your kit.,Proposed SHIKHA name and original marketing copy
Yoga Kuti,34849,ECO-CORK,Yogikuti Yoga Cork Block (Large),https://www.yogikuti.com/product/yogikuti-eco-cork-yoga-block/,https://www.yogikuti.com/wp-content/uploads/2025/09/Cork-Block-Large-1.jpg,Yoga Cork Block Large,All Yoga Props > Yoga Blocks > Yoga Cork Block Large,Assigned on source,Blocks & Wedges,Cork blocks,Blocks & wedges,In stock at capture,2026-09-25,SHIKHA Large Cork Support Block,An oversized cork block for extra lift in yoga setups.,An oversized cork block for extra lift in yoga setups. The larger format can bring a support surface closer than a standard block. Compare dimensions before pairing it with existing props. Check its dimensions when matching it with other props in your kit.,Proposed SHIKHA name and original marketing copy
Yoga Kuti,34848,EVA-FOAM-PURPLE,Eva Foam Yoga Block,https://www.yogikuti.com/product/yogikuti-eva-foam-yoga-block-purple/,https://www.yogikuti.com/wp-content/uploads/2025/09/eve-foam-block-yogo-1-1.jpg,Yoga Eva Foam Block,All Yoga Props > Yoga Blocks > Yoga Eva Foam Block,Assigned on source,Blocks & Wedges,Foam blocks,Blocks & wedges,In stock at capture,2026-09-25,SHIKHA EVA Foam Yoga Block,A lightweight EVA foam block for everyday pose support.,"A lightweight EVA foam block for everyday pose support. Use it to adjust the height beneath a hand, seat or other contact point. An easy first prop for home or class. Check its dimensions when matching it with other props in your kit.",Proposed SHIKHA name and original marketing copy
Yoga Kuti,34847,MINI-SLANT-PAIR,Mini Slanting Plank 2pc,https://www.yogikuti.com/product/mini-yoga-slanting-plank-set/,https://www.yogikuti.com/wp-content/uploads/2025/09/Mini-slanting-plank-set-2.jpg,Slanting Plank Mini set of 2,All Yoga Props > Iyengar Yoga Props > Slanting Plank Mini set of 2,Assigned on source,Studio Furniture & Inversions,Support planks,Studio furniture,In stock at capture,2026-09-25,SHIKHA Mini Slant Boards — Pair,Two small sloping boards for foot and ankle positioning.,Two small sloping boards for foot and ankle positioning. Use the matched pair in guided standing or stretching work. Start with a comfortable angle and keep the setup stable. Allow enough space around the prop and follow pose-specific guidance.,Proposed SHIKHA name and original marketing copy
Yoga Kuti,34846,FORWARD-BENDER,Yoga Forward Bender,https://www.yogikuti.com/product/forward-bender/,https://www.yogikuti.com/wp-content/uploads/2025/09/forward-bender-4-1.jpg,Forward Bender,All Yoga Props > Iyengar Yoga Props > Forward Bender,Assigned on source,Studio Furniture & Inversions,Benches & backbenders,Studio furniture,In stock at capture,2026-09-25,SHIKHA Forward Bend Support,A purpose-built prop for guided forward-bending practice.,A purpose-built prop for guided forward-bending practice. Its structure offers a defined point of support while exploring the pose. Check dimensions and pair it with instruction appropriate to your range. Allow enough space around the prop and follow pose-specific guidance.,Proposed SHIKHA name and original marketing copy
Yoga Kuti,34845,TRIANGLE-BLOCK,Triangle Yoga Block 2pc,https://www.yogikuti.com/product/triangle-block/,https://www.yogikuti.com/wp-content/uploads/2025/09/Triangle-block-website-.jpg,Wooden Triangle Yoga Block set of 2; Yoga Blocks,All Yoga Props > Iyengar Yoga Props > Wooden Triangle Yoga Block set of 2 | All Yoga Props > Yoga Blocks,Assigned on source,Blocks & Wedges,Wooden & shaped blocks,Blocks & wedges,In stock at capture,2026-09-25,SHIKHA Triangle Wooden Blocks — Pair,Two triangular wooden blocks for angled pose support.,Two triangular wooden blocks for angled pose support. The sloped faces provide an alternative to a rectangular block. Use the pair where matching angles make a guided setup easier. Check its dimensions when matching it with other props in your kit.,Proposed SHIKHA name and original marketing copy
Yoga Kuti,34844,STUMP-SET,Yoga Stump Set (Adjustable),https://www.yogikuti.com/product/yoga-stump-set-adjustable/,https://www.yogikuti.com/wp-content/uploads/2025/09/1-2.jpg,Stump Set,All Yoga Props > Iyengar Yoga Props > Stump Set,Assigned on source,Blocks & Wedges,Specialty supports,Blocks & wedges,In stock at capture,2026-09-25,SHIKHA Adjustable Yoga Stump Set,A modular stump set for elevated pose support.,A modular stump set for elevated pose support. Adjust the stack or arrangement to suit the planned practice. Check the connection and stability of every piece before placing weight on it. Check its dimensions when matching it with other props in your kit.,Proposed SHIKHA name and original marketing copy
Yoga Kuti,34843,T-BLOCK,Yoga T-Wooden Block,https://www.yogikuti.com/product/yoga-t-block/,https://www.yogikuti.com/wp-content/uploads/2025/09/t-wooden-block-1-1.jpg,T- Wooden Yoga Block,All Yoga Props > Iyengar Yoga Props > T- Wooden Yoga Block,Assigned on source,Blocks & Wedges,Wooden & shaped blocks,Blocks & wedges,In stock at capture,2026-09-25,SHIKHA T-Shape Wooden Block,A T-shaped wooden prop for specialized support setups.,A T-shaped wooden prop for specialized support setups. The crossbar creates a distinct contact surface from a standard block. Use it under instructor guidance for poses that call for this shape. Check its dimensions when matching it with other props in your kit.,Proposed SHIKHA name and original marketing copy
Yoga Kuti,34842,YK-EW-COT-SGL,Yoga Eye Wrap,https://www.yogikuti.com/product/eye-wrap-bandage/,https://www.yogikuti.com/wp-content/uploads/2025/09/Eye-wrap-1-1.jpg,All Yoga Props; Cotton Yoga Props; Meditation; Yoga Bandage,All Yoga Props > Meditation | All Yoga Props > Cotton Yoga Props > Yoga Bandage,Assigned on source,Bolsters & Soft Supports,Eye wraps & pillows,Soft supports,In stock at capture,2026-09-25,SHIKHA Soft Eye Wrap,A simple wrap for light reduction during relaxation.,A simple wrap for light reduction during relaxation. Wear it gently during Savasana or a quiet pause. The compact design fits easily into a personal practice bag. Arrange the support gradually and adjust the height to suit your practice.,Proposed SHIKHA name and original marketing copy
Yoga Kuti,34841,YK-WQR-BL,Quarter Round Yoga Block,https://www.yogikuti.com/product/quarter-round-blocks/,https://www.yogikuti.com/wp-content/uploads/2025/09/quarter-block-single.jpg,Wooden Quarter Round Yoga Block,All Yoga Props > Iyengar Yoga Props > Wooden Quarter Round Yoga Block,Assigned on source,Blocks & Wedges,Wooden & shaped blocks,Blocks & wedges,In stock at capture,2026-09-25,SHIKHA Quarter-Round Support Block,"A curved block for gradual, guided positioning.","A curved block for gradual, guided positioning. Its quarter-round edge offers a different angle from flat rectangular blocks. Use it to fine-tune a supportive arrangement without forcing a stretch. Check its dimensions when matching it with other props in your kit.",Proposed SHIKHA name and original marketing copy
Yoga Kuti,34840,YK-BX-SIMHASAN,Simhasana Box,https://www.yogikuti.com/product/simhasana-box/,https://www.yogikuti.com/wp-content/uploads/2025/09/simhasana-box1-1.jpg,Simhasan Box,All Yoga Props > Iyengar Yoga Props > Simhasan Box,Assigned on source,Studio Furniture & Inversions,Support boxes,Studio furniture,In stock at capture,2026-09-25,SHIKHA Simhasana Support Box,A dedicated box for guided Simhasana setups.,A dedicated box for guided Simhasana setups. The structured form creates a stable point in a specialist prop sequence. Review dimensions and use alongside appropriate teaching. Allow enough space around the prop and follow pose-specific guidance.,Proposed SHIKHA name and original marketing copy
Yoga Kuti,34839,HALASANA,Halasana Box- A,https://www.yogikuti.com/product/halasana-box/,https://www.yogikuti.com/wp-content/uploads/2025/09/halasana-Box-A-1.jpg,Halasan Box,All Yoga Props > Iyengar Yoga Props > Halasan Box,Assigned on source,Studio Furniture & Inversions,Support boxes,Studio furniture,In stock at capture,2026-09-25,SHIKHA Halasana Support Box A,A purpose-made box for guided Halasana practice.,A purpose-made box for guided Halasana practice. The A format adds another option to an Iyengar-style prop room. Compare its dimensions with the B model before selecting one. Allow enough space around the prop and follow pose-specific guidance.,Proposed SHIKHA name and original marketing copy
Yoga Kuti,34838,YK-WVB-A,Viparit Karani Box A,https://www.yogikuti.com/product/viparit-karani-box/,https://www.yogikuti.com/wp-content/uploads/2025/09/viparit-Karani-Box-Banners-Website.jpg,Viparit Karani,All Yoga Props > Iyengar Yoga Props > Viparit Karani,Assigned on source,Studio Furniture & Inversions,Support boxes,Studio furniture,In stock at capture,2026-09-25,SHIKHA Viparita Karani Box A,A support box for legs-up and restorative arrangements.,A support box for legs-up and restorative arrangements. Use it with blankets or a wall in an instructor-led setup. Check the A model dimensions to match the available space. Allow enough space around the prop and follow pose-specific guidance.,Proposed SHIKHA name and original marketing copy
Yoga Kuti,34837,YK-BN-BACKBENDER,Yoga Backbender Pro,https://www.yogikuti.com/product/small-back-bender/,https://www.yogikuti.com/wp-content/uploads/2025/09/backbender-pro-3-1-1.jpg,Yoga Backbender Bench,All Yoga Props > Iyengar Yoga Props > Yoga Backbender Bench,Assigned on source,Studio Furniture & Inversions,Benches & backbenders,Studio furniture,Out of stock at capture,2026-09-25,SHIKHA Backbend Support Pro,"A substantial prop for structured, supported backbend work.","A substantial prop for structured, supported backbend work. The shaped frame helps organize carefully guided positioning. Allow room around the equipment and introduce new poses with qualified instruction. Allow enough space around the prop and follow pose-specific guidance.",Proposed SHIKHA name and original marketing copy
Yoga Kuti,34836,ROPE-SMALL-WHITE,Wall Rope Pair (Small & Long),https://www.yogikuti.com/product/yoga-wall-ropes/,https://www.yogikuti.com/wp-content/uploads/2025/09/Blue-wall-rope-1.jpg,All Yoga Props; Iyengar Yoga Props; Other Cotton Props,All Yoga Props > Iyengar Yoga Props | Other Cotton Props,Assigned on source,"Ropes, Straps & Aerial",Wall ropes & sets,Wall yoga,In stock at capture,2026-09-25,SHIKHA Small & Long Wall Rope Pair,A pair of two rope lengths for wall-based yoga practice.,"A pair of two rope lengths for wall-based yoga practice. The mixed lengths expand the range of possible guided setups. Confirm appropriate anchors, installation and working loads before use. Plan the wall installation and working load with a qualified professional.",Proposed SHIKHA name and original marketing copy
Yoga Kuti,34835,MEDI-CUSHION-GREEN,Meditation Round Cushion,https://www.yogikuti.com/product/meditation-round-cushion/,https://www.yogikuti.com/wp-content/uploads/2025/09/purple-8.jpg,Meditation; Meditation Cushion; Wellness Products,All Yoga Props > Meditation | All Yoga Props > Cotton Yoga Props > Meditation Cushion | Wellness Products,Assigned on source,Bolsters & Soft Supports,Meditation cushions,Soft supports,In stock at capture,2026-09-25,SHIKHA Round Meditation Cushion,A circular floor cushion for seated meditation and quiet rest.,A circular floor cushion for seated meditation and quiet rest. Use the raised seat to find a comfortable sitting position. It also works as an extra soft support in a calm corner. Arrange the support gradually and adjust the height to suit your practice.,Proposed SHIKHA name and original marketing copy
Yoga Kuti,34834,METAL-CHAIR,Iyengar Yoga Chair (Standard),https://www.yogikuti.com/product/yoga-chair/,https://www.yogikuti.com/wp-content/uploads/2025/09/Untitled-design-14.jpg,Chair Standard; Iyengar Yoga Props,All Yoga Props > Yoga Accessories > Chair Standard | All Yoga Props > Iyengar Yoga Props,Assigned on source,Studio Furniture & Inversions,Yoga chairs,Studio furniture,Out of stock at capture,2026-09-25,SHIKHA Standard Iyengar Yoga Chair,A classic practice chair for guided prop-based yoga.,"A classic practice chair for guided prop-based yoga. The open frame is useful in selected supported twists, backbends and restorative arrangements. Compare its dimensions with your existing studio equipment. Allow enough space around the prop and follow pose-specific guidance.",Proposed SHIKHA name and original marketing copy
Yoga Kuti,34833,YK-SP-WD,Slanting Yoga Plank,https://www.yogikuti.com/product/slanting-plank/,https://www.yogikuti.com/wp-content/uploads/2025/09/Slanting-plank-2-1-1.jpg,Slanting Plank,All Yoga Props > Iyengar Yoga Props > Slanting Plank,Assigned on source,Studio Furniture & Inversions,Support planks,Studio furniture,In stock at capture,2026-09-25,SHIKHA Slanting Practice Plank,An angled plank for guided standing and stretch setups.,An angled plank for guided standing and stretch setups. The sloping surface changes the position of the feet in a measured way. Check stability and use only within a comfortable range. Allow enough space around the prop and follow pose-specific guidance.,Proposed SHIKHA name and original marketing copy
Yoga Kuti,34832,tongue-cleaner-2,Tongue Cleaner Copper 2pcs,https://www.yogikuti.com/product/tongue-cleaner-set-of-10-2/,https://www.yogikuti.com/wp-content/uploads/2025/09/copper-tongue-cleaner-2-1.jpg,Other; Wellness Products; Yogic Lifestyle,Yogic Lifestyle > Other | Wellness Products,Assigned on source,Cleansing & Self-Care,Tongue cleaners,Cleansing tools,In stock at capture,2026-09-25,SHIKHA Copper Tongue Cleaners — Pair,Two copper tongue cleaners for an individual care routine.,Two copper tongue cleaners for an individual care routine. Keep one as a spare or assign each tool to a different person. Clean them according to the supplied care guidance. Keep the item clean and follow qualified instructions for traditional cleansing methods.,Proposed SHIKHA name and original marketing copy
Yoga Kuti,34831,COTTON-YOGA-BLANKET,Yoga Blanket (Premium),https://www.yogikuti.com/product/yoga-cotton-blankets/,https://www.yogikuti.com/wp-content/uploads/2025/09/Beige-blanket-2-1.jpg,All Yoga Props; Bolster & Blankets; Cotton Yoga Props; Iyengar Yoga Blanket,All Yoga Props > Bolster & Blankets | All Yoga Props > Cotton Yoga Props > Iyengar Yoga Blanket,Assigned on source,Bolsters & Soft Supports,Yoga blankets,Soft supports,In stock at capture,2026-09-25,SHIKHA Premium Yoga Blanket,A single versatile blanket for folded support and warmth.,"A single versatile blanket for folded support and warmth. Adjust the folds to create a seat, shoulder layer or softer contact point. Add more blankets if a guided pose needs extra height. Arrange the support gradually and adjust the height to suit your practice.",Proposed SHIKHA name and original marketing copy
Yoga Kuti,34830,LIGHT-WOODEN-BLOCK-PINE,Light Yoga Block (PINE),https://www.yogikuti.com/product/yoga-wooden-block/,https://www.yogikuti.com/wp-content/uploads/2025/09/Light-Yoga-block-single-1.jpg,Light Wooden Yoga Block,All Yoga Props > Iyengar Yoga Props > Light Wooden Yoga Block,Assigned on source,Blocks & Wedges,Wooden & shaped blocks,Blocks & wedges,In stock at capture,2026-09-25,SHIKHA Lightweight Pine Yoga Block,A lighter pine block for straightforward pose support.,A lighter pine block for straightforward pose support. Use it to raise the floor beneath a hand or seat. Its wooden surface makes a useful alternative to foam in a small prop kit. Check its dimensions when matching it with other props in your kit.,Proposed SHIKHA name and original marketing copy
Isha Life India,47833,HO0132400000,Isha Gramotsavam Water Bottle 750 ml,https://ishalife.sadhguru.org/in/ho0132400000-gramotsavam-2026-steel-water-bottle-black,https://ishalife.sadhguru.org/media/catalog/product/h/o/ho0132400000_1_.jpg?optimize=medium&fit=bounds&height=&width=,Yoga Store; Yoga Accessories; Copper Water Storage; Copper Water Bottle; Copper Bottles; Copper Drinkware,Yoga Store > Copper Water Storage | Yoga Store > Copper Drinkware > Copper Water Bottle | Yoga Store > Yoga Accessories > Copper Bottles,Assigned on source,Drinkware & Metalware,Water bottles,Copper Drinkware,In stock at capture,2026-09-25,Isha Gramotsavam Water Bottle 750 ml,Isha Gramotsavam Water Bottle 750 ml is a reusable piece for serving or storing water.,"Isha Gramotsavam Water Bottle 750 ml adds a functional piece of drinkware or metalware to a daily routine. The material, finish and capacity stated in its name help distinguish it from the other options in the range. Review the original cleaning and care guidance before first use.",Original Isha Life branded item — reference only; retain source identity
Isha Life India,45352,HO0129800000,Sadhguru 360° Sipper Bottle,https://ishalife.sadhguru.org/in/ho0129800000-sadhguru-360-sipper-bottle,https://ishalife.sadhguru.org/media/catalog/product/h/o/ho0129800000.jpg?optimize=medium&fit=bounds&height=&width=,Yoga Store; Yoga Accessories; Copper Water Bottle; Copper Bottles; Copper Drinkware,Yoga Store > Copper Drinkware > Copper Water Bottle | Yoga Store > Yoga Accessories > Copper Bottles,Assigned on source,Drinkware & Metalware,Water bottles,Copper Drinkware,In stock at capture,2026-09-25,Sadhguru 360° Sipper Bottle,Sadhguru 360° Sipper Bottle is a reusable piece for serving or storing water.,"Sadhguru 360° Sipper Bottle adds a functional piece of drinkware or metalware to a daily routine. The material, finish and capacity stated in its name help distinguish it from the other options in the range. Review the original cleaning and care guidance before first use.",Original Isha Life branded item — reference only; retain source identity
Isha Life India,33370,YS0018500000,Copper Water Bottle - 350 Ml,https://ishalife.sadhguru.org/in/ys0018500000-copper-water-bottle-350-ml-coated,https://ishalife.sadhguru.org/media/catalog/product/y/s/ys0018500000_9_.jpg?optimize=medium&fit=bounds&height=&width=,Yoga Store; Yoga Accessories; Copper Water Bottle; Copper Bottles; Copper Drinkware,Yoga Store > Copper Drinkware > Copper Water Bottle | Yoga Store > Yoga Accessories > Copper Bottles,Assigned on source,Drinkware & Metalware,Water bottles,Copper Drinkware,In stock at capture,2026-09-25,SHIKHA Copper Water Bottle - 350 Ml,Copper Water Bottle - 350 Ml is a reusable piece for serving or storing water.,"Copper Water Bottle - 350 Ml adds a functional piece of drinkware or metalware to a daily routine. The material, finish and capacity stated in its name help distinguish it from the other options in the range. Review the original cleaning and care guidance before first use.",Proposed SHIKHA concept based on product type; source item is Isha Life
Isha Life India,41250,YS0001100001,Nandi Copper Bottle,https://ishalife.sadhguru.org/in/ys0001100001-nandi-copper-bottle,https://ishalife.sadhguru.org/media/catalog/product/y/s/ys0001100001_12_.jpg?optimize=medium&fit=bounds&height=&width=,Yoga Store; Yoga Accessories; Copper Water Storage; Copper Water Bottle; Copper Bottles; Copper Drinkware,Yoga Store > Copper Water Storage | Yoga Store > Copper Drinkware > Copper Water Bottle | Yoga Store > Yoga Accessories > Copper Bottles,Assigned on source,Drinkware & Metalware,Water bottles,Copper Drinkware,In stock at capture,2026-09-25,Nandi Copper Bottle,Nandi Copper Bottle is a reusable piece for serving or storing water.,"Nandi Copper Bottle adds a functional piece of drinkware or metalware to a daily routine. The material, finish and capacity stated in its name help distinguish it from the other options in the range. Review the original cleaning and care guidance before first use.",Original Isha Life branded item — reference only; retain source identity
Isha Life India,38503,YS0019717200,Undyed Dyed Eye Pillow with Flax & Lavender Seed - Natural White,https://ishalife.sadhguru.org/in/ys0019717200-undyed-dyed-eye-pillow-with-flax-lavender-seed-natural-white,https://ishalife.sadhguru.org/media/catalog/product/y/s/ys0019717200_1.jpg?optimize=medium&fit=bounds&height=&width=,Yoga Store,Yoga Store,Assigned on source,Bolsters & Soft Supports,Eye pillows,Yoga Store,In stock at capture,2026-09-25,SHIKHA Undyed Dyed Eye Pillow with Flax & Lavender Seed - Natural White,Undyed Dyed Eye Pillow with Flax & Lavender Seed - Natural White adds a soft support to rest or seated practice.,"Undyed Dyed Eye Pillow with Flax & Lavender Seed - Natural White is a compact comfort piece for meditation, relaxation or supported positioning. The named filling, fabric or shape distinguishes it from other soft props. Place it where gentle support feels useful and follow the original care instructions.",Proposed SHIKHA concept based on product type; source item is Isha Life
Isha Life India,38497,YS0019717100,Herbal Dyed Eye Pillow with Flax & Lavender Seed - Vettiver Brown,https://ishalife.sadhguru.org/in/ys0019717100-herbal-dyed-eye-pillow-with-flax-lavender-seed-vettiver-brown,https://ishalife.sadhguru.org/media/catalog/product/y/s/ys0019717100_1.jpg?optimize=medium&fit=bounds&height=&width=,Yoga Store,Yoga Store,Assigned on source,Bolsters & Soft Supports,Eye pillows,Yoga Store,In stock at capture,2026-09-25,SHIKHA Herbal Dyed Eye Pillow with Flax & Lavender Seed - Vettiver Brown,Herbal Dyed Eye Pillow with Flax & Lavender Seed - Vettiver Brown adds a soft support to rest or seated practice.,"Herbal Dyed Eye Pillow with Flax & Lavender Seed - Vettiver Brown is a compact comfort piece for meditation, relaxation or supported positioning. The named filling, fabric or shape distinguishes it from other soft props. Place it where gentle support feels useful and follow the original care instructions.",Proposed SHIKHA concept based on product type; source item is Isha Life
Isha Life India,36568,YS0019600000,Shivanga Kit with Mala (for ladies),https://ishalife.sadhguru.org/in/ys0019600000-ladies-shivanga-kit-with-rudraksh-mala,https://ishalife.sadhguru.org/media/catalog/product/y/s/ys0019600000_1_.jpg?optimize=medium&fit=bounds&height=&width=,Yoga Store; Sadhana Essentials; shivanga sadhana support,Yoga Store > Sadhana Essentials > shivanga sadhana support,Assigned on source,Sadhana & Ritual,Shivanga essentials,Sadhana Essentials,In stock at capture,2026-09-25,Shivanga Kit with Mala (for ladies),Shivanga Kit with Mala (for ladies) is an original Isha Life item for its named practice.,Shivanga Kit with Mala (for ladies) is associated with the specific sadhana or ritual named in the product title. Keep the components and instructions supplied for that practice together. Confirm the exact contents and eligibility requirements with Isha Life before ordering or using it.,Original Isha Life branded item — reference only; retain source identity
Isha Life India,35989,YS0019500000,Brass Mug with Lid,https://ishalife.sadhguru.org/in/ys0019500000-brass-mug-with-lid,https://ishalife.sadhguru.org/media/catalog/product/c/r/cr11_7_.jpg?optimize=medium&fit=bounds&height=&width=,Yoga Store; Copper Serveware; Copper Water Storage; Copper Glass / Tumbler; Copper Jug Set; Copper Containers; Copper Drinkware; Copper Glass,Yoga Store > Copper Serveware | Yoga Store > Copper Water Storage | Yoga Store > Copper Drinkware > Copper Glass / Tumbler | Yoga Store > Copper Drinkware > Copper Jug Set | Yoga Store > Copper Containers | Yoga Store > Copper Drinkware > Copper Glass,Assigned on source,Drinkware & Metalware,Jugs & mugs,Copper Drinkware,In stock at capture,2026-09-25,SHIKHA Brass Mug with Lid,Brass Mug with Lid is a reusable piece for serving or storing water.,"Brass Mug with Lid adds a functional piece of drinkware or metalware to a daily routine. The material, finish and capacity stated in its name help distinguish it from the other options in the range. Review the original cleaning and care guidance before first use.",Proposed SHIKHA concept based on product type; source item is Isha Life
Isha Life India,35995,YS0019400000,Copper Sombu (Pot) with Lid and Tumbler,https://ishalife.sadhguru.org/in/ys0019400000-copper-sombu-with-lid-and-tumbler,https://ishalife.sadhguru.org/media/catalog/product/c/r/cr11_5_.jpg?optimize=medium&fit=bounds&height=&width=,Yoga Store; Copper Serveware; Copper Water Storage; Copper Glass / Tumbler; Copper Jug Set; Copper Containers; Copper Bowl & Coaster; Copper Drinkware; Copper Glass,Yoga Store > Copper Water Storage | Yoga Store > Copper Drinkware > Copper Glass / Tumbler | Yoga Store > Copper Drinkware > Copper Jug Set | Yoga Store > Copper Containers | Yoga Store > Copper Serveware > Copper Bowl & Coaster | Yoga Store > Copper Drinkware > Copper Glass,Assigned on source,Drinkware & Metalware,Jugs & mugs,Copper Drinkware,In stock at capture,2026-09-25,SHIKHA Copper Sombu (Pot) with Lid and Tumbler,Copper Sombu (Pot) with Lid and Tumbler is a reusable piece for serving or storing water.,"Copper Sombu (Pot) with Lid and Tumbler adds a functional piece of drinkware or metalware to a daily routine. The material, finish and capacity stated in its name help distinguish it from the other options in the range. Review the original cleaning and care guidance before first use.",Proposed SHIKHA concept based on product type; source item is Isha Life
Isha Life India,35992,YS0019300000,Brass Tumblers with Stand – Set of 4,https://ishalife.sadhguru.org/in/ys0019300000-brass-tumblers-with-stand-set-of-4,https://ishalife.sadhguru.org/media/catalog/product/c/r/cr11_6_.jpg?optimize=medium&fit=bounds&height=&width=,Yoga Store; Copper Glass / Tumbler; Copper Jug Set; Copper Drinkware; Copper Glass; Tumbler,Yoga Store > Copper Drinkware > Copper Glass / Tumbler | Yoga Store > Copper Drinkware > Copper Jug Set | Yoga Store > Copper Drinkware > Copper Glass > Tumbler,Assigned on source,Drinkware & Metalware,Tumblers & glasses,Copper Drinkware,In stock at capture,2026-09-25,SHIKHA Brass Tumblers with Stand – Set of 4,Brass Tumblers with Stand – Set of 4 is a reusable piece for serving or storing water.,"Brass Tumblers with Stand – Set of 4 adds a functional piece of drinkware or metalware to a daily routine. The material, finish and capacity stated in its name help distinguish it from the other options in the range. Review the original cleaning and care guidance before first use.",Proposed SHIKHA concept based on product type; source item is Isha Life
Isha Life India,33379,YS0018900000,Copper Water Bottle 350 ml (Hammered),https://ishalife.sadhguru.org/in/ys0018900000-copper-water-bottle-350-ml-plain,https://ishalife.sadhguru.org/media/catalog/product/c/r/cr1_41_.jpg?optimize=medium&fit=bounds&height=&width=,Yoga Store; Yoga Accessories; Copper Serveware; Copper Water Storage; Copper Water Bottle; Copper Bottles; Copper Drinkware; Copper Glass,Yoga Store > Copper Serveware | Yoga Store > Copper Water Storage | Yoga Store > Copper Drinkware > Copper Water Bottle | Yoga Store > Yoga Accessories > Copper Bottles | Yoga Store > Copper Drinkware > Copper Glass,Assigned on source,Drinkware & Metalware,Water bottles,Copper Drinkware,In stock at capture,2026-09-25,SHIKHA Copper Water Bottle 350 ml (Hammered),Copper Water Bottle 350 ml (Hammered) is a reusable piece for serving or storing water.,"Copper Water Bottle 350 ml (Hammered) adds a functional piece of drinkware or metalware to a daily routine. The material, finish and capacity stated in its name help distinguish it from the other options in the range. Review the original cleaning and care guidance before first use.",Proposed SHIKHA concept based on product type; source item is Isha Life
Isha Life India,33373,YS0018800000,Compact Copper Water Bottle (Coated) – 700 ml,https://ishalife.sadhguru.org/in/ys0018800000-compact-copper-water-bottle-700-ml-coated,https://ishalife.sadhguru.org/media/catalog/product/c/r/cr1_42_.jpg?optimize=medium&fit=bounds&height=&width=,Yoga Store; Yoga Accessories; Copper Serveware; Copper Water Bottle; Copper Bottles; Copper Drinkware,Yoga Store > Copper Serveware | Yoga Store > Copper Drinkware > Copper Water Bottle | Yoga Store > Yoga Accessories > Copper Bottles,Assigned on source,Drinkware & Metalware,Water bottles,Copper Drinkware,In stock at capture,2026-09-25,SHIKHA Compact Copper Water Bottle (Coated) – 700 ml,Compact Copper Water Bottle (Coated) – 700 ml is a reusable piece for serving or storing water.,"Compact Copper Water Bottle (Coated) – 700 ml adds a functional piece of drinkware or metalware to a daily routine. The material, finish and capacity stated in its name help distinguish it from the other options in the range. Review the original cleaning and care guidance before first use.",Proposed SHIKHA concept based on product type; source item is Isha Life
Isha Life India,33376,YS0018600000,Antique Hammered Copper Water Bottle 700 Ml,https://ishalife.sadhguru.org/in/ys0018600000-antique-hammered-copper-water-bottle-700-ml,https://ishalife.sadhguru.org/media/catalog/product/c/r/cr1_43_.jpg?optimize=medium&fit=bounds&height=&width=,Yoga Store; Yoga Accessories; Copper Serveware; Copper Water Storage; Copper Water Bottle; Copper Containers; Copper Bottles; Copper Drinkware,Yoga Store > Copper Serveware | Yoga Store > Copper Water Storage | Yoga Store > Copper Drinkware > Copper Water Bottle | Yoga Store > Copper Containers | Yoga Store > Yoga Accessories > Copper Bottles,Assigned on source,Drinkware & Metalware,Water bottles,Copper Drinkware,In stock at capture,2026-09-25,SHIKHA Antique Hammered Copper Water Bottle 700 Ml,Antique Hammered Copper Water Bottle 700 Ml is a reusable piece for serving or storing water.,"Antique Hammered Copper Water Bottle 700 Ml adds a functional piece of drinkware or metalware to a daily routine. The material, finish and capacity stated in its name help distinguish it from the other options in the range. Review the original cleaning and care guidance before first use.",Proposed SHIKHA concept based on product type; source item is Isha Life
Isha Life India,33068,YS0018200000,Traditional Copper Drinkware Pot Style 2,https://ishalife.sadhguru.org/in/ys0018200000-traditional-copper-drinkware-pot-style-2,https://ishalife.sadhguru.org/media/catalog/product/c/r/cr11_3_.jpg?optimize=medium&fit=bounds&height=&width=,Yoga Store; Copper Serveware; Copper Water Storage; Copper Glass / Tumbler; Copper Jug Set; Copper Containers; Copper Bowl & Coaster; Copper Drinkware; Copper Glass,Yoga Store > Copper Water Storage | Yoga Store > Copper Drinkware > Copper Glass / Tumbler | Yoga Store > Copper Drinkware > Copper Jug Set | Yoga Store > Copper Containers | Yoga Store > Copper Serveware > Copper Bowl & Coaster | Yoga Store > Copper Drinkware > Copper Glass,Assigned on source,Drinkware & Metalware,Storage pots & jars,Copper Drinkware,In stock at capture,2026-09-25,SHIKHA Traditional Copper Drinkware Pot Style 2,Traditional Copper Drinkware Pot Style 2 is a reusable piece for serving or storing water.,"Traditional Copper Drinkware Pot Style 2 adds a functional piece of drinkware or metalware to a daily routine. The material, finish and capacity stated in its name help distinguish it from the other options in the range. Review the original cleaning and care guidance before first use.",Proposed SHIKHA concept based on product type; source item is Isha Life
Isha Life India,33065,YS0018100000,Traditional Copper Drinkware Pot Style 1,https://ishalife.sadhguru.org/in/ys0018100000-traditional-copper-drinkware-pot-style-1,https://ishalife.sadhguru.org/media/catalog/product/c/r/cr11_4_.jpg?optimize=medium&fit=bounds&height=&width=,Yoga Store; Copper Water Storage; Copper Drinkware,Yoga Store > Copper Water Storage | Yoga Store > Copper Drinkware,Assigned on source,Drinkware & Metalware,Storage pots & jars,Copper Water Storage,In stock at capture,2026-09-25,SHIKHA Traditional Copper Drinkware Pot Style 1,Traditional Copper Drinkware Pot Style 1 is a reusable piece for serving or storing water.,"Traditional Copper Drinkware Pot Style 1 adds a functional piece of drinkware or metalware to a daily routine. The material, finish and capacity stated in its name help distinguish it from the other options in the range. Review the original cleaning and care guidance before first use.",Proposed SHIKHA concept based on product type; source item is Isha Life
Isha Life India,33367,YS0018700000,Copper Water Bottle - 950 Ml (Coated),https://ishalife.sadhguru.org/in/ys0018700000-copper-water-bottle-950-ml-coated,https://ishalife.sadhguru.org/media/catalog/product/c/r/cr1_45_.jpg?optimize=medium&fit=bounds&height=&width=,Yoga Store; Yoga Accessories; Copper Water Bottle; Copper Bottles; Copper Drinkware,Yoga Store > Copper Drinkware > Copper Water Bottle | Yoga Store > Yoga Accessories > Copper Bottles,Assigned on source,Drinkware & Metalware,Water bottles,Copper Drinkware,In stock at capture,2026-09-25,SHIKHA Copper Water Bottle - 950 Ml (Coated),Copper Water Bottle - 950 Ml (Coated) is a reusable piece for serving or storing water.,"Copper Water Bottle - 950 Ml (Coated) adds a functional piece of drinkware or metalware to a daily routine. The material, finish and capacity stated in its name help distinguish it from the other options in the range. Review the original cleaning and care guidance before first use.",Proposed SHIKHA concept based on product type; source item is Isha Life
Isha Life India,33364,YS0018400000,Copper Sipper Bottle - 700 Ml,https://ishalife.sadhguru.org/in/ys0018400000-copper-sipper-bottle-700-ml,https://ishalife.sadhguru.org/media/catalog/product/c/r/cr1_44_.jpg?optimize=medium&fit=bounds&height=&width=,Yoga Store; Yoga Accessories; Copper Water Bottle; Copper Bottles; Copper Drinkware,Yoga Store > Copper Drinkware > Copper Water Bottle | Yoga Store > Yoga Accessories > Copper Bottles,Assigned on source,Drinkware & Metalware,Water bottles,Copper Drinkware,In stock at capture,2026-09-25,SHIKHA Copper Sipper Bottle - 700 Ml,Copper Sipper Bottle - 700 Ml is a reusable piece for serving or storing water.,"Copper Sipper Bottle - 700 Ml adds a functional piece of drinkware or metalware to a daily routine. The material, finish and capacity stated in its name help distinguish it from the other options in the range. Review the original cleaning and care guidance before first use.",Proposed SHIKHA concept based on product type; source item is Isha Life
Isha Life India,34654,CA00645 Men,Shivanga Panchakacham (Mens Dhoti Pant) - Green,https://ishalife.sadhguru.org/in/shivanga-panchakacham-dhoti-pant-green-2,https://ishalife.sadhguru.org/media/catalog/product/0/1/0114688_l_001.jpg?optimize=medium&fit=bounds&height=&width=,Yoga Store; Yoga Clothing; Mens; Womens; Dhoti Pants; Sadhana Essentials; shivanga sadhana support,Yoga Store > Yoga Clothing > Mens > Dhoti Pants | Yoga Store > Yoga Clothing > Womens > Dhoti Pants | Yoga Store > Sadhana Essentials > shivanga sadhana support,Assigned on source,Apparel & Carry,Dhoti pants,Yoga Clothing,In stock at capture,2026-09-25,Shivanga Panchakacham (Mens Dhoti Pant) - Green,Shivanga Panchakacham (Mens Dhoti Pant) - Green is an easy-wear option for movement and everyday use.,"Shivanga Panchakacham (Mens Dhoti Pant) - Green brings the color, cut or design named in the product title to a versatile clothing piece. Wear it for practice, travel or relaxed days according to your preference. Refer to the original size guide and care details before selecting a variant.",Original Isha Life branded item — reference only; retain source identity
Isha Life India,34573,CA00644 Women,Shivanga Panchakacham (Dhoti Pant) - Orange Women,https://ishalife.sadhguru.org/in/shivanga-panchakacham-dhoti-pant-orange-2,https://ishalife.sadhguru.org/media/catalog/product/0/1/0114687_s_04_1.jpg?optimize=medium&fit=bounds&height=&width=,Yoga Store; Sadhana Essentials; shivanga sadhana support,Yoga Store > Sadhana Essentials > shivanga sadhana support,Assigned on source,Apparel & Carry,Dhoti pants,Sadhana Essentials,In stock at capture,2026-09-25,Shivanga Panchakacham (Dhoti Pant) - Orange Women,Shivanga Panchakacham (Dhoti Pant) - Orange Women is an easy-wear option for movement and everyday use.,"Shivanga Panchakacham (Dhoti Pant) - Orange Women brings the color, cut or design named in the product title to a versatile clothing piece. Wear it for practice, travel or relaxed days according to your preference. Refer to the original size guide and care details before selecting a variant.",Original Isha Life branded item — reference only; retain source identity
Isha Life India,31926,YS0014300000,Handwoven Bamboo-Linen Yoga Mat With Anti Slip Backing,https://ishalife.sadhguru.org/in/ys0014300000-handloom-linen-bamboo-yoga-mat-with-anti-slip-back-surface,https://ishalife.sadhguru.org/media/catalog/product/c/r/crr3.jpg?optimize=medium&fit=bounds&height=&width=,Yoga Store; Meditation Mats; Yoga Mats; Cotton Meditation Mats,Yoga Store > Yoga Mats | Yoga Store > Meditation Mats > Cotton Meditation Mats,Assigned on source,Mats & Towels,Yoga mats,Meditation Mats,In stock at capture,2026-09-25,SHIKHA Handwoven Bamboo-Linen Yoga Mat With Anti Slip Backing,Handwoven Bamboo-Linen Yoga Mat With Anti Slip Backing offers a dedicated surface or textile for yoga and meditation.,"Handwoven Bamboo-Linen Yoga Mat With Anti Slip Backing can be part of a regular practice setup at home or in a studio. Its named textile, backing or weave helps identify the feel and style of this option. Check dimensions and washing or cleaning instructions before making a selection.",Proposed SHIKHA concept based on product type; source item is Isha Life
Isha Life India,13568,YS0008305501,Bhuta Shuddhi Bhoomi Refill - 16gm,https://ishalife.sadhguru.org/in/bhuta-shuddhi-bhoomi-refill-16gm-0008305501,https://ishalife.sadhguru.org/media/catalog/product/d/s/dsc08391_1.jpg?optimize=medium&fit=bounds&height=&width=,Yoga Store; Sadhana Essentials; Bhuta Shuddhi Kit & Refills,Yoga Store > Sadhana Essentials > Bhuta Shuddhi Kit & Refills,Assigned on source,Sadhana & Ritual,Bhuta Shuddhi essentials,Sadhana Essentials,In stock at capture,2026-09-25,Bhuta Shuddhi Bhoomi Refill - 16gm,Bhuta Shuddhi Bhoomi Refill - 16gm is an original Isha Life item for its named practice.,Bhuta Shuddhi Bhoomi Refill - 16gm is associated with the specific sadhana or ritual named in the product title. Keep the components and instructions supplied for that practice together. Confirm the exact contents and eligibility requirements with Isha Life before ordering or using it.,Original Isha Life branded item — reference only; retain source identity
Isha Life India,941,YS0007500000,3 Month Bhuta Shuddhi Refill - Camphor,https://ishalife.sadhguru.org/in/3-month-bhuta-shuddhi-refill-camphor,https://ishalife.sadhguru.org/media/catalog/product/y/a/ya404-1.jpg?optimize=medium&fit=bounds&height=&width=,Yoga Store; Yoga Accessories; Sadhana Essentials; Bhuta Shuddhi Kit & Refills,Yoga Store > Yoga Accessories | Yoga Store > Sadhana Essentials > Bhuta Shuddhi Kit & Refills,Assigned on source,Sadhana & Ritual,Bhuta Shuddhi essentials,Sadhana Essentials,In stock at capture,2026-09-25,3 Month Bhuta Shuddhi Refill - Camphor,3 Month Bhuta Shuddhi Refill - Camphor is an original Isha Life item for its named practice.,3 Month Bhuta Shuddhi Refill - Camphor is associated with the specific sadhana or ritual named in the product title. Keep the components and instructions supplied for that practice together. Confirm the exact contents and eligibility requirements with Isha Life before ordering or using it.,Original Isha Life branded item — reference only; retain source identity
Isha Life India,2916,YS0004900001,"Hammered Copper Water Storage Pot, 8 Liters",https://ishalife.sadhguru.org/in/hammered-copper-water-storage-pot-8-liters,https://ishalife.sadhguru.org/media/catalog/product/0/1/0105669.jpg?optimize=medium&fit=bounds&height=&width=,Yoga Store; Copper Water Storage; Copper Drinkware,Yoga Store > Copper Water Storage | Yoga Store > Copper Drinkware,Assigned on source,Drinkware & Metalware,Storage pots & jars,Copper Water Storage,In stock at capture,2026-09-25,"SHIKHA Hammered Copper Water Storage Pot, 8 Liters","Hammered Copper Water Storage Pot, 8 Liters is a reusable piece for serving or storing water.","Hammered Copper Water Storage Pot, 8 Liters adds a functional piece of drinkware or metalware to a daily routine. The material, finish and capacity stated in its name help distinguish it from the other options in the range. Review the original cleaning and care guidance before first use.",Proposed SHIKHA concept based on product type; source item is Isha Life
Isha Life India,26053,YS0014800400,Yoga Yoga Yogeshwaraya silver lined copper bottle -Big,https://ishalife.sadhguru.org/in/ys0014800400-yoga-yoga-yogeshwaraya-silver-lined-copper-bottle-big,https://ishalife.sadhguru.org/media/catalog/product/y/s/ys0014800400_1_.jpg?optimize=medium&fit=bounds&height=&width=,Yoga Store; Yoga Accessories; Copper Water Bottle; Copper Bottles; Copper Drinkware,Yoga Store > Copper Drinkware > Copper Water Bottle | Yoga Store > Yoga Accessories > Copper Bottles,Assigned on source,Drinkware & Metalware,Water bottles,Copper Drinkware,In stock at capture,2026-09-25,Yoga Yoga Yogeshwaraya silver lined copper bottle -Big,Yoga Yoga Yogeshwaraya silver lined copper bottle -Big is a reusable piece for serving or storing water.,"Yoga Yoga Yogeshwaraya silver lined copper bottle -Big adds a functional piece of drinkware or metalware to a daily routine. The material, finish and capacity stated in its name help distinguish it from the other options in the range. Review the original cleaning and care guidance before first use.",Original Isha Life branded item — reference only; retain source identity
Isha Life India,5484,YS0010800000,100% Cotton Rug Yoga Mat - Orange. Eco-friendly. Washable. For Yoga And Exercise.,https://ishalife.sadhguru.org/in/cotton-rug-yoga-mat-orange,https://ishalife.sadhguru.org/media/catalog/product/y/a/ya116-br.jpg?optimize=medium&fit=bounds&height=&width=,Yoga Store; Yoga Mats; Rug Yoga Mats; Rug & Rubber Yoga Mats,Yoga Store > Yoga Mats > Rug Yoga Mats | Yoga Store > Yoga Mats > Rug & Rubber Yoga Mats,Assigned on source,Mats & Towels,Yoga mats,Yoga Mats,In stock at capture,2026-09-25,SHIKHA 100% Cotton Rug Yoga Mat - Orange,100% Cotton Rug Yoga Mat - Orange offers a dedicated surface or textile for yoga and meditation.,"100% Cotton Rug Yoga Mat - Orange can be part of a regular practice setup at home or in a studio. Its named textile, backing or weave helps identify the feel and style of this option. Check dimensions and washing or cleaning instructions before making a selection.",Proposed SHIKHA concept based on product type; source item is Isha Life
Isha Life India,7604,YS0013016900,Cotton Rug Yoga Mat Back Rubberized - Blue,https://ishalife.sadhguru.org/in/cotton-rug-yoga-mat-back-rubberized-blue,https://ishalife.sadhguru.org/media/catalog/product/0/4/0402068-2.jpg?optimize=medium&fit=bounds&height=&width=,Yoga Store; Yoga Mats; Rug Yoga Mats; Rug & Rubber Yoga Mats,Yoga Store > Yoga Mats > Rug Yoga Mats | Yoga Store > Yoga Mats > Rug & Rubber Yoga Mats,Assigned on source,Mats & Towels,Yoga mats,Yoga Mats,In stock at capture,2026-09-25,SHIKHA Cotton Rug Yoga Mat Back Rubberized - Blue,Cotton Rug Yoga Mat Back Rubberized - Blue offers a dedicated surface or textile for yoga and meditation.,"Cotton Rug Yoga Mat Back Rubberized - Blue can be part of a regular practice setup at home or in a studio. Its named textile, backing or weave helps identify the feel and style of this option. Check dimensions and washing or cleaning instructions before making a selection.",Proposed SHIKHA concept based on product type; source item is Isha Life
Isha Life India,21978,YS0014100000,Copper Water Bottle With Adiyogi Imprint - 900 Ml,https://ishalife.sadhguru.org/in/adiyogi-black-copper-water-bottle-30-oz,https://ishalife.sadhguru.org/media/catalog/product/b/2/b2_1_1_1_.jpg?optimize=medium&fit=bounds&height=&width=,Yoga Store; Copper Water Bottle; Copper Drinkware,Yoga Store > Copper Drinkware > Copper Water Bottle,Assigned on source,Drinkware & Metalware,Water bottles,Copper Drinkware,In stock at capture,2026-09-25,Copper Water Bottle With Adiyogi Imprint - 900 Ml,Copper Water Bottle With Adiyogi Imprint - 900 Ml is a reusable piece for serving or storing water.,"Copper Water Bottle With Adiyogi Imprint - 900 Ml adds a functional piece of drinkware or metalware to a daily routine. The material, finish and capacity stated in its name help distinguish it from the other options in the range. Review the original cleaning and care guidance before first use.",Original Isha Life branded item — reference only; retain source identity
Isha Life India,7303,YS0011700000,Organic Dharba Grass Meditation Mat,https://ishalife.sadhguru.org/in/organic-dharba-grass-meditation-mat,https://ishalife.sadhguru.org/media/catalog/product/0/4/0402040.jpg?optimize=medium&fit=bounds&height=&width=,Yoga Store; Meditation Mats; Yoga Mats; Yoga Gear by Themes; Dharba Grass Meditation Mats; Organic Range,Yoga Store > Yoga Mats | Yoga Store > Meditation Mats > Dharba Grass Meditation Mats | Yoga Store > Yoga Gear by Themes > Organic Range,Assigned on source,Mats & Towels,Meditation mats,Meditation Mats,In stock at capture,2026-09-25,SHIKHA Organic Dharba Grass Meditation Mat,Organic Dharba Grass Meditation Mat offers a dedicated surface or textile for yoga and meditation.,"Organic Dharba Grass Meditation Mat can be part of a regular practice setup at home or in a studio. Its named textile, backing or weave helps identify the feel and style of this option. Check dimensions and washing or cleaning instructions before making a selection.",Proposed SHIKHA concept based on product type; source item is Isha Life
Isha Life India,7301,YS0011900000,Mystical Dharba Grass Meditation Mat,https://ishalife.sadhguru.org/in/mystical-dharba-grass-meditation-mat,https://ishalife.sadhguru.org/media/catalog/product/y/a/ya307-1_2_.jpg?optimize=medium&fit=bounds&height=&width=,Yoga Store; Meditation Mats; Yoga Gear by Themes; Dharba Grass Meditation Mats; Mystical Range,Yoga Store > Meditation Mats > Dharba Grass Meditation Mats | Yoga Store > Yoga Gear by Themes > Mystical Range,Assigned on source,Mats & Towels,Meditation mats,Meditation Mats,In stock at capture,2026-09-25,Mystical Dharba Grass Meditation Mat,Mystical Dharba Grass Meditation Mat offers a dedicated surface or textile for yoga and meditation.,"Mystical Dharba Grass Meditation Mat can be part of a regular practice setup at home or in a studio. Its named textile, backing or weave helps identify the feel and style of this option. Check dimensions and washing or cleaning instructions before making a selection.",Original Isha Life branded item — reference only; retain source identity
Isha Life India,9795,YS0000800000,"Small Copper Water Bottle With Sadhguru Quote, 500ml",https://ishalife.sadhguru.org/in/small-copper-water-bottle-with-sadhguru-quote,https://ishalife.sadhguru.org/media/catalog/product/0/1/0111252.jpg?optimize=medium&fit=bounds&height=&width=,Yoga Store; Copper Water Bottle; Copper Drinkware,Yoga Store > Copper Drinkware > Copper Water Bottle,Assigned on source,Drinkware & Metalware,Water bottles,Copper Drinkware,In stock at capture,2026-09-25,"Small Copper Water Bottle With Sadhguru Quote, 500ml","Small Copper Water Bottle With Sadhguru Quote, 500ml is a reusable piece for serving or storing water.","Small Copper Water Bottle With Sadhguru Quote, 500ml adds a functional piece of drinkware or metalware to a daily routine. The material, finish and capacity stated in its name help distinguish it from the other options in the range. Review the original cleaning and care guidance before first use.",Original Isha Life branded item — reference only; retain source identity
Isha Life India,6062,YS0005703801,[YS0005703801] Hammered Copper Jug With Lid (1.5 ltr),https://ishalife.sadhguru.org/in/hammered-copper-water-jug,https://ishalife.sadhguru.org/media/catalog/product/0/6/0601063.jpg?optimize=medium&fit=bounds&height=&width=,Yoga Store; Copper Jug Set; Copper Drinkware,Yoga Store > Copper Drinkware > Copper Jug Set,Assigned on source,Drinkware & Metalware,Jugs & mugs,Copper Drinkware,In stock at capture,2026-09-25,SHIKHA Hammered Copper Jug With Lid (1.5 ltr),Hammered Copper Jug With Lid (1.5 ltr) is a reusable piece for serving or storing water.,"Hammered Copper Jug With Lid (1.5 ltr) adds a functional piece of drinkware or metalware to a daily routine. The material, finish and capacity stated in its name help distinguish it from the other options in the range. Review the original cleaning and care guidance before first use.",Proposed SHIKHA concept based on product type; source item is Isha Life
Isha Life India,13225,YS0001416900,Mystic Moon Copper Bottle. For storing and drinking water. A festive gift for home and office.,https://ishalife.sadhguru.org/in/mystic-moon-polished-copper-water-bottle-25-oz,https://ishalife.sadhguru.org/media/catalog/product/y/a/ya537.jpg?optimize=medium&fit=bounds&height=&width=,Yoga Store; Yoga Accessories; Copper Water Bottle; Copper Bottles; Copper Drinkware,Yoga Store > Copper Drinkware > Copper Water Bottle | Yoga Store > Yoga Accessories > Copper Bottles,Assigned on source,Drinkware & Metalware,Water bottles,Copper Drinkware,In stock at capture,2026-09-25,Mystic Moon Copper Bottle,Mystic Moon Copper Bottle is a reusable piece for serving or storing water.,"Mystic Moon Copper Bottle adds a functional piece of drinkware or metalware to a daily routine. The material, finish and capacity stated in its name help distinguish it from the other options in the range. Review the original cleaning and care guidance before first use.",Original Isha Life branded item — reference only; retain source identity
Isha Life India,1847,YS0010900000,Cotton Yoga Mat Rubber Coated,https://ishalife.sadhguru.org/in/cotton-yoga-mat-rubber-coated,https://ishalife.sadhguru.org/media/catalog/product/0/4/0402022-1.jpg?optimize=medium&fit=bounds&height=&width=,Yoga Store; Yoga Mats; Rug Yoga Mats; Rug & Rubber Yoga Mats,Yoga Store > Yoga Mats > Rug Yoga Mats | Yoga Store > Yoga Mats > Rug & Rubber Yoga Mats,Assigned on source,Mats & Towels,Yoga mats,Yoga Mats,In stock at capture,2026-09-25,SHIKHA Cotton Yoga Mat Rubber Coated,Cotton Yoga Mat Rubber Coated offers a dedicated surface or textile for yoga and meditation.,"Cotton Yoga Mat Rubber Coated can be part of a regular practice setup at home or in a studio. Its named textile, backing or weave helps identify the feel and style of this option. Check dimensions and washing or cleaning instructions before making a selection.",Proposed SHIKHA concept based on product type; source item is Isha Life
Isha Life India,13228,YS0001517000,Sadhguru Quote Copper Bottle- Black. For storing and drinking water. A festive gift for home and office.,https://ishalife.sadhguru.org/in/sadhguru-quote-copper-bottle-black-for-storing-and-drinking-water-a-festive-gift-for-home-and-office-0001517000,https://ishalife.sadhguru.org/media/catalog/product/a/r/artboard_1_21.jpg?optimize=medium&fit=bounds&height=&width=,Yoga Store; Yoga Accessories; Copper Water Bottle; Copper Bottles; Copper Drinkware,Yoga Store > Copper Drinkware > Copper Water Bottle | Yoga Store > Yoga Accessories > Copper Bottles,Assigned on source,Drinkware & Metalware,Water bottles,Copper Drinkware,In stock at capture,2026-09-25,Sadhguru Quote Copper Bottle- Black,Sadhguru Quote Copper Bottle- Black is a reusable piece for serving or storing water.,"Sadhguru Quote Copper Bottle- Black adds a functional piece of drinkware or metalware to a daily routine. The material, finish and capacity stated in its name help distinguish it from the other options in the range. Review the original cleaning and care guidance before first use.",Original Isha Life branded item — reference only; retain source identity
Isha Life India,5437,YS0011200000,Sambu Straw and Jute Yoga Mat,https://ishalife.sadhguru.org/in/sambu-straw-and-jute-yoga-mat,https://ishalife.sadhguru.org/media/catalog/product/0/4/0402031_c.jpg?optimize=medium&fit=bounds&height=&width=,Yoga Store; Yoga Mats; Natural Straw Yoga Mats,Yoga Store > Yoga Mats > Natural Straw Yoga Mats,Assigned on source,Mats & Towels,Yoga mats,Yoga Mats,In stock at capture,2026-09-25,SHIKHA Sambu Straw and Jute Yoga Mat,Sambu Straw and Jute Yoga Mat offers a dedicated surface or textile for yoga and meditation.,"Sambu Straw and Jute Yoga Mat can be part of a regular practice setup at home or in a studio. Its named textile, backing or weave helps identify the feel and style of this option. Check dimensions and washing or cleaning instructions before making a selection.",Proposed SHIKHA concept based on product type; source item is Isha Life
Isha Life India,7298,YS0009300000,Organic Pranayam Cushion,https://ishalife.sadhguru.org/in/organic-pranayam-cushion,https://ishalife.sadhguru.org/media/catalog/product/y/a/ya312_2__1.jpg?optimize=medium&fit=bounds&height=&width=,Yoga Store; Yoga Accessories; Yoga Mats; Yoga Gear by Themes; Pranayam Cushions; Organic Range,Yoga Store > Yoga Accessories | Yoga Store > Yoga Mats > Pranayam Cushions | Yoga Store > Yoga Gear by Themes > Organic Range,Assigned on source,Bolsters & Soft Supports,Pranayama cushions,Yoga Mats,In stock at capture,2026-09-25,SHIKHA Organic Pranayam Cushion,Organic Pranayam Cushion adds a soft support to rest or seated practice.,"Organic Pranayam Cushion is a compact comfort piece for meditation, relaxation or supported positioning. The named filling, fabric or shape distinguishes it from other soft props. Place it where gentle support feels useful and follow the original care instructions.",Proposed SHIKHA concept based on product type; source item is Isha Life
Isha Life India,2527,YS0006400000,Guru Pooja Set,https://ishalife.sadhguru.org/in/isha-guru-pooja-set,https://ishalife.sadhguru.org/media/catalog/product/c/x/cx803-1.jpg?optimize=medium&fit=bounds&height=&width=,Yoga Store; Yoga Accessories; Sadhana Essentials; Guru Pooja Set,Yoga Store > Yoga Accessories | Yoga Store > Sadhana Essentials > Guru Pooja Set,Assigned on source,Sadhana & Ritual,Pooja sets,Sadhana Essentials,In stock at capture,2026-09-25,Guru Pooja Set,Guru Pooja Set is an original Isha Life item for its named practice.,Guru Pooja Set is associated with the specific sadhana or ritual named in the product title. Keep the components and instructions supplied for that practice together. Confirm the exact contents and eligibility requirements with Isha Life before ordering or using it.,Original Isha Life branded item — reference only; retain source identity
Isha Life India,8169,YS0000700000,"Copper Water Bottle Engraved with Sadhguru Quote, 700 ml",https://ishalife.sadhguru.org/in/copper-water-bottle-engraved-with-sadhguru-quote-700-ml,https://ishalife.sadhguru.org/media/catalog/product/y/s/ys0000700000.jpg?optimize=medium&fit=bounds&height=&width=,Yoga Store; Copper Water Bottle; Copper Drinkware,Yoga Store > Copper Drinkware > Copper Water Bottle,Assigned on source,Drinkware & Metalware,Water bottles,Copper Drinkware,In stock at capture,2026-09-25,"Copper Water Bottle Engraved with Sadhguru Quote, 700 ml","Copper Water Bottle Engraved with Sadhguru Quote, 700 ml is a reusable piece for serving or storing water.","Copper Water Bottle Engraved with Sadhguru Quote, 700 ml adds a functional piece of drinkware or metalware to a daily routine. The material, finish and capacity stated in its name help distinguish it from the other options in the range. Review the original cleaning and care guidance before first use.",Original Isha Life branded item — reference only; retain source identity
Isha Life India,7296,YS0009500000,Mystical Pranayam Cushion,https://ishalife.sadhguru.org/in/mystic-moon-kriya-meditation-cushion,https://ishalife.sadhguru.org/media/catalog/product/y/a/ya309_1.jpg?optimize=medium&fit=bounds&height=&width=,Yoga Store; Yoga Accessories; Yoga Mats; Yoga Gear by Themes; Pranayam Cushions; Mystical Range,Yoga Store > Yoga Accessories | Yoga Store > Yoga Mats > Pranayam Cushions | Yoga Store > Yoga Gear by Themes > Mystical Range,Assigned on source,Bolsters & Soft Supports,Pranayama cushions,Yoga Mats,In stock at capture,2026-09-25,Mystical Pranayam Cushion,Mystical Pranayam Cushion adds a soft support to rest or seated practice.,"Mystical Pranayam Cushion is a compact comfort piece for meditation, relaxation or supported positioning. The named filling, fabric or shape distinguishes it from other soft props. Place it where gentle support feels useful and follow the original care instructions.",Original Isha Life branded item — reference only; retain source identity
Isha Life India,6261,YS0001000001,"Hammered Copper Water Bottle, 950 ml",https://ishalife.sadhguru.org/in/hammered-copper-water-bottle-950-ml,https://ishalife.sadhguru.org/media/catalog/product/0/6/0601054.jpg?optimize=medium&fit=bounds&height=&width=,Yoga Store; Copper Water Bottle; Copper Drinkware,Yoga Store > Copper Drinkware > Copper Water Bottle,Assigned on source,Drinkware & Metalware,Water bottles,Copper Drinkware,In stock at capture,2026-09-25,"SHIKHA Hammered Copper Water Bottle, 950 ml","Hammered Copper Water Bottle, 950 ml is a reusable piece for serving or storing water.","Hammered Copper Water Bottle, 950 ml adds a functional piece of drinkware or metalware to a daily routine. The material, finish and capacity stated in its name help distinguish it from the other options in the range. Review the original cleaning and care guidance before first use.",Proposed SHIKHA concept based on product type; source item is Isha Life
Isha Life India,6421,YS0000500400,"Copper Water Bottle Engraved with Yogeshwaraya Chant, 950 ml",https://ishalife.sadhguru.org/in/copper-water-bottle-written-with-yogeshwaraya-chant-950-ml,https://ishalife.sadhguru.org/media/catalog/product/y/a/ya547_1_.jpg?optimize=medium&fit=bounds&height=&width=,Yoga Store; Copper Water Bottle; Copper Drinkware,Yoga Store > Copper Drinkware > Copper Water Bottle,Assigned on source,Drinkware & Metalware,Water bottles,Copper Drinkware,In stock at capture,2026-09-25,"Copper Water Bottle Engraved with Yogeshwaraya Chant, 950 ml","Copper Water Bottle Engraved with Yogeshwaraya Chant, 950 ml is a reusable piece for serving or storing water.","Copper Water Bottle Engraved with Yogeshwaraya Chant, 950 ml adds a functional piece of drinkware or metalware to a daily routine. The material, finish and capacity stated in its name help distinguish it from the other options in the range. Review the original cleaning and care guidance before first use.",Original Isha Life branded item — reference only; retain source identity
Isha Life India,26056,YS0014900200,Yoga Yoga Yogeshwaraya silver lined copper bottle -Small,https://ishalife.sadhguru.org/in/ys0014900200-yoga-yoga-yogeshwaraya-silver-lined-copper-bottle-small,https://ishalife.sadhguru.org/media/catalog/product/1/_/1_186.jpg?optimize=medium&fit=bounds&height=&width=,Yoga Store; Yoga Accessories; Copper Water Bottle; Copper Containers; Copper Bottles; Copper Drinkware,Yoga Store > Copper Drinkware > Copper Water Bottle | Yoga Store > Copper Containers | Yoga Store > Yoga Accessories > Copper Bottles,Assigned on source,Drinkware & Metalware,Water bottles,Copper Drinkware,In stock at capture,2026-09-25,Yoga Yoga Yogeshwaraya silver lined copper bottle -Small,Yoga Yoga Yogeshwaraya silver lined copper bottle -Small is a reusable piece for serving or storing water.,"Yoga Yoga Yogeshwaraya silver lined copper bottle -Small adds a functional piece of drinkware or metalware to a daily routine. The material, finish and capacity stated in its name help distinguish it from the other options in the range. Review the original cleaning and care guidance before first use.",Original Isha Life branded item — reference only; retain source identity
Isha Life India,2535,TC0001000000,Jeevarasam Consecrate water at home. Unique design. Exclusive Isha Product. To be placed inside copper pots.,https://ishalife.sadhguru.org/in/jeevarasam-consecrate-water-at-home,https://ishalife.sadhguru.org/media/catalog/product/1/s/1st_shot_1_.jpg?optimize=medium&fit=bounds&height=&width=,Yoga Store; Copper Water Storage; Copper Drinkware,Yoga Store > Copper Water Storage | Yoga Store > Copper Drinkware,Assigned on source,Drinkware & Metalware,Storage pots & jars,Copper Water Storage,In stock at capture,2026-09-25,Jeevarasam Consecrate water at home. Unique design. Exclusive Isha Product. To be placed inside copper pots,Jeevarasam Consecrate water at home. Unique design. Exclusive Isha Product. To be placed inside copper pots is a reusable piece for serving or storing water.,"Jeevarasam Consecrate water at home. Unique design. Exclusive Isha Product. To be placed inside copper pots adds a functional piece of drinkware or metalware to a daily routine. The material, finish and capacity stated in its name help distinguish it from the other options in the range. Review the original cleaning and care guidance before first use.",Original Isha Life branded item — reference only; retain source identity
Isha Life India,6092,CA00770 Men,Men Cotton Sadhana Track Pant - White,https://ishalife.sadhguru.org/in/unisex-organic-cotton-sadhana-track-pant-white,https://ishalife.sadhguru.org/media/catalog/product/c/a/ca00770_3_.jpg?optimize=medium&fit=bounds&height=&width=,Yoga Store; Yoga Clothing; Mens; Sadhana Essentials; Sadhana Clothing,Yoga Store > Yoga Clothing > Mens | Yoga Store > Sadhana Essentials > Sadhana Clothing,Assigned on source,Apparel & Carry,Pants & joggers,Yoga Clothing,In stock at capture,2026-09-25,SHIKHA Men Cotton Sadhana Track Pant - White,Men Cotton Sadhana Track Pant - White is an easy-wear option for movement and everyday use.,"Men Cotton Sadhana Track Pant - White brings the color, cut or design named in the product title to a versatile clothing piece. Wear it for practice, travel or relaxed days according to your preference. Refer to the original size guide and care details before selecting a variant.",Proposed SHIKHA concept based on product type; source item is Isha Life
Isha Life India,10978,YS0008416900,Shivanga Kit with Mala,https://ishalife.sadhguru.org/in/shivanga-kit-with-mala,https://ishalife.sadhguru.org/media/catalog/product/c/x/cx716-1.jpg?optimize=medium&fit=bounds&height=&width=,Yoga Store; Sadhana Essentials; Shivanga Sadhana,Yoga Store > Sadhana Essentials > Shivanga Sadhana,Assigned on source,Sadhana & Ritual,Shivanga essentials,Sadhana Essentials,In stock at capture,2026-09-25,Shivanga Kit with Mala,Shivanga Kit with Mala is an original Isha Life item for its named practice.,Shivanga Kit with Mala is associated with the specific sadhana or ritual named in the product title. Keep the components and instructions supplied for that practice together. Confirm the exact contents and eligibility requirements with Isha Life before ordering or using it.,Original Isha Life branded item — reference only; retain source identity
Isha Life India,14154,YS0006000000,Hammered Copper Jar. For storing and drinking water. A festive gift for home and office.,https://ishalife.sadhguru.org/in/hammered-copper-jar-for-storing-and-drinking-water-a-festive-gift-for-home-and-office,https://ishalife.sadhguru.org/media/catalog/product/a/r/artboard_1_152.jpg?optimize=medium&fit=bounds&height=&width=,Yoga Store; Copper Jug Set; Copper Drinkware,Yoga Store > Copper Drinkware > Copper Jug Set,Assigned on source,Drinkware & Metalware,Storage pots & jars,Copper Drinkware,In stock at capture,2026-09-25,SHIKHA Hammered Copper Jar,Hammered Copper Jar is a reusable piece for serving or storing water.,"Hammered Copper Jar adds a functional piece of drinkware or metalware to a daily routine. The material, finish and capacity stated in its name help distinguish it from the other options in the range. Review the original cleaning and care guidance before first use.",Proposed SHIKHA concept based on product type; source item is Isha Life
Isha Life India,7312,CA0009300400,Handloom Cotton Towel - Big,https://ishalife.sadhguru.org/in/handloom-cotton-towel-big,https://ishalife.sadhguru.org/media/catalog/product/0/4/0402047.jpg?optimize=medium&fit=bounds&height=&width=,Yoga Store; Yoga Accessories; Towels,Yoga Store > Yoga Accessories > Towels,Assigned on source,Mats & Towels,Yoga towels,Yoga Accessories,In stock at capture,2026-09-25,SHIKHA Handloom Cotton Towel - Big,Handloom Cotton Towel - Big offers a dedicated surface or textile for yoga and meditation.,"Handloom Cotton Towel - Big can be part of a regular practice setup at home or in a studio. Its named textile, backing or weave helps identify the feel and style of this option. Check dimensions and washing or cleaning instructions before making a selection.",Proposed SHIKHA concept based on product type; source item is Isha Life
Isha Life India,20952,CA00645 Women,Shivanga Panchakacham (Womens Dhoti Pant) - Green,https://ishalife.sadhguru.org/in/shivanga-panchakacham-dhoti-pant-green-1,https://ishalife.sadhguru.org/media/catalog/product/0/1/0114688_s_04_2.jpg?optimize=medium&fit=bounds&height=&width=,Yoga Store; Yoga Clothing; Womens; Dhoti Pants; Sadhana Essentials; shivanga sadhana support,Yoga Store > Yoga Clothing > Womens > Dhoti Pants | Yoga Store > Sadhana Essentials > shivanga sadhana support,Assigned on source,Apparel & Carry,Dhoti pants,Yoga Clothing,In stock at capture,2026-09-25,Shivanga Panchakacham (Womens Dhoti Pant) - Green,Shivanga Panchakacham (Womens Dhoti Pant) - Green is an easy-wear option for movement and everyday use.,"Shivanga Panchakacham (Womens Dhoti Pant) - Green brings the color, cut or design named in the product title to a versatile clothing piece. Wear it for practice, travel or relaxed days according to your preference. Refer to the original size guide and care details before selecting a variant.",Original Isha Life branded item — reference only; retain source identity
Isha Life India,6077,CA00629,Men’s Cotton Sadhana Pyjama. Solid white. Breathable fabric. Comfortable for Sadhana.,https://ishalife.sadhguru.org/in/mens-organic-cotton-sadhana-pyjama-white,https://ishalife.sadhguru.org/media/catalog/product/0/2/0201120_l_001.jpg?optimize=medium&fit=bounds&height=&width=,Yoga Store; Yoga Clothing; Mens; Womens; Sadhana Essentials; Sadhana Clothing,Yoga Store > Yoga Clothing > Mens | Yoga Store > Yoga Clothing > Womens | Yoga Store > Sadhana Essentials > Sadhana Clothing,Assigned on source,Apparel & Carry,Pants & joggers,Yoga Clothing,In stock at capture,2026-09-25,SHIKHA Men’s Cotton Sadhana Pyjama. Solid white,Men’s Cotton Sadhana Pyjama. Solid white is an easy-wear option for movement and everyday use.,"Men’s Cotton Sadhana Pyjama. Solid white brings the color, cut or design named in the product title to a versatile clothing piece. Wear it for practice, travel or relaxed days according to your preference. Refer to the original size guide and care details before selecting a variant.",Proposed SHIKHA concept based on product type; source item is Isha Life
Isha Life India,7313,CA0009300200,Handloom Cotton Towel - Small,https://ishalife.sadhguru.org/in/handloom-cotton-towel-small,https://ishalife.sadhguru.org/media/catalog/product/0/4/0402060.jpg?optimize=medium&fit=bounds&height=&width=,Yoga Store; Yoga Accessories; Towels,Yoga Store > Yoga Accessories > Towels,Assigned on source,Mats & Towels,Yoga towels,Yoga Accessories,In stock at capture,2026-09-25,SHIKHA Handloom Cotton Towel - Small,Handloom Cotton Towel - Small offers a dedicated surface or textile for yoga and meditation.,"Handloom Cotton Towel - Small can be part of a regular practice setup at home or in a studio. Its named textile, backing or weave helps identify the feel and style of this option. Check dimensions and washing or cleaning instructions before making a selection.",Proposed SHIKHA concept based on product type; source item is Isha Life
Isha Life India,7308,YS0009400000,Organic Yoga Mat Cover,https://ishalife.sadhguru.org/in/organic-yoga-mat-cover,https://ishalife.sadhguru.org/media/catalog/product/y/a/ya215-1.jpg?optimize=medium&fit=bounds&height=&width=,Yoga Store; Yoga Accessories; Yoga Mats; Yoga Gear by Themes; Mat Covers; Organic Range,Yoga Store > Yoga Mats | Yoga Store > Yoga Accessories > Mat Covers | Yoga Store > Yoga Gear by Themes > Organic Range,Assigned on source,Apparel & Carry,Mat covers,Yoga Accessories,In stock at capture,2026-09-25,SHIKHA Organic Yoga Mat Cover,Organic Yoga Mat Cover keeps daily and practice essentials close at hand.,"Organic Yoga Mat Cover offers a practical way to organize what you carry between home, class and travel. Its named fabric, print or construction detail gives this version its character. Check the original dimensions and care instructions when choosing a bag or cover.",Proposed SHIKHA concept based on product type; source item is Isha Life
Isha Life India,7306,YS0009600000,Mystical Yoga Mat Cover,https://ishalife.sadhguru.org/in/mystical-yoga-mat-cover,https://ishalife.sadhguru.org/media/catalog/product/y/a/ya217-1.jpg?optimize=medium&fit=bounds&height=&width=,Yoga Store; Yoga Accessories; Yoga Mats; Yoga Gear by Themes; Mat Covers; Mystical Range,Yoga Store > Yoga Mats | Yoga Store > Yoga Accessories > Mat Covers | Yoga Store > Yoga Gear by Themes > Mystical Range,Assigned on source,Apparel & Carry,Mat covers,Yoga Accessories,In stock at capture,2026-09-25,Mystical Yoga Mat Cover,Mystical Yoga Mat Cover keeps daily and practice essentials close at hand.,"Mystical Yoga Mat Cover offers a practical way to organize what you carry between home, class and travel. Its named fabric, print or construction detail gives this version its character. Check the original dimensions and care instructions when choosing a bag or cover.",Original Isha Life branded item — reference only; retain source identity
Isha Life India,7317,YS0011800000,Organic Meditation Mat,https://ishalife.sadhguru.org/in/organic-meditation-mat,https://ishalife.sadhguru.org/media/catalog/product/0/4/0402042.jpg?optimize=medium&fit=bounds&height=&width=,Yoga Store; Meditation Mats; Yoga Mats; Yoga Gear by Themes; Organic Range; Organic Meditation Mats,Yoga Store > Yoga Mats | Yoga Store > Yoga Gear by Themes > Organic Range | Yoga Store > Meditation Mats > Organic Meditation Mats,Assigned on source,Mats & Towels,Meditation mats,Yoga Gear by Themes,In stock at capture,2026-09-25,SHIKHA Organic Meditation Mat,Organic Meditation Mat offers a dedicated surface or textile for yoga and meditation.,"Organic Meditation Mat can be part of a regular practice setup at home or in a studio. Its named textile, backing or weave helps identify the feel and style of this option. Check dimensions and washing or cleaning instructions before making a selection.",Proposed SHIKHA concept based on product type; source item is Isha Life
Isha Life India,6112,CA00634 Men,Men Cotton Sadhana Half-Sleeve T-Shirt - Orange,https://ishalife.sadhguru.org/in/unisex-organic-cotton-sadhana-t-shirt-orange-6231,https://ishalife.sadhguru.org/media/catalog/product/c/a/ca00634_3_.jpg?optimize=medium&fit=bounds&height=&width=,Yoga Store; Yoga Clothing; Mens; Womens; Sadhana Essentials; Sadhana Clothing,Yoga Store > Yoga Clothing > Mens | Yoga Store > Yoga Clothing > Womens | Yoga Store > Sadhana Essentials > Sadhana Clothing,Assigned on source,Apparel & Carry,Men T-shirts,Yoga Clothing,In stock at capture,2026-09-25,SHIKHA Men Cotton Sadhana Half-Sleeve T-Shirt - Orange,Men Cotton Sadhana Half-Sleeve T-Shirt - Orange is an easy-wear option for movement and everyday use.,"Men Cotton Sadhana Half-Sleeve T-Shirt - Orange brings the color, cut or design named in the product title to a versatile clothing piece. Wear it for practice, travel or relaxed days according to your preference. Refer to the original size guide and care details before selecting a variant.",Proposed SHIKHA concept based on product type; source item is Isha Life
Isha Life India,11145,HO0079300000,Isha Wooden Ball Pen,https://ishalife.sadhguru.org/in/isha-wooden-ball-pen,https://ishalife.sadhguru.org/media/catalog/product/i/s/isha1.jpg?optimize=medium&fit=bounds&height=&width=,Yoga Store; Yoga Accessories; Yoga Merchandise,Yoga Store > Yoga Accessories > Yoga Merchandise,Assigned on source,Lifestyle & Gifts,Pens,Yoga Accessories,In stock at capture,2026-09-25,Isha Wooden Ball Pen,Isha Wooden Ball Pen is a small accent or gift from the Yoga Store collection.,Isha Wooden Ball Pen brings the design or theme named in the product title into an everyday object. It can be kept as a personal accessory or chosen as a small gift. Review the original dimensions and materials before selecting it.,Original Isha Life branded item — reference only; retain source identity
Isha Life India,938,YS0007600000,Jala Neti Pot,https://ishalife.sadhguru.org/in/jala-neti-pot,https://ishalife.sadhguru.org/media/catalog/product/y/a/ya401-2.jpg?optimize=medium&fit=bounds&height=&width=,Yoga Store; Yoga Accessories,Yoga Store > Yoga Accessories,Assigned on source,Cleansing & Self-Care,Neti pots & kits,Yoga Accessories,In stock at capture,2026-09-25,SHIKHA Jala Neti Pot,Jala Neti Pot is a traditional personal-care tool for a guided routine.,"Jala Neti Pot belongs to a personal-care practice that calls for correct preparation, cleaning and technique. The product title identifies the type or set configuration. Follow the original instructions and qualified guidance before use.",Proposed SHIKHA concept based on product type; source item is Isha Life
Isha Life India,5928,YS0008800000,Meditation Chair (Foldable),https://ishalife.sadhguru.org/in/meditation-chair-foldable,https://ishalife.sadhguru.org/media/catalog/product/y/a/ya601-3.jpg?optimize=medium&fit=bounds&height=&width=,Yoga Store; Yoga Accessories; Yoga Mats; Pranayam Cushions; Meditation Chair,Yoga Store > Yoga Mats > Pranayam Cushions | Yoga Store > Yoga Accessories > Meditation Chair,Assigned on source,Studio Furniture & Inversions,Meditation chairs,Yoga Mats,In stock at capture,2026-09-25,SHIKHA Meditation Chair (Foldable),Meditation Chair (Foldable) provides a raised seat for a guided meditation setup.,"Meditation Chair (Foldable) gives a structured alternative to sitting directly on the floor. Arrange it on a stable surface with enough room for the posture you prefer. Check its dimensions, folding mechanism and care instructions against your practice space.",Proposed SHIKHA concept based on product type; source item is Isha Life
Isha Life India,1289,YS0002200000,"Copper Glass / Tumbler, 400 ml",https://ishalife.sadhguru.org/in/copper-glass-tumbler-400-ml,https://ishalife.sadhguru.org/media/catalog/product/0/1/0105628.jpg?optimize=medium&fit=bounds&height=&width=,Yoga Store; Copper Glass / Tumbler; Copper Drinkware,Yoga Store > Copper Drinkware > Copper Glass / Tumbler,Assigned on source,Drinkware & Metalware,Tumblers & glasses,Copper Drinkware,In stock at capture,2026-09-25,"SHIKHA Copper Glass / Tumbler, 400 ml","Copper Glass / Tumbler, 400 ml is a reusable piece for serving or storing water.","Copper Glass / Tumbler, 400 ml adds a functional piece of drinkware or metalware to a daily routine. The material, finish and capacity stated in its name help distinguish it from the other options in the range. Review the original cleaning and care guidance before first use.",Proposed SHIKHA concept based on product type; source item is Isha Life
Isha Life India,8193,HO0068416900,Mystic Moon Key Chain,https://ishalife.sadhguru.org/in/mystic-moon-keychain,https://ishalife.sadhguru.org/media/catalog/product/0/6/0601073.jpg?optimize=medium&fit=bounds&height=&width=,Yoga Store; Yoga Accessories; Yoga Merchandise,Yoga Store > Yoga Accessories > Yoga Merchandise,Assigned on source,Lifestyle & Gifts,Keychains,Yoga Accessories,In stock at capture,2026-09-25,Mystic Moon Key Chain,Mystic Moon Key Chain is a small accent or gift from the Yoga Store collection.,Mystic Moon Key Chain brings the design or theme named in the product title into an everyday object. It can be kept as a personal accessory or chosen as a small gift. Review the original dimensions and materials before selecting it.,Original Isha Life branded item — reference only; retain source identity
Isha Life India,7311,CA0009100200,Organic Waffle Towel - Small,https://ishalife.sadhguru.org/in/organic-waffle-towel-small,https://ishalife.sadhguru.org/media/catalog/product/0/4/0402044.jpg?optimize=medium&fit=bounds&height=&width=,Yoga Store; Yoga Accessories; Yoga Gear by Themes; Towels; Organic Range,Yoga Store > Yoga Accessories > Towels | Yoga Store > Yoga Gear by Themes > Organic Range,Assigned on source,Mats & Towels,Yoga towels,Yoga Accessories,In stock at capture,2026-09-25,SHIKHA Organic Waffle Towel - Small,Organic Waffle Towel - Small offers a dedicated surface or textile for yoga and meditation.,"Organic Waffle Towel - Small can be part of a regular practice setup at home or in a studio. Its named textile, backing or weave helps identify the feel and style of this option. Check dimensions and washing or cleaning instructions before making a selection.",Proposed SHIKHA concept based on product type; source item is Isha Life
Isha Life India,3530,CA00605,Men's Cotton Drawstring Pants (Beige). Breathable fabric. Comfortable for Sadhana.,https://ishalife.sadhguru.org/in/men-organic-cotton-knitted-drawstring-pants-beige,https://ishalife.sadhguru.org/media/catalog/product/0/2/0201106_l_001_1.jpg?optimize=medium&fit=bounds&height=&width=,Yoga Store; Yoga Clothing; Mens; Womens,Yoga Store > Yoga Clothing > Mens | Yoga Store > Yoga Clothing > Womens,Assigned on source,Apparel & Carry,Pants & joggers,Yoga Clothing,In stock at capture,2026-09-25,SHIKHA Men's Cotton Drawstring Pants (Beige),Men's Cotton Drawstring Pants (Beige) is an easy-wear option for movement and everyday use.,"Men's Cotton Drawstring Pants (Beige) brings the color, cut or design named in the product title to a versatile clothing piece. Wear it for practice, travel or relaxed days according to your preference. Refer to the original size guide and care details before selecting a variant.",Proposed SHIKHA concept based on product type; source item is Isha Life
Isha Life India,5909,HO0065017300,Adiyogi Round Key Chain Small,https://ishalife.sadhguru.org/in/adiyogi-round-key-chain-small,https://ishalife.sadhguru.org/media/catalog/product/c/r/cr1_20_.jpg?optimize=medium&fit=bounds&height=&width=,Yoga Store,Yoga Store,Assigned on source,Lifestyle & Gifts,Keychains,Yoga Store,In stock at capture,2026-09-25,Adiyogi Round Key Chain Small,Adiyogi Round Key Chain Small is a small accent or gift from the Yoga Store collection.,Adiyogi Round Key Chain Small brings the design or theme named in the product title into an everyday object. It can be kept as a personal accessory or chosen as a small gift. Review the original dimensions and materials before selecting it.,Original Isha Life branded item — reference only; retain source identity
Isha Life India,6135,CA00606,Men's Cotton Drawstring Pants (Khaki). Breathable fabric. Comfortable for Sadhana.,https://ishalife.sadhguru.org/in/men-organic-cotton-knitted-drawstring-pants-khaki,https://ishalife.sadhguru.org/media/catalog/product/0/2/0201107_l_001.jpg?optimize=medium&fit=bounds&height=&width=,Yoga Store; Yoga Clothing; Mens; Womens,Yoga Store > Yoga Clothing > Mens | Yoga Store > Yoga Clothing > Womens,Assigned on source,Apparel & Carry,Pants & joggers,Yoga Clothing,In stock at capture,2026-09-25,SHIKHA Men's Cotton Drawstring Pants (Khaki),Men's Cotton Drawstring Pants (Khaki) is an easy-wear option for movement and everyday use.,"Men's Cotton Drawstring Pants (Khaki) brings the color, cut or design named in the product title to a versatile clothing piece. Wear it for practice, travel or relaxed days according to your preference. Refer to the original size guide and care details before selecting a variant.",Proposed SHIKHA concept based on product type; source item is Isha Life
Isha Life India,12356,CA0064100000,Shivanga Shawl,https://ishalife.sadhguru.org/in/shivanga-towel,https://ishalife.sadhguru.org/media/catalog/product/1/_/1_30.jpg?optimize=medium&fit=bounds&height=&width=,Yoga Store; Sadhana Essentials; shivanga sadhana support,Yoga Store > Sadhana Essentials > shivanga sadhana support,Assigned on source,Apparel & Carry,Shawls & scarves,Sadhana Essentials,In stock at capture,2026-09-25,Shivanga Shawl,Shivanga Shawl is an easy-wear option for movement and everyday use.,"Shivanga Shawl brings the color, cut or design named in the product title to a versatile clothing piece. Wear it for practice, travel or relaxed days according to your preference. Refer to the original size guide and care details before selecting a variant.",Original Isha Life branded item — reference only; retain source identity
Isha Life India,13227,YS0001417000,Mystic Moon Copper Bottle- Black. For storing and drinking water. A festive gift for home and office.,https://ishalife.sadhguru.org/in/mystic-moon-black-copper-water-bottle-25-oz,https://ishalife.sadhguru.org/media/catalog/product/y/a/ya538.jpg?optimize=medium&fit=bounds&height=&width=,Yoga Store; Copper Water Bottle; Copper Drinkware,Yoga Store > Copper Drinkware > Copper Water Bottle,Assigned on source,Drinkware & Metalware,Water bottles,Copper Drinkware,In stock at capture,2026-09-25,Mystic Moon Copper Bottle- Black,Mystic Moon Copper Bottle- Black is a reusable piece for serving or storing water.,"Mystic Moon Copper Bottle- Black adds a functional piece of drinkware or metalware to a daily routine. The material, finish and capacity stated in its name help distinguish it from the other options in the range. Review the original cleaning and care guidance before first use.",Original Isha Life branded item — reference only; retain source identity
Isha Life India,14306,HO0065017100,Adiyogi Key Chain Oval,https://ishalife.sadhguru.org/in/adiyogi-key-chain-oval-0065017100,https://ishalife.sadhguru.org/media/catalog/product/a/d/adiyogi_key_chain_oval_-_1.jpg?optimize=medium&fit=bounds&height=&width=,Yoga Store; Yoga Accessories; Yoga Merchandise,Yoga Store > Yoga Accessories > Yoga Merchandise,Assigned on source,Lifestyle & Gifts,Keychains,Yoga Accessories,In stock at capture,2026-09-25,Adiyogi Key Chain Oval,Adiyogi Key Chain Oval is a small accent or gift from the Yoga Store collection.,Adiyogi Key Chain Oval brings the design or theme named in the product title into an everyday object. It can be kept as a personal accessory or chosen as a small gift. Review the original dimensions and materials before selecting it.,Original Isha Life branded item — reference only; retain source identity
Isha Life India,1229,CA0004100000,Mens Jute Purse/Wallet,https://ishalife.sadhguru.org/in/jute-mens-purse,https://ishalife.sadhguru.org/media/catalog/product/b/g/bg157-1_1.jpg?optimize=medium&fit=bounds&height=&width=,Yoga Store; Yoga Accessories; Purses,Yoga Store > Yoga Accessories > Purses,Assigned on source,Apparel & Carry,Wallets & purses,Yoga Accessories,In stock at capture,2026-09-25,SHIKHA Mens Jute Purse/Wallet,Mens Jute Purse/Wallet keeps daily and practice essentials close at hand.,"Mens Jute Purse/Wallet offers a practical way to organize what you carry between home, class and travel. Its named fabric, print or construction detail gives this version its character. Check the original dimensions and care instructions when choosing a bag or cover.",Proposed SHIKHA concept based on product type; source item is Isha Life
Isha Life India,28334,YS0015300000,Copper Pendant for Shivanga Sadhana,https://ishalife.sadhguru.org/in/ys0015300000-copper-pendant-for-shivanga-sadhana,https://ishalife.sadhguru.org/media/catalog/product/5/_/5_132.jpg?optimize=medium&fit=bounds&height=&width=,Yoga Store; Sadhana Essentials; Shivanga Sadhana,Yoga Store > Sadhana Essentials > Shivanga Sadhana,Assigned on source,Sadhana & Ritual,Shivanga essentials,Sadhana Essentials,In stock at capture,2026-09-25,Copper Pendant for Shivanga Sadhana,Copper Pendant for Shivanga Sadhana is an original Isha Life item for its named practice.,Copper Pendant for Shivanga Sadhana is associated with the specific sadhana or ritual named in the product title. Keep the components and instructions supplied for that practice together. Confirm the exact contents and eligibility requirements with Isha Life before ordering or using it.,Original Isha Life branded item — reference only; retain source identity
Isha Life India,12357,CA0064200000,Shivanga Dhoti,https://ishalife.sadhguru.org/in/shivanga-dhoti,https://ishalife.sadhguru.org/media/catalog/product/1/_/1_31.jpg?optimize=medium&fit=bounds&height=&width=,Yoga Store; Sadhana Essentials; shivanga sadhana support,Yoga Store > Sadhana Essentials > shivanga sadhana support,Assigned on source,Apparel & Carry,Dhoti pants,Sadhana Essentials,In stock at capture,2026-09-25,Shivanga Dhoti,Shivanga Dhoti is an easy-wear option for movement and everyday use.,"Shivanga Dhoti brings the color, cut or design named in the product title to a versatile clothing piece. Wear it for practice, travel or relaxed days according to your preference. Refer to the original size guide and care details before selecting a variant.",Original Isha Life branded item — reference only; retain source identity
Isha Life India,7315,YS0012000000,Mystical Meditation Mat,https://ishalife.sadhguru.org/in/mystical-meditation-mat,https://ishalife.sadhguru.org/media/catalog/product/0/4/0402051.jpg?optimize=medium&fit=bounds&height=&width=,Yoga Store; Meditation Mats; Yoga Mats; Yoga Gear by Themes; Cotton Meditation Mats; Mystical Range,Yoga Store > Yoga Mats | Yoga Store > Meditation Mats > Cotton Meditation Mats | Yoga Store > Yoga Gear by Themes > Mystical Range,Assigned on source,Mats & Towels,Meditation mats,Meditation Mats,In stock at capture,2026-09-25,Mystical Meditation Mat,Mystical Meditation Mat offers a dedicated surface or textile for yoga and meditation.,"Mystical Meditation Mat can be part of a regular practice setup at home or in a studio. Its named textile, backing or weave helps identify the feel and style of this option. Check dimensions and washing or cleaning instructions before making a selection.",Original Isha Life branded item — reference only; retain source identity
Isha Life India,7310,CA0009100400,Organic Waffle Towel - Big,https://ishalife.sadhguru.org/in/organic-waffle-towel-big,https://ishalife.sadhguru.org/media/catalog/product/0/4/0402043.jpg?optimize=medium&fit=bounds&height=&width=,Yoga Store; Yoga Accessories; Yoga Gear by Themes; Towels; Organic Range,Yoga Store > Yoga Accessories > Towels | Yoga Store > Yoga Gear by Themes > Organic Range,Assigned on source,Mats & Towels,Yoga towels,Yoga Accessories,In stock at capture,2026-09-25,SHIKHA Organic Waffle Towel - Big,Organic Waffle Towel - Big offers a dedicated surface or textile for yoga and meditation.,"Organic Waffle Towel - Big can be part of a regular practice setup at home or in a studio. Its named textile, backing or weave helps identify the feel and style of this option. Check dimensions and washing or cleaning instructions before making a selection.",Proposed SHIKHA concept based on product type; source item is Isha Life
Isha Life India,26071,CA01550,Adiyogi Sun Hat - Navy Blue,https://ishalife.sadhguru.org/in/adiyogi-sun-hat-navy-blue-1,https://ishalife.sadhguru.org/media/catalog/product/6/_/6_78.jpg?optimize=medium&fit=bounds&height=&width=,Yoga Store; Yoga Accessories,Yoga Store > Yoga Accessories,Assigned on source,Apparel & Carry,Hats,Yoga Accessories,In stock at capture,2026-09-25,Adiyogi Sun Hat - Navy Blue,Adiyogi Sun Hat - Navy Blue is an easy-wear option for movement and everyday use.,"Adiyogi Sun Hat - Navy Blue brings the color, cut or design named in the product title to a versatile clothing piece. Wear it for practice, travel or relaxed days according to your preference. Refer to the original size guide and care details before selecting a variant.",Original Isha Life branded item — reference only; retain source identity
Isha Life India,6102,CA00635 Men,Men Cotton Half-sleeve Sadhana T-Shirt - White,https://ishalife.sadhguru.org/in/unisex-organic-cotton-sadhana-t-shirt-white-6220,https://ishalife.sadhguru.org/media/catalog/product/c/a/ca00635_3_.jpg?optimize=medium&fit=bounds&height=&width=,Yoga Store; Yoga Clothing; Mens; Womens; Sadhana Essentials; Sadhana Clothing,Yoga Store > Yoga Clothing > Mens | Yoga Store > Yoga Clothing > Womens | Yoga Store > Sadhana Essentials > Sadhana Clothing,Assigned on source,Apparel & Carry,Men T-shirts,Yoga Clothing,In stock at capture,2026-09-25,SHIKHA Men Cotton Half-sleeve Sadhana T-Shirt - White,Men Cotton Half-sleeve Sadhana T-Shirt - White is an easy-wear option for movement and everyday use.,"Men Cotton Half-sleeve Sadhana T-Shirt - White brings the color, cut or design named in the product title to a versatile clothing piece. Wear it for practice, travel or relaxed days according to your preference. Refer to the original size guide and care details before selecting a variant.",Proposed SHIKHA concept based on product type; source item is Isha Life
Isha Life India,9224,YS0005800001,"Hammered Copper Storage Pot with Iron Stand, 8 Liters",https://ishalife.sadhguru.org/in/hammered-copper-storage-pot-with-iron-stand-8-liters,https://ishalife.sadhguru.org/media/catalog/product/0/6/0601127_1.jpg?optimize=medium&fit=bounds&height=&width=,Yoga Store; Copper Water Storage; Copper Drinkware,Yoga Store > Copper Water Storage | Yoga Store > Copper Drinkware,Assigned on source,Drinkware & Metalware,Storage pots & jars,Copper Water Storage,In stock at capture,2026-09-25,"SHIKHA Hammered Copper Storage Pot with Iron Stand, 8 Liters","Hammered Copper Storage Pot with Iron Stand, 8 Liters is a reusable piece for serving or storing water.","Hammered Copper Storage Pot with Iron Stand, 8 Liters adds a functional piece of drinkware or metalware to a daily routine. The material, finish and capacity stated in its name help distinguish it from the other options in the range. Review the original cleaning and care guidance before first use.",Proposed SHIKHA concept based on product type; source item is Isha Life
Isha Life India,27072,ME0037200000,Sadhguru / Linga Bhairavi - Kumkum Two-sided Car Photo Stand,https://ishalife.sadhguru.org/in/sadhguru-linga-bhairavi-kumkum-two-sided-car-photo-stand,https://ishalife.sadhguru.org/media/catalog/product/1/_/1_102.jpg?optimize=medium&fit=bounds&height=&width=,Yoga Store; Yoga Accessories,Yoga Store > Yoga Accessories,Assigned on source,Lifestyle & Gifts,Devotional accents,Yoga Accessories,In stock at capture,2026-09-25,Sadhguru / Linga Bhairavi - Kumkum Two-sided Car Photo Stand,Sadhguru / Linga Bhairavi - Kumkum Two-sided Car Photo Stand is a small accent or gift from the Yoga Store collection.,Sadhguru / Linga Bhairavi - Kumkum Two-sided Car Photo Stand brings the design or theme named in the product title into an everyday object. It can be kept as a personal accessory or chosen as a small gift. Review the original dimensions and materials before selecting it.,Original Isha Life branded item — reference only; retain source identity
Isha Life India,7294,CA0009200200,Indian Experience Towel - Small,https://ishalife.sadhguru.org/in/indian-experience-towel-small,https://ishalife.sadhguru.org/media/catalog/product/e/x/ex196-s.jpg?optimize=medium&fit=bounds&height=&width=,Yoga Store; Yoga Accessories; Yoga Gear by Themes; Towels; Indian Experience Range,Yoga Store > Yoga Accessories > Towels | Yoga Store > Yoga Gear by Themes > Indian Experience Range,Assigned on source,Mats & Towels,Yoga towels,Yoga Accessories,In stock at capture,2026-09-25,Indian Experience Towel - Small,Indian Experience Towel - Small offers a dedicated surface or textile for yoga and meditation.,"Indian Experience Towel - Small can be part of a regular practice setup at home or in a studio. Its named textile, backing or weave helps identify the feel and style of this option. Check dimensions and washing or cleaning instructions before making a selection.",Original Isha Life branded item — reference only; retain source identity
Isha Life India,7605,YS0013017000,Cotton Rug Yoga Mat Back Rubberized - Red,https://ishalife.sadhguru.org/in/cotton-rug-yoga-mat-back-rubberized-red,https://ishalife.sadhguru.org/media/catalog/product/y/s/ys0013017000_1_.jpg?optimize=medium&fit=bounds&height=&width=,Yoga Store; Yoga Mats; Rug Yoga Mats; Rug & Rubber Yoga Mats,Yoga Store > Yoga Mats > Rug Yoga Mats | Yoga Store > Yoga Mats > Rug & Rubber Yoga Mats,Assigned on source,Mats & Towels,Yoga mats,Yoga Mats,In stock at capture,2026-09-25,SHIKHA Cotton Rug Yoga Mat Back Rubberized - Red,Cotton Rug Yoga Mat Back Rubberized - Red offers a dedicated surface or textile for yoga and meditation.,"Cotton Rug Yoga Mat Back Rubberized - Red can be part of a regular practice setup at home or in a studio. Its named textile, backing or weave helps identify the feel and style of this option. Check dimensions and washing or cleaning instructions before making a selection.",Proposed SHIKHA concept based on product type; source item is Isha Life
Isha Life India,2513,YS0005400200,Traditional copper water storage pot/matka (Jeevarasam pot). Pure & high quality copper. Good for health. (5 liters),https://ishalife.sadhguru.org/in/copper-water-storage-pot-jeevarasam-pot-5-liters,https://ishalife.sadhguru.org/media/catalog/product/0/1/0111051-pdp-1.jpg?optimize=medium&fit=bounds&height=&width=,Yoga Store; Copper Water Storage; Copper Drinkware,Yoga Store > Copper Water Storage | Yoga Store > Copper Drinkware,Assigned on source,Drinkware & Metalware,Storage pots & jars,Copper Water Storage,In stock at capture,2026-09-25,Traditional copper water storage pot/matka (Jeevarasam pot) — 5 liters,Traditional copper water storage pot/matka (Jeevarasam pot) — 5 liters is a reusable piece for serving or storing water.,"Traditional copper water storage pot/matka (Jeevarasam pot) — 5 liters adds a functional piece of drinkware or metalware to a daily routine. The material, finish and capacity stated in its name help distinguish it from the other options in the range. Review the original cleaning and care guidance before first use.",Original Isha Life branded item — reference only; retain source identity
Isha Life India,16068,HO0048700005,Elegant Pure Brass container,https://ishalife.sadhguru.org/in/brass-container-with-antique-finished-lid,https://ishalife.sadhguru.org/media/catalog/product/0/1/01_11.jpg?optimize=medium&fit=bounds&height=&width=,Yoga Store; Copper Jug Set; Copper Drinkware,Yoga Store > Copper Drinkware > Copper Jug Set,Assigned on source,Drinkware & Metalware,Trays & containers,Copper Drinkware,Out of stock at capture,2026-09-25,SHIKHA Elegant Pure Brass container,Elegant Pure Brass container is a reusable piece for serving or storing water.,"Elegant Pure Brass container adds a functional piece of drinkware or metalware to a daily routine. The material, finish and capacity stated in its name help distinguish it from the other options in the range. Review the original cleaning and care guidance before first use.",Proposed SHIKHA concept based on product type; source item is Isha Life
Isha Life India,6107,CA00633 Men,Men Cotton Sadhana Full-Sleeve T-Shirt - Orange,https://ishalife.sadhguru.org/in/unisex-organic-cotton-sadhana-t-shirt-orange,https://ishalife.sadhguru.org/media/catalog/product/c/a/ca00633_2_.jpg?optimize=medium&fit=bounds&height=&width=,Yoga Store; Yoga Clothing; Mens; Womens; Sadhana Essentials; Sadhana Clothing,Yoga Store > Yoga Clothing > Mens | Yoga Store > Yoga Clothing > Womens | Yoga Store > Sadhana Essentials > Sadhana Clothing,Assigned on source,Apparel & Carry,Men T-shirts,Yoga Clothing,In stock at capture,2026-09-25,SHIKHA Men Cotton Sadhana Full-Sleeve T-Shirt - Orange,Men Cotton Sadhana Full-Sleeve T-Shirt - Orange is an easy-wear option for movement and everyday use.,"Men Cotton Sadhana Full-Sleeve T-Shirt - Orange brings the color, cut or design named in the product title to a versatile clothing piece. Wear it for practice, travel or relaxed days according to your preference. Refer to the original size guide and care details before selecting a variant.",Proposed SHIKHA concept based on product type; source item is Isha Life
Isha Life India,2510,YS0005400400,Traditional copper water storage pot/matka (Jeevarasam pot). Pure & high quality copper. Good for health. (10 liters),https://ishalife.sadhguru.org/in/copper-pot-for-water-storage-2-64-gal,https://ishalife.sadhguru.org/media/catalog/product/c/o/copper_water_storage_pot_jeevarasam_pot_10_liters.jpg?optimize=medium&fit=bounds&height=&width=,Yoga Store; Copper Water Storage; Copper Drinkware,Yoga Store > Copper Water Storage | Yoga Store > Copper Drinkware,Assigned on source,Drinkware & Metalware,Storage pots & jars,Copper Water Storage,In stock at capture,2026-09-25,Traditional copper water storage pot/matka (Jeevarasam pot) — 10 liters,Traditional copper water storage pot/matka (Jeevarasam pot) — 10 liters is a reusable piece for serving or storing water.,"Traditional copper water storage pot/matka (Jeevarasam pot) — 10 liters adds a functional piece of drinkware or metalware to a daily routine. The material, finish and capacity stated in its name help distinguish it from the other options in the range. Review the original cleaning and care guidance before first use.",Original Isha Life branded item — reference only; retain source identity
Isha Life India,6072,CA00628,Mens Cotton Sadhana Kurta - White,https://ishalife.sadhguru.org/in/mens-organic-cotton-sadhana-kurta-white,https://ishalife.sadhguru.org/media/catalog/product/0/2/0201119_l_001.jpg?optimize=medium&fit=bounds&height=&width=,Yoga Store; Yoga Clothing; Mens; Womens; Sadhana Essentials; Sadhana Clothing,Yoga Store > Yoga Clothing > Mens | Yoga Store > Yoga Clothing > Womens | Yoga Store > Sadhana Essentials > Sadhana Clothing,Assigned on source,Apparel & Carry,Men kurtas & tops,Yoga Clothing,In stock at capture,2026-09-25,SHIKHA Mens Cotton Sadhana Kurta - White,Mens Cotton Sadhana Kurta - White is an easy-wear option for movement and everyday use.,"Mens Cotton Sadhana Kurta - White brings the color, cut or design named in the product title to a versatile clothing piece. Wear it for practice, travel or relaxed days according to your preference. Refer to the original size guide and care details before selecting a variant.",Proposed SHIKHA concept based on product type; source item is Isha Life
Isha Life India,6082,CA00630,Womens Cotton Sadhana Kurta - White,https://ishalife.sadhguru.org/in/womens-organic-cotton-sadhana-kurta-white,https://ishalife.sadhguru.org/media/catalog/product/0/2/0202535_s_01_1.jpg?optimize=medium&fit=bounds&height=&width=,Yoga Store; Yoga Clothing; Mens; Womens; Sadhana Essentials; Sadhana Clothing,Yoga Store > Yoga Clothing > Mens | Yoga Store > Yoga Clothing > Womens | Yoga Store > Sadhana Essentials > Sadhana Clothing,Assigned on source,Apparel & Carry,Women kurtas & tops,Yoga Clothing,In stock at capture,2026-09-25,SHIKHA Womens Cotton Sadhana Kurta - White,Womens Cotton Sadhana Kurta - White is an easy-wear option for movement and everyday use.,"Womens Cotton Sadhana Kurta - White brings the color, cut or design named in the product title to a versatile clothing piece. Wear it for practice, travel or relaxed days according to your preference. Refer to the original size guide and care details before selecting a variant.",Proposed SHIKHA concept based on product type; source item is Isha Life
Isha Life India,3535,CA00604,Men's Cotton Drawstring Pants (white). Breathable fabric. Comfortable for Sadhana.,https://ishalife.sadhguru.org/in/men-organic-cotton-knitted-drawstring-pants-white,https://ishalife.sadhguru.org/media/catalog/product/0/2/0201105_l_001.jpg?optimize=medium&fit=bounds&height=&width=,Yoga Store; Yoga Clothing; Mens; Womens,Yoga Store > Yoga Clothing > Mens | Yoga Store > Yoga Clothing > Womens,Assigned on source,Apparel & Carry,Pants & joggers,Yoga Clothing,In stock at capture,2026-09-25,SHIKHA Men's Cotton Drawstring Pants (white),Men's Cotton Drawstring Pants (white) is an easy-wear option for movement and everyday use.,"Men's Cotton Drawstring Pants (white) brings the color, cut or design named in the product title to a versatile clothing piece. Wear it for practice, travel or relaxed days according to your preference. Refer to the original size guide and care details before selecting a variant.",Proposed SHIKHA concept based on product type; source item is Isha Life
Isha Life India,7807,YS0007900000,Bhuta Shuddhi Cloth Bag,https://ishalife.sadhguru.org/in/bhuta-shuddhi-cloth-bag,https://ishalife.sadhguru.org/media/catalog/product/y/a/ya409-1.jpg?optimize=medium&fit=bounds&height=&width=,Yoga Store; Sadhana Essentials; Bhuta Shuddhi Kit & Refills,Yoga Store > Sadhana Essentials > Bhuta Shuddhi Kit & Refills,Assigned on source,Apparel & Carry,Yoga bags,Sadhana Essentials,In stock at capture,2026-09-25,Bhuta Shuddhi Cloth Bag,Bhuta Shuddhi Cloth Bag keeps daily and practice essentials close at hand.,"Bhuta Shuddhi Cloth Bag offers a practical way to organize what you carry between home, class and travel. Its named fabric, print or construction detail gives this version its character. Check the original dimensions and care instructions when choosing a bag or cover.",Original Isha Life branded item — reference only; retain source identity
Isha Life India,7321,YS0011600000,Handwoven organic cotton rug yoga mat. Undyed. Eco-friendly. Washable. GOTS certified.,https://ishalife.sadhguru.org/in/organic-rug-yoga-mat,https://ishalife.sadhguru.org/media/catalog/product/y/a/ya110-1.jpg?optimize=medium&fit=bounds&height=&width=,Yoga Store; Yoga Mats; Yoga Gear by Themes; Rug Yoga Mats; Organic Yoga Mats; Organic Range,Yoga Store > Yoga Mats > Rug Yoga Mats | Yoga Store > Yoga Mats > Organic Yoga Mats | Yoga Store > Yoga Gear by Themes > Organic Range,Assigned on source,Mats & Towels,Yoga mats,Yoga Mats,In stock at capture,2026-09-25,SHIKHA Handwoven organic cotton rug yoga mat. Undyed,Handwoven organic cotton rug yoga mat. Undyed offers a dedicated surface or textile for yoga and meditation.,"Handwoven organic cotton rug yoga mat. Undyed can be part of a regular practice setup at home or in a studio. Its named textile, backing or weave helps identify the feel and style of this option. Check dimensions and washing or cleaning instructions before making a selection.",Proposed SHIKHA concept based on product type; source item is Isha Life
Isha Life India,9508,CA0003116900,Organic Printed Bag Aum,https://ishalife.sadhguru.org/in/organic-printed-bag-aum,https://ishalife.sadhguru.org/media/catalog/product/b/g/bg121-1_1.jpg?optimize=medium&fit=bounds&height=&width=,Yoga Store; Yoga Accessories; Bags,Yoga Store > Yoga Accessories > Bags,Assigned on source,Apparel & Carry,Yoga bags,Yoga Accessories,In stock at capture,2026-09-25,Organic Printed Bag Aum,Organic Printed Bag Aum keeps daily and practice essentials close at hand.,"Organic Printed Bag Aum offers a practical way to organize what you carry between home, class and travel. Its named fabric, print or construction detail gives this version its character. Check the original dimensions and care instructions when choosing a bag or cover.",Original Isha Life branded item — reference only; retain source identity
Isha Life India,2512,YS0005500200,Jeevarasam Pot Plate - Small,https://ishalife.sadhguru.org/in/copper-pot-plate-small,https://ishalife.sadhguru.org/media/catalog/product/y/a/ya510-1.jpg?optimize=medium&fit=bounds&height=&width=,Yoga Store; Copper Water Storage; Copper Drinkware,Yoga Store > Copper Water Storage | Yoga Store > Copper Drinkware,Assigned on source,Drinkware & Metalware,Trays & containers,Copper Water Storage,In stock at capture,2026-09-25,Jeevarasam Pot Plate - Small,Jeevarasam Pot Plate - Small is a reusable piece for serving or storing water.,"Jeevarasam Pot Plate - Small adds a functional piece of drinkware or metalware to a daily routine. The material, finish and capacity stated in its name help distinguish it from the other options in the range. Review the original cleaning and care guidance before first use.",Original Isha Life branded item — reference only; retain source identity
Isha Life India,6097,CA00636 Men,Men Cotton Sadhana T-Shirt - White,https://ishalife.sadhguru.org/in/unisex-organic-cotton-sadhana-t-shirt-white,https://ishalife.sadhguru.org/media/catalog/product/c/a/ca0063600400_03.jpg?optimize=medium&fit=bounds&height=&width=,Yoga Store; Yoga Clothing; Mens; Womens; Sadhana Essentials; Sadhana Clothing,Yoga Store > Yoga Clothing > Mens | Yoga Store > Yoga Clothing > Womens | Yoga Store > Sadhana Essentials > Sadhana Clothing,Assigned on source,Apparel & Carry,Men T-shirts,Yoga Clothing,In stock at capture,2026-09-25,SHIKHA Men Cotton Sadhana T-Shirt - White,Men Cotton Sadhana T-Shirt - White is an easy-wear option for movement and everyday use.,"Men Cotton Sadhana T-Shirt - White brings the color, cut or design named in the product title to a versatile clothing piece. Wear it for practice, travel or relaxed days according to your preference. Refer to the original size guide and care details before selecting a variant.",Proposed SHIKHA concept based on product type; source item is Isha Life
Isha Life India,27081,ME0037500000,Adiyogi / Dhyanalinga Two-sided Car Photo Stand,https://ishalife.sadhguru.org/in/adiyogi-dhyanalinga-two-sided-car-photo-stand,https://ishalife.sadhguru.org/media/catalog/product/1/_/1_3_2.jpg?optimize=medium&fit=bounds&height=&width=,Yoga Store; Yoga Accessories,Yoga Store > Yoga Accessories,Assigned on source,Lifestyle & Gifts,Devotional accents,Yoga Accessories,Out of stock at capture,2026-09-25,Adiyogi / Dhyanalinga Two-sided Car Photo Stand,Adiyogi / Dhyanalinga Two-sided Car Photo Stand is a small accent or gift from the Yoga Store collection.,Adiyogi / Dhyanalinga Two-sided Car Photo Stand brings the design or theme named in the product title into an everyday object. It can be kept as a personal accessory or chosen as a small gift. Review the original dimensions and materials before selecting it.,Original Isha Life branded item — reference only; retain source identity
Isha Life India,26065,CA01548,Adiyogi Bucket Hat - Navy Blue,https://ishalife.sadhguru.org/in/adiyogi-bucket-hat-navy-blue-1,https://ishalife.sadhguru.org/media/catalog/product/1/_/1_1__6.jpg?optimize=medium&fit=bounds&height=&width=,Yoga Store; Yoga Accessories,Yoga Store > Yoga Accessories,Assigned on source,Apparel & Carry,Hats,Yoga Accessories,In stock at capture,2026-09-25,Adiyogi Bucket Hat - Navy Blue,Adiyogi Bucket Hat - Navy Blue is an easy-wear option for movement and everyday use.,"Adiyogi Bucket Hat - Navy Blue brings the color, cut or design named in the product title to a versatile clothing piece. Wear it for practice, travel or relaxed days according to your preference. Refer to the original size guide and care details before selecting a variant.",Original Isha Life branded item — reference only; retain source identity
Isha Life India,14304,CA0009400000,Handloom cotton towel natural dyed - Large,https://ishalife.sadhguru.org/in/handloom-cotton-towel-natural-dyed-large-0009400000,https://ishalife.sadhguru.org/media/catalog/product/c/a/ca0009400000_4_.jpg?optimize=medium&fit=bounds&height=&width=,Yoga Store; Yoga Accessories; Towels,Yoga Store > Yoga Accessories > Towels,Assigned on source,Mats & Towels,Yoga towels,Yoga Accessories,Out of stock at capture,2026-09-25,SHIKHA Handloom cotton towel natural dyed - Large,Handloom cotton towel natural dyed - Large offers a dedicated surface or textile for yoga and meditation.,"Handloom cotton towel natural dyed - Large can be part of a regular practice setup at home or in a studio. Its named textile, backing or weave helps identify the feel and style of this option. Check dimensions and washing or cleaning instructions before making a selection.",Proposed SHIKHA concept based on product type; source item is Isha Life
Isha Life India,7293,CA0009200400,Indian Experience Towel - Big,https://ishalife.sadhguru.org/in/indian-experience-towel-big,https://ishalife.sadhguru.org/media/catalog/product/0/4/0402045.jpg?optimize=medium&fit=bounds&height=&width=,Yoga Store; Yoga Accessories; Yoga Gear by Themes; Towels; Indian Experience Range,Yoga Store > Yoga Accessories > Towels | Yoga Store > Yoga Gear by Themes > Indian Experience Range,Assigned on source,Mats & Towels,Yoga towels,Yoga Accessories,In stock at capture,2026-09-25,Indian Experience Towel - Big,Indian Experience Towel - Big offers a dedicated surface or textile for yoga and meditation.,"Indian Experience Towel - Big can be part of a regular practice setup at home or in a studio. Its named textile, backing or weave helps identify the feel and style of this option. Check dimensions and washing or cleaning instructions before making a selection.",Original Isha Life branded item — reference only; retain source identity
Isha Life India,5925,HO0067700000,Linga Bhairavi Key Chain,https://ishalife.sadhguru.org/in/linga-bhairavi-key-chain,https://ishalife.sadhguru.org/media/catalog/product/0/1/011113.jpg?optimize=medium&fit=bounds&height=&width=,Yoga Store,Yoga Store,Assigned on source,Lifestyle & Gifts,Keychains,Yoga Store,In stock at capture,2026-09-25,Linga Bhairavi Key Chain,Linga Bhairavi Key Chain is a small accent or gift from the Yoga Store collection.,Linga Bhairavi Key Chain brings the design or theme named in the product title into an everyday object. It can be kept as a personal accessory or chosen as a small gift. Review the original dimensions and materials before selecting it.,Original Isha Life branded item — reference only; retain source identity
Isha Life India,8191,HO0068417100,Inhale Exhale Key Chain,https://ishalife.sadhguru.org/in/inhale-exhale-key-chain,https://ishalife.sadhguru.org/media/catalog/product/0/6/0601075.jpg?optimize=medium&fit=bounds&height=&width=,Yoga Store; Yoga Accessories; Yoga Merchandise,Yoga Store > Yoga Accessories > Yoga Merchandise,Assigned on source,Lifestyle & Gifts,Keychains,Yoga Accessories,In stock at capture,2026-09-25,SHIKHA Inhale Exhale Key Chain,Inhale Exhale Key Chain is a small accent or gift from the Yoga Store collection.,Inhale Exhale Key Chain brings the design or theme named in the product title into an everyday object. It can be kept as a personal accessory or chosen as a small gift. Review the original dimensions and materials before selecting it.,Proposed SHIKHA concept based on product type; source item is Isha Life
Isha Life India,5906,HO0065017200,Adiyogi Round Key Chain Big,https://ishalife.sadhguru.org/in/adiyogi-round-key-chain-big,https://ishalife.sadhguru.org/media/catalog/product/h/o/ho0065017200_1_.jpg?optimize=medium&fit=bounds&height=&width=,Yoga Store,Yoga Store,Assigned on source,Lifestyle & Gifts,Keychains,Yoga Store,In stock at capture,2026-09-25,Adiyogi Round Key Chain Big,Adiyogi Round Key Chain Big is a small accent or gift from the Yoga Store collection.,Adiyogi Round Key Chain Big brings the design or theme named in the product title into an everyday object. It can be kept as a personal accessory or chosen as a small gift. Review the original dimensions and materials before selecting it.,Original Isha Life branded item — reference only; retain source identity
Isha Life India,1287,YS0002100001,"Copper Glass / Tumbler, 200 ml",https://ishalife.sadhguru.org/in/copper-glass-tumbler-200-ml,https://ishalife.sadhguru.org/media/catalog/product/0/1/0105101.jpg?optimize=medium&fit=bounds&height=&width=,Yoga Store; Copper Glass / Tumbler; Copper Drinkware,Yoga Store > Copper Drinkware > Copper Glass / Tumbler,Assigned on source,Drinkware & Metalware,Tumblers & glasses,Copper Drinkware,In stock at capture,2026-09-25,"SHIKHA Copper Glass / Tumbler, 200 ml","Copper Glass / Tumbler, 200 ml is a reusable piece for serving or storing water.","Copper Glass / Tumbler, 200 ml adds a functional piece of drinkware or metalware to a daily routine. The material, finish and capacity stated in its name help distinguish it from the other options in the range. Review the original cleaning and care guidance before first use.",Proposed SHIKHA concept based on product type; source item is Isha Life
Isha Life India,13226,YS0001516900,Sadhguru Quote Copper Bottle. For storing and drinking water. A festive gift for home and office.,https://ishalife.sadhguru.org/in/sadhguru-quote-black-copper-water-bottle-25-oz,https://ishalife.sadhguru.org/media/catalog/product/a/r/artboard_1_19_1.jpg?optimize=medium&fit=bounds&height=&width=,Yoga Store; Yoga Accessories; Copper Water Bottle; Copper Bottles; Copper Drinkware,Yoga Store > Copper Drinkware > Copper Water Bottle | Yoga Store > Yoga Accessories > Copper Bottles,Assigned on source,Drinkware & Metalware,Water bottles,Copper Drinkware,In stock at capture,2026-09-25,Sadhguru Quote Copper Bottle,Sadhguru Quote Copper Bottle is a reusable piece for serving or storing water.,"Sadhguru Quote Copper Bottle adds a functional piece of drinkware or metalware to a daily routine. The material, finish and capacity stated in its name help distinguish it from the other options in the range. Review the original cleaning and care guidance before first use.",Original Isha Life branded item — reference only; retain source identity
Isha Life India,13359,YS0004200000,Hammered Copper Mug- Rust Brown. A festive gift.,https://ishalife.sadhguru.org/in/hammered-copper-mug-rust-brown-a-festive-gift-0004200000,https://ishalife.sadhguru.org/media/catalog/product/a/r/artboard_1_100_1.jpg?optimize=medium&fit=bounds&height=&width=,Yoga Store; Copper Containers; Copper Drinkware,Yoga Store > Copper Containers | Yoga Store > Copper Drinkware,Assigned on source,Drinkware & Metalware,Jugs & mugs,Copper Containers,In stock at capture,2026-09-25,SHIKHA Hammered Copper Mug- Rust Brown,Hammered Copper Mug- Rust Brown is a reusable piece for serving or storing water.,"Hammered Copper Mug- Rust Brown adds a functional piece of drinkware or metalware to a daily routine. The material, finish and capacity stated in its name help distinguish it from the other options in the range. Review the original cleaning and care guidance before first use.",Proposed SHIKHA concept based on product type; source item is Isha Life
Isha Life India,5919,HO0067600000,Dhyanalinga Key Chain,https://ishalife.sadhguru.org/in/dhyanalinga-key-chain,https://ishalife.sadhguru.org/media/catalog/product/0/1/0111111.jpg?optimize=medium&fit=bounds&height=&width=,Yoga Store,Yoga Store,Assigned on source,Lifestyle & Gifts,Keychains,Yoga Store,In stock at capture,2026-09-25,Dhyanalinga Key Chain,Dhyanalinga Key Chain is a small accent or gift from the Yoga Store collection.,Dhyanalinga Key Chain brings the design or theme named in the product title into an everyday object. It can be kept as a personal accessory or chosen as a small gift. Review the original dimensions and materials before selecting it.,Original Isha Life branded item — reference only; retain source identity
Isha Life India,14153,YS0005900000,Hammered Copper Jar with Matt Finish. For storing and drinking water. A festive gift for home and office.,https://ishalife.sadhguru.org/in/hammered-copper-jar-with-mat-finish-for-storing-and-drinking-water-a-festive-gift-for-home-and-office-0005900000,https://ishalife.sadhguru.org/media/catalog/product/a/r/artboard_1_151.jpg?optimize=medium&fit=bounds&height=&width=,Yoga Store; Copper Water Bottle; Copper Jug Set; Copper Drinkware,Yoga Store > Copper Drinkware > Copper Water Bottle | Yoga Store > Copper Drinkware > Copper Jug Set,Assigned on source,Drinkware & Metalware,Storage pots & jars,Copper Drinkware,In stock at capture,2026-09-25,SHIKHA Hammered Copper Jar with Matt Finish,Hammered Copper Jar with Matt Finish is a reusable piece for serving or storing water.,"Hammered Copper Jar with Matt Finish adds a functional piece of drinkware or metalware to a daily routine. The material, finish and capacity stated in its name help distinguish it from the other options in the range. Review the original cleaning and care guidance before first use.",Proposed SHIKHA concept based on product type; source item is Isha Life
Isha Life India,7342,YS0013100000,Organic Rug Mat with Natural Dyed,https://ishalife.sadhguru.org/in/organic-rug-mat-with-natural-dyed,https://ishalife.sadhguru.org/media/catalog/product/y/a/ya118.jpg?optimize=medium&fit=bounds&height=&width=,Yoga Store; Yoga Mats; Rug Yoga Mats; Organic Yoga Mats,Yoga Store > Yoga Mats > Rug Yoga Mats | Yoga Store > Yoga Mats > Organic Yoga Mats,Assigned on source,Mats & Towels,Yoga mats,Yoga Mats,In stock at capture,2026-09-25,SHIKHA Organic Rug Mat with Natural Dyed,Organic Rug Mat with Natural Dyed offers a dedicated surface or textile for yoga and meditation.,"Organic Rug Mat with Natural Dyed can be part of a regular practice setup at home or in a studio. Its named textile, backing or weave helps identify the feel and style of this option. Check dimensions and washing or cleaning instructions before making a selection.",Proposed SHIKHA concept based on product type; source item is Isha Life
Isha Life India,6390,YS0000500200,"Copper Water Bottle Engraved with Yogeshwaraya Chant, 450 ml",https://ishalife.sadhguru.org/in/copper-water-bottle-written-with-yogeshwaraya-chant-450-ml,https://ishalife.sadhguru.org/media/catalog/product/y/a/ya546_2_.jpg?optimize=medium&fit=bounds&height=&width=,Yoga Store; Yoga Accessories; Copper Water Bottle; Copper Drinkware,Yoga Store > Yoga Accessories | Yoga Store > Copper Drinkware > Copper Water Bottle,Assigned on source,Drinkware & Metalware,Water bottles,Copper Drinkware,In stock at capture,2026-09-25,"Copper Water Bottle Engraved with Yogeshwaraya Chant, 450 ml","Copper Water Bottle Engraved with Yogeshwaraya Chant, 450 ml is a reusable piece for serving or storing water.","Copper Water Bottle Engraved with Yogeshwaraya Chant, 450 ml adds a functional piece of drinkware or metalware to a daily routine. The material, finish and capacity stated in its name help distinguish it from the other options in the range. Review the original cleaning and care guidance before first use.",Original Isha Life branded item — reference only; retain source identity
Isha Life India,16153,CA0007700005,Natural cotton bag with zipper pocket and bottle holder,https://ishalife.sadhguru.org/in/natural-cotton-bag-with-zipper-pocket-and-bottle-holder-0007700005,https://ishalife.sadhguru.org/media/catalog/product/d/s/dsc02203.jpg?optimize=medium&fit=bounds&height=&width=,Yoga Store; Yoga Accessories; Bags,Yoga Store > Yoga Accessories > Bags,Assigned on source,Apparel & Carry,Yoga bags,Yoga Accessories,In stock at capture,2026-09-25,SHIKHA Natural cotton bag with zipper pocket and bottle holder,Natural cotton bag with zipper pocket and bottle holder keeps daily and practice essentials close at hand.,"Natural cotton bag with zipper pocket and bottle holder offers a practical way to organize what you carry between home, class and travel. Its named fabric, print or construction detail gives this version its character. Check the original dimensions and care instructions when choosing a bag or cover.",Proposed SHIKHA concept based on product type; source item is Isha Life
Isha Life India,12882,CA0011700000,Save Our Soil Fridge Magnet,https://ishalife.sadhguru.org/in/save-our-soil-magnet,https://ishalife.sadhguru.org/media/catalog/product/e/x/ex271_1_.jpg?optimize=medium&fit=bounds&height=&width=,Yoga Store; Yoga Accessories; Yoga Merchandise,Yoga Store > Yoga Accessories > Yoga Merchandise,Assigned on source,Lifestyle & Gifts,Magnets,Yoga Accessories,In stock at capture,2026-09-25,Save Our Soil Fridge Magnet,Save Our Soil Fridge Magnet is a small accent or gift from the Yoga Store collection.,Save Our Soil Fridge Magnet brings the design or theme named in the product title into an everyday object. It can be kept as a personal accessory or chosen as a small gift. Review the original dimensions and materials before selecting it.,Original Isha Life branded item — reference only; retain source identity
Isha Life India,6087,CA00631,Womens Cotton Sadhana Pyjama - White,https://ishalife.sadhguru.org/in/womens-organic-cotton-sadhana-pyjama-white,https://ishalife.sadhguru.org/media/catalog/product/0/2/0202536_s_03_1.jpg?optimize=medium&fit=bounds&height=&width=,Yoga Store; Yoga Clothing; Mens; Womens; Sadhana Essentials; Sadhana Clothing,Yoga Store > Yoga Clothing > Mens | Yoga Store > Yoga Clothing > Womens | Yoga Store > Sadhana Essentials > Sadhana Clothing,Assigned on source,Apparel & Carry,Pants & joggers,Yoga Clothing,In stock at capture,2026-09-25,SHIKHA Womens Cotton Sadhana Pyjama - White,Womens Cotton Sadhana Pyjama - White is an easy-wear option for movement and everyday use.,"Womens Cotton Sadhana Pyjama - White brings the color, cut or design named in the product title to a versatile clothing piece. Wear it for practice, travel or relaxed days according to your preference. Refer to the original size guide and care details before selecting a variant.",Proposed SHIKHA concept based on product type; source item is Isha Life
Isha Life India,16146,CA0007317005,Jute Matting Bag - Natural,https://ishalife.sadhguru.org/in/jute-matting-bag-natural-0007317005,https://ishalife.sadhguru.org/media/catalog/product/1/_/1_293.jpg?optimize=medium&fit=bounds&height=&width=,Yoga Store; Yoga Accessories; Bags,Yoga Store > Yoga Accessories > Bags,Assigned on source,Apparel & Carry,Yoga bags,Yoga Accessories,In stock at capture,2026-09-25,SHIKHA Jute Matting Bag - Natural,Jute Matting Bag - Natural keeps daily and practice essentials close at hand.,"Jute Matting Bag - Natural offers a practical way to organize what you carry between home, class and travel. Its named fabric, print or construction detail gives this version its character. Check the original dimensions and care instructions when choosing a bag or cover.",Proposed SHIKHA concept based on product type; source item is Isha Life
Isha Life India,16142,CA0006900005,Washed Cotton Canvas Bag,https://ishalife.sadhguru.org/in/washed-cotton-canvas-bag-0006900005,https://ishalife.sadhguru.org/media/catalog/product/d/s/dsc01945_1.jpg?optimize=medium&fit=bounds&height=&width=,Yoga Store; Yoga Accessories; Bags,Yoga Store > Yoga Accessories > Bags,Assigned on source,Apparel & Carry,Yoga bags,Yoga Accessories,In stock at capture,2026-09-25,SHIKHA Washed Cotton Canvas Bag,Washed Cotton Canvas Bag keeps daily and practice essentials close at hand.,"Washed Cotton Canvas Bag offers a practical way to organize what you carry between home, class and travel. Its named fabric, print or construction detail gives this version its character. Check the original dimensions and care instructions when choosing a bag or cover.",Proposed SHIKHA concept based on product type; source item is Isha Life
Isha Life India,16138,CA0006600005,Soft Jute Kilim Hand Bag,https://ishalife.sadhguru.org/in/soft-jute-kilim-hand-bag--0006600005,https://ishalife.sadhguru.org/media/catalog/product/d/s/dsc01778_1.jpg?optimize=medium&fit=bounds&height=&width=,Yoga Store; Yoga Accessories; Bags,Yoga Store > Yoga Accessories > Bags,Assigned on source,Apparel & Carry,Yoga bags,Yoga Accessories,Out of stock at capture,2026-09-25,SHIKHA Soft Jute Kilim Hand Bag,Soft Jute Kilim Hand Bag keeps daily and practice essentials close at hand.,"Soft Jute Kilim Hand Bag offers a practical way to organize what you carry between home, class and travel. Its named fabric, print or construction detail gives this version its character. Check the original dimensions and care instructions when choosing a bag or cover.",Proposed SHIKHA concept based on product type; source item is Isha Life
Isha Life India,1230,CA0004200000,Ladies Jute Purse/Wallet,https://ishalife.sadhguru.org/in/jute-ladies-purse,https://ishalife.sadhguru.org/media/catalog/product/b/g/bg158-1_1.jpg?optimize=medium&fit=bounds&height=&width=,Yoga Store; Yoga Accessories; Purses,Yoga Store > Yoga Accessories > Purses,Assigned on source,Apparel & Carry,Wallets & purses,Yoga Accessories,In stock at capture,2026-09-25,SHIKHA Ladies Jute Purse/Wallet,Ladies Jute Purse/Wallet keeps daily and practice essentials close at hand.,"Ladies Jute Purse/Wallet offers a practical way to organize what you carry between home, class and travel. Its named fabric, print or construction detail gives this version its character. Check the original dimensions and care instructions when choosing a bag or cover.",Proposed SHIKHA concept based on product type; source item is Isha Life
Isha Life India,6320,CA0003500000,Off White Cotton Nandi Bag,https://ishalife.sadhguru.org/in/off-white-organic-cotton-nandi-bag,https://ishalife.sadhguru.org/media/catalog/product/0/1/0101487.jpg?optimize=medium&fit=bounds&height=&width=,Yoga Store; Yoga Accessories; Bags,Yoga Store > Yoga Accessories > Bags,Assigned on source,Apparel & Carry,Yoga bags,Yoga Accessories,In stock at capture,2026-09-25,Off White Cotton Nandi Bag,Off White Cotton Nandi Bag keeps daily and practice essentials close at hand.,"Off White Cotton Nandi Bag offers a practical way to organize what you carry between home, class and travel. Its named fabric, print or construction detail gives this version its character. Check the original dimensions and care instructions when choosing a bag or cover.",Original Isha Life branded item — reference only; retain source identity
Isha Life India,9552,CA0003317000,Organic Printed Bag Bliss,https://ishalife.sadhguru.org/in/organic-printed-bag-bliss,https://ishalife.sadhguru.org/media/catalog/product/0/1/0101480.jpg?optimize=medium&fit=bounds&height=&width=,Yoga Store; Yoga Accessories; Bags,Yoga Store > Yoga Accessories > Bags,Assigned on source,Apparel & Carry,Yoga bags,Yoga Accessories,In stock at capture,2026-09-25,SHIKHA Organic Printed Bag Bliss,Organic Printed Bag Bliss keeps daily and practice essentials close at hand.,"Organic Printed Bag Bliss offers a practical way to organize what you carry between home, class and travel. Its named fabric, print or construction detail gives this version its character. Check the original dimensions and care instructions when choosing a bag or cover.",Proposed SHIKHA concept based on product type; source item is Isha Life
Isha Life India,1233,CA0004500000,Jute Passport Purse,https://ishalife.sadhguru.org/in/jute-passport-purse,https://ishalife.sadhguru.org/media/catalog/product/b/g/bg140-1.jpg?optimize=medium&fit=bounds&height=&width=,Yoga Store; Yoga Accessories; Purses,Yoga Store > Yoga Accessories > Purses,Assigned on source,Apparel & Carry,Wallets & purses,Yoga Accessories,In stock at capture,2026-09-25,SHIKHA Jute Passport Purse,Jute Passport Purse keeps daily and practice essentials close at hand.,"Jute Passport Purse offers a practical way to organize what you carry between home, class and travel. Its named fabric, print or construction detail gives this version its character. Check the original dimensions and care instructions when choosing a bag or cover.",Proposed SHIKHA concept based on product type; source item is Isha Life
Isha Life India,16152,CA0007617005,Natural cotton bag with coco button- design 2,https://ishalife.sadhguru.org/in/natural-cotton-bag-with-coco-button-design-2-0007617005,https://ishalife.sadhguru.org/media/catalog/product/d/s/dsc02225.jpg?optimize=medium&fit=bounds&height=&width=,Yoga Store; Yoga Accessories; Bags,Yoga Store > Yoga Accessories > Bags,Assigned on source,Apparel & Carry,Yoga bags,Yoga Accessories,In stock at capture,2026-09-25,SHIKHA Natural cotton bag with coco button- design 2,Natural cotton bag with coco button- design 2 keeps daily and practice essentials close at hand.,"Natural cotton bag with coco button- design 2 offers a practical way to organize what you carry between home, class and travel. Its named fabric, print or construction detail gives this version its character. Check the original dimensions and care instructions when choosing a bag or cover.",Proposed SHIKHA concept based on product type; source item is Isha Life
Isha Life India,31190,CA0119516905,Natural Dyed Neck Pillow with Silk Cotton Fillings - Vettiver Brown,https://ishalife.sadhguru.org/in/ca0119516905-natural-dyed-neck-pillow-with-silk-cotton-fillings-vettiver-brown,https://ishalife.sadhguru.org/media/catalog/product/c/a/ca0119516905_1_.jpg?optimize=medium&fit=bounds&height=&width=,Yoga Store,Yoga Store,Assigned on source,Bolsters & Soft Supports,Neck pillows,Yoga Store,In stock at capture,2026-09-25,SHIKHA Natural Dyed Neck Pillow with Silk Cotton Fillings - Vettiver Brown,Natural Dyed Neck Pillow with Silk Cotton Fillings - Vettiver Brown adds a soft support to rest or seated practice.,"Natural Dyed Neck Pillow with Silk Cotton Fillings - Vettiver Brown is a compact comfort piece for meditation, relaxation or supported positioning. The named filling, fabric or shape distinguishes it from other soft props. Place it where gentle support feels useful and follow the original care instructions.",Proposed SHIKHA concept based on product type; source item is Isha Life
Isha Life India,16060,HO0048300005,Elegant Pure Brass Water Mug,https://ishalife.sadhguru.org/in/pure-brass-water-jug-0048300005,https://ishalife.sadhguru.org/media/catalog/product/0/1/01_8.jpg?optimize=medium&fit=bounds&height=&width=,Yoga Store; Copper Jug Set; Copper Drinkware,Yoga Store > Copper Drinkware > Copper Jug Set,Assigned on source,Drinkware & Metalware,Jugs & mugs,Copper Drinkware,In stock at capture,2026-09-25,SHIKHA Elegant Pure Brass Water Mug,Elegant Pure Brass Water Mug is a reusable piece for serving or storing water.,"Elegant Pure Brass Water Mug adds a functional piece of drinkware or metalware to a daily routine. The material, finish and capacity stated in its name help distinguish it from the other options in the range. Review the original cleaning and care guidance before first use.",Proposed SHIKHA concept based on product type; source item is Isha Life
Isha Life India,31052,YS0001800005,Copper Drinkware Set - Classic,https://ishalife.sadhguru.org/in/ys0001800005-copper-drinkware-set-classic,https://ishalife.sadhguru.org/media/catalog/product/y/s/ys0001800005_1_.jpg?optimize=medium&fit=bounds&height=&width=,Yoga Store; Yoga Accessories; Copper Serveware; Copper Water Bottle; Copper Glass / Tumbler; Copper Containers; Copper Bottles; Copper Drinkware,Yoga Store > Copper Serveware | Yoga Store > Copper Drinkware > Copper Water Bottle | Yoga Store > Copper Drinkware > Copper Glass / Tumbler | Yoga Store > Copper Containers | Yoga Store > Yoga Accessories > Copper Bottles,Assigned on source,Drinkware & Metalware,Drinkware sets,Copper Drinkware,In stock at capture,2026-09-25,SHIKHA Copper Drinkware Set - Classic,Copper Drinkware Set - Classic is a reusable piece for serving or storing water.,"Copper Drinkware Set - Classic adds a functional piece of drinkware or metalware to a daily routine. The material, finish and capacity stated in its name help distinguish it from the other options in the range. Review the original cleaning and care guidance before first use.",Proposed SHIKHA concept based on product type; source item is Isha Life
Isha Life India,28337,YS0015400000,Shivanga Biksha Hundi,https://ishalife.sadhguru.org/in/ys0015400000-shivanga-biksha-hundi,https://ishalife.sadhguru.org/media/catalog/product/y/s/ys0015400000_3_.jpg?optimize=medium&fit=bounds&height=&width=,Yoga Store; Sadhana Essentials; Shivanga Sadhana; shivanga sadhana support,Yoga Store > Sadhana Essentials > Shivanga Sadhana | Yoga Store > Sadhana Essentials > shivanga sadhana support,Assigned on source,Sadhana & Ritual,Shivanga essentials,Sadhana Essentials,In stock at capture,2026-09-25,Shivanga Biksha Hundi,Shivanga Biksha Hundi is an original Isha Life item for its named practice.,Shivanga Biksha Hundi is associated with the specific sadhana or ritual named in the product title. Keep the components and instructions supplied for that practice together. Confirm the exact contents and eligibility requirements with Isha Life before ordering or using it.,Original Isha Life branded item — reference only; retain source identity
Isha Life India,16148,CA0007400005,Soft Jute Kilim Bag with stitch detail,https://ishalife.sadhguru.org/in/soft-jute-kilim-bag-with-stitch-detail-0007400005,https://ishalife.sadhguru.org/media/catalog/product/d/s/dsc01874.jpg?optimize=medium&fit=bounds&height=&width=,Yoga Store; Yoga Accessories; Bags,Yoga Store > Yoga Accessories > Bags,Assigned on source,Apparel & Carry,Yoga bags,Yoga Accessories,In stock at capture,2026-09-25,SHIKHA Soft Jute Kilim Bag with stitch detail,Soft Jute Kilim Bag with stitch detail keeps daily and practice essentials close at hand.,"Soft Jute Kilim Bag with stitch detail offers a practical way to organize what you carry between home, class and travel. Its named fabric, print or construction detail gives this version its character. Check the original dimensions and care instructions when choosing a bag or cover.",Proposed SHIKHA concept based on product type; source item is Isha Life
Isha Life India,6285,YS0009000000,Eye Wash Cup,https://ishalife.sadhguru.org/in/eye-wash-cup,https://ishalife.sadhguru.org/media/catalog/product/0/1/0111139.jpg?optimize=medium&fit=bounds&height=&width=,Yoga Store; Yoga Accessories; Eye Pillow & Wash Cup,Yoga Store > Yoga Accessories > Eye Pillow & Wash Cup,Assigned on source,Cleansing & Self-Care,Eye wash cups,Yoga Accessories,In stock at capture,2026-09-25,SHIKHA Eye Wash Cup,Eye Wash Cup is a traditional personal-care tool for a guided routine.,"Eye Wash Cup belongs to a personal-care practice that calls for correct preparation, cleaning and technique. The product title identifies the type or set configuration. Follow the original instructions and qualified guidance before use.",Proposed SHIKHA concept based on product type; source item is Isha Life
Isha Life India,1176,CA0000100000,Jute Backpack,https://ishalife.sadhguru.org/in/jute-backpack,https://ishalife.sadhguru.org/media/catalog/product/b/g/bg162-1.jpg?optimize=medium&fit=bounds&height=&width=,Yoga Store; Yoga Accessories; Bags,Yoga Store > Yoga Accessories > Bags,Assigned on source,Apparel & Carry,Yoga bags,Yoga Accessories,In stock at capture,2026-09-25,SHIKHA Jute Backpack,Jute Backpack keeps daily and practice essentials close at hand.,"Jute Backpack offers a practical way to organize what you carry between home, class and travel. Its named fabric, print or construction detail gives this version its character. Check the original dimensions and care instructions when choosing a bag or cover.",Proposed SHIKHA concept based on product type; source item is Isha Life
Isha Life India,23401,CA0143800200,Double Gauge Bath Towel Size - Col 1(small),https://ishalife.sadhguru.org/in/double-gauge-bath-towel-size-col-1-small,https://ishalife.sadhguru.org/media/catalog/product/f/u/funtitled-1_0007__dsc7091_0033__dsc7024.jpg?optimize=medium&fit=bounds&height=&width=,Yoga Store; Yoga Accessories; Towels,Yoga Store > Yoga Accessories > Towels,Assigned on source,Mats & Towels,Yoga towels,Yoga Accessories,In stock at capture,2026-09-25,SHIKHA Double Gauge Bath Towel Size - Col 1(small),Double Gauge Bath Towel Size - Col 1(small) offers a dedicated surface or textile for yoga and meditation.,"Double Gauge Bath Towel Size - Col 1(small) can be part of a regular practice setup at home or in a studio. Its named textile, backing or weave helps identify the feel and style of this option. Check dimensions and washing or cleaning instructions before making a selection.",Proposed SHIKHA concept based on product type; source item is Isha Life
Isha Life India,1220,CA0001300000,Breath Blossom Jute Bag,https://ishalife.sadhguru.org/in/be-breath-blossom-jute-bag,https://ishalife.sadhguru.org/media/catalog/product/0/1/0101088.jpg?optimize=medium&fit=bounds&height=&width=,Yoga Store; Yoga Accessories; Bags,Yoga Store > Yoga Accessories > Bags,Assigned on source,Apparel & Carry,Yoga bags,Yoga Accessories,Out of stock at capture,2026-09-25,SHIKHA Breath Blossom Jute Bag,Breath Blossom Jute Bag keeps daily and practice essentials close at hand.,"Breath Blossom Jute Bag offers a practical way to organize what you carry between home, class and travel. Its named fabric, print or construction detail gives this version its character. Check the original dimensions and care instructions when choosing a bag or cover.",Proposed SHIKHA concept based on product type; source item is Isha Life
Isha Life India,2511,YS0005500400,Jeevarasam Pot Plate - Big,https://ishalife.sadhguru.org/in/copper-pot-plate-big,https://ishalife.sadhguru.org/media/catalog/product/y/a/ya509-1.jpg?optimize=medium&fit=bounds&height=&width=,Yoga Store; Copper Water Storage,Yoga Store > Copper Water Storage,Assigned on source,Drinkware & Metalware,Trays & containers,Copper Water Storage,In stock at capture,2026-09-25,Jeevarasam Pot Plate - Big,Jeevarasam Pot Plate - Big is a reusable piece for serving or storing water.,"Jeevarasam Pot Plate - Big adds a functional piece of drinkware or metalware to a daily routine. The material, finish and capacity stated in its name help distinguish it from the other options in the range. Review the original cleaning and care guidance before first use.",Original Isha Life branded item — reference only; retain source identity
Isha Life India,12885,CA0012700000,Save Soil Round Key Chain,https://ishalife.sadhguru.org/in/save-soil-round-key-chain,https://ishalife.sadhguru.org/media/catalog/product/e/x/ex273_1_.jpg?optimize=medium&fit=bounds&height=&width=,Yoga Store; Yoga Accessories; Yoga Merchandise,Yoga Store > Yoga Accessories > Yoga Merchandise,Assigned on source,Lifestyle & Gifts,Keychains,Yoga Accessories,In stock at capture,2026-09-25,Save Soil Round Key Chain,Save Soil Round Key Chain is a small accent or gift from the Yoga Store collection.,Save Soil Round Key Chain brings the design or theme named in the product title into an everyday object. It can be kept as a personal accessory or chosen as a small gift. Review the original dimensions and materials before selecting it.,Original Isha Life branded item — reference only; retain source identity
Isha Life India,12355,CA0064300000,Shivanga Backpack,https://ishalife.sadhguru.org/in/shivanga-backpack,https://ishalife.sadhguru.org/media/catalog/product/1/_/1_29.jpg?optimize=medium&fit=bounds&height=&width=,Yoga Store; Sadhana Essentials; shivanga sadhana support,Yoga Store > Sadhana Essentials > shivanga sadhana support,Assigned on source,Apparel & Carry,Yoga bags,Sadhana Essentials,In stock at capture,2026-09-25,Shivanga Backpack,Shivanga Backpack keeps daily and practice essentials close at hand.,"Shivanga Backpack offers a practical way to organize what you carry between home, class and travel. Its named fabric, print or construction detail gives this version its character. Check the original dimensions and care instructions when choosing a bag or cover.",Original Isha Life branded item — reference only; retain source identity
Isha Life India,20949,CA00644 Men,Shivanga Panchakacham (Dhoti Pant) - Orange Men,https://ishalife.sadhguru.org/in/shivanga-panchakacham-dhoti-pant-orange-1,https://ishalife.sadhguru.org/media/catalog/product/0/1/0114687_l_001.jpg?optimize=medium&fit=bounds&height=&width=,Yoga Store; Sadhana Essentials; shivanga sadhana support,Yoga Store > Sadhana Essentials > shivanga sadhana support,Assigned on source,Apparel & Carry,Dhoti pants,Sadhana Essentials,In stock at capture,2026-09-25,Shivanga Panchakacham (Dhoti Pant) - Orange Men,Shivanga Panchakacham (Dhoti Pant) - Orange Men is an easy-wear option for movement and everyday use.,"Shivanga Panchakacham (Dhoti Pant) - Orange Men brings the color, cut or design named in the product title to a versatile clothing piece. Wear it for practice, travel or relaxed days according to your preference. Refer to the original size guide and care details before selecting a variant.",Original Isha Life branded item — reference only; retain source identity
Isha Life India,16149,CA0007500005,Soft Jute Kilim Bag with flap closer,https://ishalife.sadhguru.org/in/soft-jute-kilim-bag-with-flap-closer-0007500005,https://ishalife.sadhguru.org/media/catalog/product/d/s/dsc01795_2.jpg?optimize=medium&fit=bounds&height=&width=,Yoga Store; Yoga Accessories; Bags,Yoga Store > Yoga Accessories > Bags,Assigned on source,Apparel & Carry,Yoga bags,Yoga Accessories,In stock at capture,2026-09-25,SHIKHA Soft Jute Kilim Bag with flap closer,Soft Jute Kilim Bag with flap closer keeps daily and practice essentials close at hand.,"Soft Jute Kilim Bag with flap closer offers a practical way to organize what you carry between home, class and travel. Its named fabric, print or construction detail gives this version its character. Check the original dimensions and care instructions when choosing a bag or cover.",Proposed SHIKHA concept based on product type; source item is Isha Life
Isha Life India,16144,CA0007100005,Washed Cotton Canvas Bag with shoulder handle,https://ishalife.sadhguru.org/in/washed-cotton-canvas-bag-with-shoulder-handle-0007100005,https://ishalife.sadhguru.org/media/catalog/product/d/s/dsc02018_1.jpg?optimize=medium&fit=bounds&height=&width=,Yoga Store; Yoga Accessories; Bags,Yoga Store > Yoga Accessories > Bags,Assigned on source,Apparel & Carry,Yoga bags,Yoga Accessories,In stock at capture,2026-09-25,SHIKHA Washed Cotton Canvas Bag with shoulder handle,Washed Cotton Canvas Bag with shoulder handle keeps daily and practice essentials close at hand.,"Washed Cotton Canvas Bag with shoulder handle offers a practical way to organize what you carry between home, class and travel. Its named fabric, print or construction detail gives this version its character. Check the original dimensions and care instructions when choosing a bag or cover.",Proposed SHIKHA concept based on product type; source item is Isha Life
Isha Life India,12808,CA0012500000,Save Soil Square Key Chain,https://ishalife.sadhguru.org/in/save-soil-square-key-chain-0012500000,https://ishalife.sadhguru.org/media/catalog/product/1/_/1_82.jpg?optimize=medium&fit=bounds&height=&width=,Yoga Store; Yoga Accessories; Yoga Merchandise,Yoga Store > Yoga Accessories > Yoga Merchandise,Assigned on source,Lifestyle & Gifts,Keychains,Yoga Accessories,In stock at capture,2026-09-25,Save Soil Square Key Chain,Save Soil Square Key Chain is a small accent or gift from the Yoga Store collection.,Save Soil Square Key Chain brings the design or theme named in the product title into an everyday object. It can be kept as a personal accessory or chosen as a small gift. Review the original dimensions and materials before selecting it.,Original Isha Life branded item — reference only; retain source identity
Isha Life India,9549,CA0003317200,Organic Printed Bag Moksha,https://ishalife.sadhguru.org/in/organic-printed-bag-moksha,https://ishalife.sadhguru.org/media/catalog/product/b/g/bg134-1.jpg?optimize=medium&fit=bounds&height=&width=,Yoga Store; Yoga Accessories; Bags,Yoga Store > Yoga Accessories > Bags,Assigned on source,Apparel & Carry,Yoga bags,Yoga Accessories,In stock at capture,2026-09-25,SHIKHA Organic Printed Bag Moksha,Organic Printed Bag Moksha keeps daily and practice essentials close at hand.,"Organic Printed Bag Moksha offers a practical way to organize what you carry between home, class and travel. Its named fabric, print or construction detail gives this version its character. Check the original dimensions and care instructions when choosing a bag or cover.",Proposed SHIKHA concept based on product type; source item is Isha Life
Isha Life India,16145,CA0007200005,Soft Jute Kilim Bag with cotton piping,https://ishalife.sadhguru.org/in/soft-jute-kilim-bag-with-cotton-piping-0007200005,https://ishalife.sadhguru.org/media/catalog/product/d/s/dsc01838_1.jpg?optimize=medium&fit=bounds&height=&width=,Yoga Store; Yoga Accessories; Bags,Yoga Store > Yoga Accessories > Bags,Assigned on source,Apparel & Carry,Yoga bags,Yoga Accessories,Out of stock at capture,2026-09-25,SHIKHA Soft Jute Kilim Bag with cotton piping,Soft Jute Kilim Bag with cotton piping keeps daily and practice essentials close at hand.,"Soft Jute Kilim Bag with cotton piping offers a practical way to organize what you carry between home, class and travel. Its named fabric, print or construction detail gives this version its character. Check the original dimensions and care instructions when choosing a bag or cover.",Proposed SHIKHA concept based on product type; source item is Isha Life
Isha Life India,14018,CA0006100000,Shivanga Jolna Bag,https://ishalife.sadhguru.org/in/shivanga-jolna-bag-0006100000,https://ishalife.sadhguru.org/media/catalog/product/a/r/artboard_1_110.jpg?optimize=medium&fit=bounds&height=&width=,Yoga Store; Yoga Accessories; Sadhana Essentials; Bags; shivanga sadhana support,Yoga Store > Yoga Accessories > Bags | Yoga Store > Sadhana Essentials > shivanga sadhana support,Assigned on source,Apparel & Carry,Yoga bags,Yoga Accessories,In stock at capture,2026-09-25,Shivanga Jolna Bag,Shivanga Jolna Bag keeps daily and practice essentials close at hand.,"Shivanga Jolna Bag offers a practical way to organize what you carry between home, class and travel. Its named fabric, print or construction detail gives this version its character. Check the original dimensions and care instructions when choosing a bag or cover.",Original Isha Life branded item — reference only; retain source identity
Isha Life India,16150,CA0007800005,Natural canvas jute bag with reinforced handles,https://ishalife.sadhguru.org/in/natural-canvas-jute-bag-with-reinforced-handles-0007800005,https://ishalife.sadhguru.org/media/catalog/product/1/_/1_293_1.jpg?optimize=medium&fit=bounds&height=&width=,Yoga Store; Yoga Accessories; Bags,Yoga Store > Yoga Accessories > Bags,Assigned on source,Apparel & Carry,Yoga bags,Yoga Accessories,In stock at capture,2026-09-25,SHIKHA Natural canvas jute bag with reinforced handles,Natural canvas jute bag with reinforced handles keeps daily and practice essentials close at hand.,"Natural canvas jute bag with reinforced handles offers a practical way to organize what you carry between home, class and travel. Its named fabric, print or construction detail gives this version its character. Check the original dimensions and care instructions when choosing a bag or cover.",Proposed SHIKHA concept based on product type; source item is Isha Life
Isha Life India,6321,CA0003600000,Off White Cotton Nandi Backpack,https://ishalife.sadhguru.org/in/off-white-organic-cotton-nandi-backpack,https://ishalife.sadhguru.org/media/catalog/product/0/1/0101488.jpg?optimize=medium&fit=bounds&height=&width=,Yoga Store; Yoga Accessories; Bags,Yoga Store > Yoga Accessories > Bags,Assigned on source,Apparel & Carry,Yoga bags,Yoga Accessories,In stock at capture,2026-09-25,Off White Cotton Nandi Backpack,Off White Cotton Nandi Backpack keeps daily and practice essentials close at hand.,"Off White Cotton Nandi Backpack offers a practical way to organize what you carry between home, class and travel. Its named fabric, print or construction detail gives this version its character. Check the original dimensions and care instructions when choosing a bag or cover.",Original Isha Life branded item — reference only; retain source identity
Isha Life India,1218,CA0001000000,Cross Shoulder Kalamkari Bag,https://ishalife.sadhguru.org/in/cross-shoulder-kalamkari-bag,https://ishalife.sadhguru.org/media/catalog/product/b/g/bg151-1.jpg?optimize=medium&fit=bounds&height=&width=,Yoga Store; Yoga Accessories; Bags,Yoga Store > Yoga Accessories > Bags,Assigned on source,Apparel & Carry,Yoga bags,Yoga Accessories,In stock at capture,2026-09-25,SHIKHA Cross Shoulder Kalamkari Bag,Cross Shoulder Kalamkari Bag keeps daily and practice essentials close at hand.,"Cross Shoulder Kalamkari Bag offers a practical way to organize what you carry between home, class and travel. Its named fabric, print or construction detail gives this version its character. Check the original dimensions and care instructions when choosing a bag or cover.",Proposed SHIKHA concept based on product type; source item is Isha Life
Isha Life India,1214,CA0000700000,Printed Ganesh Bag,https://ishalife.sadhguru.org/in/printed-ganesh-bag,https://ishalife.sadhguru.org/media/catalog/product/0/1/0101037.jpg?optimize=medium&fit=bounds&height=&width=,Yoga Store; Yoga Accessories; Bags,Yoga Store > Yoga Accessories > Bags,Assigned on source,Apparel & Carry,Yoga bags,Yoga Accessories,In stock at capture,2026-09-25,Printed Ganesh Bag,Printed Ganesh Bag keeps daily and practice essentials close at hand.,"Printed Ganesh Bag offers a practical way to organize what you carry between home, class and travel. Its named fabric, print or construction detail gives this version its character. Check the original dimensions and care instructions when choosing a bag or cover.",Original Isha Life branded item — reference only; retain source identity
Isha Life India,7616,CA0003217200,Printed Organic Bag (Play),https://ishalife.sadhguru.org/in/printed-organic-bag-play,https://ishalife.sadhguru.org/media/catalog/product/b/g/bg105-1.jpg?optimize=medium&fit=bounds&height=&width=,Yoga Store; Yoga Accessories; Bags,Yoga Store > Yoga Accessories > Bags,Assigned on source,Apparel & Carry,Yoga bags,Yoga Accessories,In stock at capture,2026-09-25,SHIKHA Printed Organic Bag (Play),Printed Organic Bag (Play) keeps daily and practice essentials close at hand.,"Printed Organic Bag (Play) offers a practical way to organize what you carry between home, class and travel. Its named fabric, print or construction detail gives this version its character. Check the original dimensions and care instructions when choosing a bag or cover.",Proposed SHIKHA concept based on product type; source item is Isha Life
Isha Life India,31289,YS0002100005,Copper glass (pack of 2),https://ishalife.sadhguru.org/in/ys0002100005-copper-glass-pack-of-2,https://ishalife.sadhguru.org/media/catalog/product/y/s/ys0002100005_1_.jpg?optimize=medium&fit=bounds&height=&width=,Yoga Store; Copper Serveware; Copper Glass / Tumbler; Copper Jug Set; Copper Containers; Copper Bowl & Coaster; Copper Drinkware; Copper Glass; Tumbler,Yoga Store > Copper Drinkware > Copper Glass / Tumbler | Yoga Store > Copper Drinkware > Copper Jug Set | Yoga Store > Copper Containers | Yoga Store > Copper Serveware > Copper Bowl & Coaster | Yoga Store > Copper Drinkware > Copper Glass > Tumbler,Assigned on source,Drinkware & Metalware,Tumblers & glasses,Copper Drinkware,In stock at capture,2026-09-25,SHIKHA Copper glass (pack of 2),Copper glass (pack of 2) is a reusable piece for serving or storing water.,"Copper glass (pack of 2) adds a functional piece of drinkware or metalware to a daily routine. The material, finish and capacity stated in its name help distinguish it from the other options in the range. Review the original cleaning and care guidance before first use.",Proposed SHIKHA concept based on product type; source item is Isha Life
Isha Life India,28343,YS0015600000,Shivanga Black Arm Cloth with Logo,https://ishalife.sadhguru.org/in/ys0015600000-shivanga-black-arm-cloth-with-logo,https://ishalife.sadhguru.org/media/catalog/product/1/1/11_10_1.jpg?optimize=medium&fit=bounds&height=&width=,Yoga Store; Sadhana Essentials; Shivanga Sadhana,Yoga Store > Sadhana Essentials > Shivanga Sadhana,Assigned on source,Sadhana & Ritual,Shivanga essentials,Sadhana Essentials,In stock at capture,2026-09-25,Shivanga Black Arm Cloth with Logo,Shivanga Black Arm Cloth with Logo is an original Isha Life item for its named practice.,Shivanga Black Arm Cloth with Logo is associated with the specific sadhana or ritual named in the product title. Keep the components and instructions supplied for that practice together. Confirm the exact contents and eligibility requirements with Isha Life before ordering or using it.,Original Isha Life branded item — reference only; retain source identity
Isha Life India,21252,CA01176 Men,100 % Cotton Men Knitted Hoodie with Zipper White,https://ishalife.sadhguru.org/in/100-cotton-knitted-hoodie-with-zipper-white,https://ishalife.sadhguru.org/media/catalog/product/c/a/ca01176_3_.jpg?optimize=medium&fit=bounds&height=&width=,Yoga Store; Yoga Clothing; Mens; Womens,Yoga Store > Yoga Clothing > Mens | Yoga Store > Yoga Clothing > Womens,Assigned on source,Apparel & Carry,Hoodies & jackets,Yoga Clothing,In stock at capture,2026-09-25,SHIKHA 100 % Cotton Men Knitted Hoodie with Zipper White,100 % Cotton Men Knitted Hoodie with Zipper White is an easy-wear option for movement and everyday use.,"100 % Cotton Men Knitted Hoodie with Zipper White brings the color, cut or design named in the product title to a versatile clothing piece. Wear it for practice, travel or relaxed days according to your preference. Refer to the original size guide and care details before selecting a variant.",Proposed SHIKHA concept based on product type; source item is Isha Life
Isha Life India,1213,CA0000600000,Cotton Cross Shoulder Bag,https://ishalife.sadhguru.org/in/cotton-cross-shoulder-bag-1325,https://ishalife.sadhguru.org/media/catalog/product/b/g/bg154-1.jpg?optimize=medium&fit=bounds&height=&width=,Yoga Store; Yoga Accessories; Bags,Yoga Store > Yoga Accessories > Bags,Assigned on source,Apparel & Carry,Yoga bags,Yoga Accessories,In stock at capture,2026-09-25,SHIKHA Cotton Cross Shoulder Bag,Cotton Cross Shoulder Bag keeps daily and practice essentials close at hand.,"Cotton Cross Shoulder Bag offers a practical way to organize what you carry between home, class and travel. Its named fabric, print or construction detail gives this version its character. Check the original dimensions and care instructions when choosing a bag or cover.",Proposed SHIKHA concept based on product type; source item is Isha Life
Isha Life India,16137,CA0006400005,Soft Jute Kilim Crossbody Bag,https://ishalife.sadhguru.org/in/soft-jute-kilim-crossbody-bag-0006400005,https://ishalife.sadhguru.org/media/catalog/product/d/s/dsc02118.jpg?optimize=medium&fit=bounds&height=&width=,Yoga Store; Yoga Accessories; Bags,Yoga Store > Yoga Accessories > Bags,Assigned on source,Apparel & Carry,Yoga bags,Yoga Accessories,In stock at capture,2026-09-25,SHIKHA Soft Jute Kilim Crossbody Bag,Soft Jute Kilim Crossbody Bag keeps daily and practice essentials close at hand.,"Soft Jute Kilim Crossbody Bag offers a practical way to organize what you carry between home, class and travel. Its named fabric, print or construction detail gives this version its character. Check the original dimensions and care instructions when choosing a bag or cover.",Proposed SHIKHA concept based on product type; source item is Isha Life
Isha Life India,16143,CA0007000005,Soft Jute Kilim Bag,https://ishalife.sadhguru.org/in/soft-jute-kilim-bag,https://ishalife.sadhguru.org/media/catalog/product/c/a/ca0007000005_1_.jpg?optimize=medium&fit=bounds&height=&width=,Yoga Store; Yoga Accessories; Bags,Yoga Store > Yoga Accessories > Bags,Assigned on source,Apparel & Carry,Yoga bags,Yoga Accessories,In stock at capture,2026-09-25,SHIKHA Soft Jute Kilim Bag,Soft Jute Kilim Bag keeps daily and practice essentials close at hand.,"Soft Jute Kilim Bag offers a practical way to organize what you carry between home, class and travel. Its named fabric, print or construction detail gives this version its character. Check the original dimensions and care instructions when choosing a bag or cover.",Proposed SHIKHA concept based on product type; source item is Isha Life
Isha Life India,9509,CA0003117000,Organic Printed Bag Moon,https://ishalife.sadhguru.org/in/organic-printed-bag-moon,https://ishalife.sadhguru.org/media/catalog/product/e/x/ex196-l_1.jpg?optimize=medium&fit=bounds&height=&width=,Yoga Store; Yoga Accessories; Bags,Yoga Store > Yoga Accessories > Bags,Assigned on source,Apparel & Carry,Yoga bags,Yoga Accessories,In stock at capture,2026-09-25,SHIKHA Organic Printed Bag Moon,Organic Printed Bag Moon keeps daily and practice essentials close at hand.,"Organic Printed Bag Moon offers a practical way to organize what you carry between home, class and travel. Its named fabric, print or construction detail gives this version its character. Check the original dimensions and care instructions when choosing a bag or cover.",Proposed SHIKHA concept based on product type; source item is Isha Life
Isha Life India,7615,CA0003216900,Printed Organic Bag (Change),https://ishalife.sadhguru.org/in/printed-organic-bag-change,https://ishalife.sadhguru.org/media/catalog/product/b/g/bg104-1.jpg?optimize=medium&fit=bounds&height=&width=,Yoga Store; Yoga Accessories; Bags,Yoga Store > Yoga Accessories > Bags,Assigned on source,Apparel & Carry,Yoga bags,Yoga Accessories,In stock at capture,2026-09-25,SHIKHA Printed Organic Bag (Change),Printed Organic Bag (Change) keeps daily and practice essentials close at hand.,"Printed Organic Bag (Change) offers a practical way to organize what you carry between home, class and travel. Its named fabric, print or construction detail gives this version its character. Check the original dimensions and care instructions when choosing a bag or cover.",Proposed SHIKHA concept based on product type; source item is Isha Life
Isha Life India,10979,YS0008417000,Shivanga Kit without Mala,https://ishalife.sadhguru.org/in/shivanga-kit-without-mala,https://ishalife.sadhguru.org/media/catalog/product/c/x/cx716-2_1.jpg?optimize=medium&fit=bounds&height=&width=,Yoga Store; Sadhana Essentials; Shivanga Sadhana,Yoga Store > Sadhana Essentials > Shivanga Sadhana,Assigned on source,Sadhana & Ritual,Shivanga essentials,Sadhana Essentials,In stock at capture,2026-09-25,Shivanga Kit without Mala,Shivanga Kit without Mala is an original Isha Life item for its named practice.,Shivanga Kit without Mala is associated with the specific sadhana or ritual named in the product title. Keep the components and instructions supplied for that practice together. Confirm the exact contents and eligibility requirements with Isha Life before ordering or using it.,Original Isha Life branded item — reference only; retain source identity
Isha Life India,13456,NF0000706701,"Natural Honey, 250 g",https://ishalife.sadhguru.org/in/natural-honey-250gms-n,https://ishalife.sadhguru.org/media/catalog/product/c/r/cr1_71_.jpg?optimize=medium&fit=bounds&height=&width=,Yoga Store,Yoga Store,Assigned on source,Lifestyle & Gifts,Honey & pantry,Yoga Store,In stock at capture,2026-09-25,"SHIKHA Natural Honey, 250 g","Natural Honey, 250 g is a small accent or gift from the Yoga Store collection.","Natural Honey, 250 g brings the design or theme named in the product title into an everyday object. It can be kept as a personal accessory or chosen as a small gift. Review the original dimensions and materials before selecting it.",Proposed SHIKHA concept based on product type; source item is Isha Life
Isha Life India,26074,CA01551,Adiyogi Sun Hat - Beige,https://ishalife.sadhguru.org/in/adiyogi-sun-hat-beige-1-01551,https://ishalife.sadhguru.org/media/catalog/product/5/_/5_127_1.jpg?optimize=medium&fit=bounds&height=&width=,Yoga Store; Yoga Accessories,Yoga Store > Yoga Accessories,Assigned on source,Apparel & Carry,Hats,Yoga Accessories,In stock at capture,2026-09-25,Adiyogi Sun Hat - Beige,Adiyogi Sun Hat - Beige is an easy-wear option for movement and everyday use.,"Adiyogi Sun Hat - Beige brings the color, cut or design named in the product title to a versatile clothing piece. Wear it for practice, travel or relaxed days according to your preference. Refer to the original size guide and care details before selecting a variant.",Original Isha Life branded item — reference only; retain source identity
Isha Life India,26068,CA01549,Adiyogi Bucket Hat - Beige,https://ishalife.sadhguru.org/in/adiyogi-bucket-hat-beige-1,https://ishalife.sadhguru.org/media/catalog/product/c/a/ca01549-2-1.jpg?optimize=medium&fit=bounds&height=&width=,Yoga Store; Yoga Accessories,Yoga Store > Yoga Accessories,Assigned on source,Apparel & Carry,Hats,Yoga Accessories,In stock at capture,2026-09-25,Adiyogi Bucket Hat - Beige,Adiyogi Bucket Hat - Beige is an easy-wear option for movement and everyday use.,"Adiyogi Bucket Hat - Beige brings the color, cut or design named in the product title to a versatile clothing piece. Wear it for practice, travel or relaxed days according to your preference. Refer to the original size guide and care details before selecting a variant.",Original Isha Life branded item — reference only; retain source identity
Isha Life India,16151,CA0007616905,Natural cotton bag with coco button- design 1,https://ishalife.sadhguru.org/in/natural-cotton-bag-with-coco-button-design-1-0007616905,https://ishalife.sadhguru.org/media/catalog/product/d/s/dsc02169.jpg?optimize=medium&fit=bounds&height=&width=,Yoga Store; Yoga Accessories; Bags,Yoga Store > Yoga Accessories > Bags,Assigned on source,Apparel & Carry,Yoga bags,Yoga Accessories,In stock at capture,2026-09-25,SHIKHA Natural cotton bag with coco button- design 1,Natural cotton bag with coco button- design 1 keeps daily and practice essentials close at hand.,"Natural cotton bag with coco button- design 1 offers a practical way to organize what you carry between home, class and travel. Its named fabric, print or construction detail gives this version its character. Check the original dimensions and care instructions when choosing a bag or cover.",Proposed SHIKHA concept based on product type; source item is Isha Life
Isha Life India,1182,CA0000800000,Jute Backpack,https://ishalife.sadhguru.org/in/jute-backpack-1294,https://ishalife.sadhguru.org/media/catalog/product/0/1/0101044.jpg?optimize=medium&fit=bounds&height=&width=,Yoga Store; Yoga Accessories; Bags,Yoga Store > Yoga Accessories > Bags,Assigned on source,Apparel & Carry,Yoga bags,Yoga Accessories,In stock at capture,2026-09-25,SHIKHA Jute Backpack — Doll Detail,Jute Backpack keeps daily and practice essentials close at hand.,"Jute Backpack offers a practical way to organize what you carry between home, class and travel. Its named fabric, print or construction detail gives this version its character. Check the original dimensions and care instructions when choosing a bag or cover.",Proposed SHIKHA concept based on product type; source item is Isha Life
Isha Life India,1231,CA0004300000,Jute Mini Hand Bag,https://ishalife.sadhguru.org/in/jute-mini-hand-bag,https://ishalife.sadhguru.org/media/catalog/product/b/g/bg163-1_3.jpg?optimize=medium&fit=bounds&height=&width=,Yoga Store; Yoga Accessories; Purses,Yoga Store > Yoga Accessories > Purses,Assigned on source,Apparel & Carry,Yoga bags,Yoga Accessories,In stock at capture,2026-09-25,SHIKHA Jute Mini Hand Bag,Jute Mini Hand Bag keeps daily and practice essentials close at hand.,"Jute Mini Hand Bag offers a practical way to organize what you carry between home, class and travel. Its named fabric, print or construction detail gives this version its character. Check the original dimensions and care instructions when choosing a bag or cover.",Proposed SHIKHA concept based on product type; source item is Isha Life
Isha Life India,8192,HO0068417000,Now Key Chain,https://ishalife.sadhguru.org/in/now-key-chain,https://ishalife.sadhguru.org/media/catalog/product/0/6/0601074.jpg?optimize=medium&fit=bounds&height=&width=,Yoga Store; Yoga Accessories; Yoga Merchandise,Yoga Store > Yoga Accessories > Yoga Merchandise,Assigned on source,Lifestyle & Gifts,Keychains,Yoga Accessories,In stock at capture,2026-09-25,SHIKHA Now Key Chain,Now Key Chain is a small accent or gift from the Yoga Store collection.,Now Key Chain brings the design or theme named in the product title into an everyday object. It can be kept as a personal accessory or chosen as a small gift. Review the original dimensions and materials before selecting it.,Proposed SHIKHA concept based on product type; source item is Isha Life
Isha Life India,48418,CA02833,"Handblock Printed V-Neck Standard Top, Mustard Blossom",https://ishalife.sadhguru.org/in/handblock-printed-v-neck-standard-top-mustard-blossom,https://ishalife.sadhguru.org/media/catalog/product/c/a/ca02833_2_.jpg?optimize=medium&fit=bounds&height=&width=,Yoga Store; Yoga Clothing; Womens,Yoga Store > Yoga Clothing > Womens,Assigned on source,Apparel & Carry,Women kurtas & tops,Yoga Clothing,In stock at capture,2026-09-25,"SHIKHA Handblock Printed V-Neck Standard Top, Mustard Blossom","Handblock Printed V-Neck Standard Top, Mustard Blossom is an easy-wear option for movement and everyday use.","Handblock Printed V-Neck Standard Top, Mustard Blossom brings the color, cut or design named in the product title to a versatile clothing piece. Wear it for practice, travel or relaxed days according to your preference. Refer to the original size guide and care details before selecting a variant.",Proposed SHIKHA concept based on product type; source item is Isha Life
Isha Life India,48412,CA02838,Handblock Printed Essential Top Black,https://ishalife.sadhguru.org/in/handblock-printed-essential-top,https://ishalife.sadhguru.org/media/catalog/product/c/a/ca02838_2_.jpg?optimize=medium&fit=bounds&height=&width=,Yoga Store; Yoga Clothing; Womens; Yoga Kurtas,Yoga Store > Yoga Clothing > Womens > Yoga Kurtas,Assigned on source,Apparel & Carry,Women kurtas & tops,Yoga Clothing,In stock at capture,2026-09-25,SHIKHA Handblock Printed Essential Top Black,Handblock Printed Essential Top Black is an easy-wear option for movement and everyday use.,"Handblock Printed Essential Top Black brings the color, cut or design named in the product title to a versatile clothing piece. Wear it for practice, travel or relaxed days according to your preference. Refer to the original size guide and care details before selecting a variant.",Proposed SHIKHA concept based on product type; source item is Isha Life
Isha Life India,48406,CA02839,"Handblock Printed Essential Top, Teal",https://ishalife.sadhguru.org/in/handblock-printed-essential-top-teal,https://ishalife.sadhguru.org/media/catalog/product/c/a/ca02839_2_.jpg?optimize=medium&fit=bounds&height=&width=,Yoga Store; Yoga Clothing; Womens; Yoga Kurtas,Yoga Store > Yoga Clothing > Womens > Yoga Kurtas,Assigned on source,Apparel & Carry,Women kurtas & tops,Yoga Clothing,In stock at capture,2026-09-25,"SHIKHA Handblock Printed Essential Top, Teal","Handblock Printed Essential Top, Teal is an easy-wear option for movement and everyday use.","Handblock Printed Essential Top, Teal brings the color, cut or design named in the product title to a versatile clothing piece. Wear it for practice, travel or relaxed days according to your preference. Refer to the original size guide and care details before selecting a variant.",Proposed SHIKHA concept based on product type; source item is Isha Life
Isha Life India,48400,CA02228,"Cotton Mid-Length Kurta, Beige",https://ishalife.sadhguru.org/in/cotton-mid-length-kurta-beige,https://ishalife.sadhguru.org/media/catalog/product/c/a/ca02228_1_.jpg?optimize=medium&fit=bounds&height=&width=,Yoga Store; Yoga Clothing; Womens; Yoga Kurtas,Yoga Store > Yoga Clothing > Womens > Yoga Kurtas,Assigned on source,Apparel & Carry,Women kurtas & tops,Yoga Clothing,In stock at capture,2026-09-25,"SHIKHA Cotton Mid-Length Kurta, Beige","Cotton Mid-Length Kurta, Beige is an easy-wear option for movement and everyday use.","Cotton Mid-Length Kurta, Beige brings the color, cut or design named in the product title to a versatile clothing piece. Wear it for practice, travel or relaxed days according to your preference. Refer to the original size guide and care details before selecting a variant.",Proposed SHIKHA concept based on product type; source item is Isha Life
Isha Life India,48394,CA02836,"Handblock Printed Essential Top, Black",https://ishalife.sadhguru.org/in/handblock-printed-essential-top-black,https://ishalife.sadhguru.org/media/catalog/product/c/a/ca02836_2_.jpg?optimize=medium&fit=bounds&height=&width=,Yoga Store; Yoga Clothing; Womens; Yoga Kurtas,Yoga Store > Yoga Clothing > Womens > Yoga Kurtas,Assigned on source,Apparel & Carry,Women kurtas & tops,Yoga Clothing,In stock at capture,2026-09-25,"SHIKHA Handblock Printed Essential Top, Black","Handblock Printed Essential Top, Black is an easy-wear option for movement and everyday use.","Handblock Printed Essential Top, Black brings the color, cut or design named in the product title to a versatile clothing piece. Wear it for practice, travel or relaxed days according to your preference. Refer to the original size guide and care details before selecting a variant.",Proposed SHIKHA concept based on product type; source item is Isha Life
Isha Life India,48388,CA02837,"Handblock Printed Essential Top, Mustard",https://ishalife.sadhguru.org/in/handblock-printed-essential-top-mustard,https://ishalife.sadhguru.org/media/catalog/product/c/a/ca02837_2_.jpg?optimize=medium&fit=bounds&height=&width=,Yoga Store; Yoga Clothing; Womens; Yoga Kurtas,Yoga Store > Yoga Clothing > Womens > Yoga Kurtas,Assigned on source,Apparel & Carry,Women kurtas & tops,Yoga Clothing,In stock at capture,2026-09-25,"SHIKHA Handblock Printed Essential Top, Mustard","Handblock Printed Essential Top, Mustard is an easy-wear option for movement and everyday use.","Handblock Printed Essential Top, Mustard brings the color, cut or design named in the product title to a versatile clothing piece. Wear it for practice, travel or relaxed days according to your preference. Refer to the original size guide and care details before selecting a variant.",Proposed SHIKHA concept based on product type; source item is Isha Life
Isha Life India,48376,CA02832,Hanblock Printed V Neck Long Placket Standard Top - Red and floral,https://ishalife.sadhguru.org/in/hanblock-printed-v-neck-long-placket-standard-top-red-and-floral,https://ishalife.sadhguru.org/media/catalog/product/c/a/ca02832_1_.jpg?optimize=medium&fit=bounds&height=&width=,Yoga Store; Yoga Clothing; Womens; Yoga Kurtas,Yoga Store > Yoga Clothing > Womens > Yoga Kurtas,Assigned on source,Apparel & Carry,Women kurtas & tops,Yoga Clothing,In stock at capture,2026-09-25,SHIKHA Hanblock Printed V Neck Long Placket Standard Top - Red and floral,Hanblock Printed V Neck Long Placket Standard Top - Red and floral is an easy-wear option for movement and everyday use.,"Hanblock Printed V Neck Long Placket Standard Top - Red and floral brings the color, cut or design named in the product title to a versatile clothing piece. Wear it for practice, travel or relaxed days according to your preference. Refer to the original size guide and care details before selecting a variant.",Proposed SHIKHA concept based on product type; source item is Isha Life
Isha Life India,48370,CA02831,Bagru Handblock Printed Half Placket Collared Kurti - White and floral,https://ishalife.sadhguru.org/in/bagru-handblock-printed-half-placket-collared-kurti-white-and-floral,https://ishalife.sadhguru.org/media/catalog/product/c/a/ca02831_1_.jpg?optimize=medium&fit=bounds&height=&width=,Yoga Store; Yoga Clothing; Womens,Yoga Store > Yoga Clothing > Womens,Assigned on source,Apparel & Carry,Women kurtas & tops,Yoga Clothing,In stock at capture,2026-09-25,SHIKHA Bagru Handblock Printed Half Placket Collared Kurti - White and floral,Bagru Handblock Printed Half Placket Collared Kurti - White and floral is an easy-wear option for movement and everyday use.,"Bagru Handblock Printed Half Placket Collared Kurti - White and floral brings the color, cut or design named in the product title to a versatile clothing piece. Wear it for practice, travel or relaxed days according to your preference. Refer to the original size guide and care details before selecting a variant.",Proposed SHIKHA concept based on product type; source item is Isha Life
Isha Life India,48364,CA02830,Bagru Handblock Printed Half Placket Collared Kurti - Rust,https://ishalife.sadhguru.org/in/bagru-handblock-printed-half-placket-collared-kurti-rust,https://ishalife.sadhguru.org/media/catalog/product/c/a/ca02830_1_.jpg?optimize=medium&fit=bounds&height=&width=,Yoga Store; Yoga Clothing; Womens; Yoga Kurtas,Yoga Store > Yoga Clothing > Womens > Yoga Kurtas,Assigned on source,Apparel & Carry,Women kurtas & tops,Yoga Clothing,In stock at capture,2026-09-25,SHIKHA Bagru Handblock Printed Half Placket Collared Kurti - Rust,Bagru Handblock Printed Half Placket Collared Kurti - Rust is an easy-wear option for movement and everyday use.,"Bagru Handblock Printed Half Placket Collared Kurti - Rust brings the color, cut or design named in the product title to a versatile clothing piece. Wear it for practice, travel or relaxed days according to your preference. Refer to the original size guide and care details before selecting a variant.",Proposed SHIKHA concept based on product type; source item is Isha Life
Isha Life India,48358,CA02829,Bagru Handblock Printed Half Placket Collared Kurti - Indigo blossom,https://ishalife.sadhguru.org/in/bagru-handblock-printed-half-placket-collared-kurti-indigo-blossom,https://ishalife.sadhguru.org/media/catalog/product/c/a/ca02829_1_.jpg?optimize=medium&fit=bounds&height=&width=,Yoga Store; Yoga Clothing; Womens; Yoga Kurtas,Yoga Store > Yoga Clothing > Womens > Yoga Kurtas,Assigned on source,Apparel & Carry,Women kurtas & tops,Yoga Clothing,In stock at capture,2026-09-25,SHIKHA Bagru Handblock Printed Half Placket Collared Kurti - Indigo blossom,Bagru Handblock Printed Half Placket Collared Kurti - Indigo blossom is an easy-wear option for movement and everyday use.,"Bagru Handblock Printed Half Placket Collared Kurti - Indigo blossom brings the color, cut or design named in the product title to a versatile clothing piece. Wear it for practice, travel or relaxed days according to your preference. Refer to the original size guide and care details before selecting a variant.",Proposed SHIKHA concept based on product type; source item is Isha Life
Isha Life India,48352,CA02828,Bagru Handblock Printed Half Placket Collared Kurti - Dark chintz,https://ishalife.sadhguru.org/in/bagru-handblock-printed-half-placket-collared-kurti-dark-chintz,https://ishalife.sadhguru.org/media/catalog/product/c/a/ca02828_2_.jpg?optimize=medium&fit=bounds&height=&width=,Yoga Store; Yoga Clothing; Womens; Yoga Kurtas,Yoga Store > Yoga Clothing > Womens > Yoga Kurtas,Assigned on source,Apparel & Carry,Women kurtas & tops,Yoga Clothing,In stock at capture,2026-09-25,SHIKHA Bagru Handblock Printed Half Placket Collared Kurti - Dark chintz,Bagru Handblock Printed Half Placket Collared Kurti - Dark chintz is an easy-wear option for movement and everyday use.,"Bagru Handblock Printed Half Placket Collared Kurti - Dark chintz brings the color, cut or design named in the product title to a versatile clothing piece. Wear it for practice, travel or relaxed days according to your preference. Refer to the original size guide and care details before selecting a variant.",Proposed SHIKHA concept based on product type; source item is Isha Life
Isha Life India,48340,CA02607,Essential Cotton Linen Cotton Top - Rust,https://ishalife.sadhguru.org/in/essential-cotton-linen-cotton-top-rust,https://ishalife.sadhguru.org/media/catalog/product/c/a/ca02607_1_.jpg?optimize=medium&fit=bounds&height=&width=,Yoga Store; Yoga Clothing; Womens; Yoga Kurtas,Yoga Store > Yoga Clothing > Womens > Yoga Kurtas,Assigned on source,Apparel & Carry,Women kurtas & tops,Yoga Clothing,In stock at capture,2026-09-25,SHIKHA Essential Cotton Linen Cotton Top - Rust,Essential Cotton Linen Cotton Top - Rust is an easy-wear option for movement and everyday use.,"Essential Cotton Linen Cotton Top - Rust brings the color, cut or design named in the product title to a versatile clothing piece. Wear it for practice, travel or relaxed days according to your preference. Refer to the original size guide and care details before selecting a variant.",Proposed SHIKHA concept based on product type; source item is Isha Life
Isha Life India,48334,CA02659,Black Gauze Essential Top,https://ishalife.sadhguru.org/in/black-gauze-essential-top,https://ishalife.sadhguru.org/media/catalog/product/c/a/ca02659_2_.jpg?optimize=medium&fit=bounds&height=&width=,Yoga Store; Yoga Clothing; Womens; Yoga Kurtas,Yoga Store > Yoga Clothing > Womens > Yoga Kurtas,Assigned on source,Apparel & Carry,Women kurtas & tops,Yoga Clothing,In stock at capture,2026-09-25,SHIKHA Black Gauze Essential Top,Black Gauze Essential Top is an easy-wear option for movement and everyday use.,"Black Gauze Essential Top brings the color, cut or design named in the product title to a versatile clothing piece. Wear it for practice, travel or relaxed days according to your preference. Refer to the original size guide and care details before selecting a variant.",Proposed SHIKHA concept based on product type; source item is Isha Life
Isha Life India,48328,CA02656,Peach Gauze Essential Top,https://ishalife.sadhguru.org/in/peach-gauze-essential-top,https://ishalife.sadhguru.org/media/catalog/product/c/a/ca02656_2_.jpg?optimize=medium&fit=bounds&height=&width=,Yoga Store; Yoga Clothing; Womens; Yoga Kurtas,Yoga Store > Yoga Clothing > Womens > Yoga Kurtas,Assigned on source,Apparel & Carry,Women kurtas & tops,Yoga Clothing,In stock at capture,2026-09-25,SHIKHA Peach Gauze Essential Top,Peach Gauze Essential Top is an easy-wear option for movement and everyday use.,"Peach Gauze Essential Top brings the color, cut or design named in the product title to a versatile clothing piece. Wear it for practice, travel or relaxed days according to your preference. Refer to the original size guide and care details before selecting a variant.",Proposed SHIKHA concept based on product type; source item is Isha Life
Isha Life India,48322,CA02655,Ecru Tan Gauze Essential Top,https://ishalife.sadhguru.org/in/ecru-tan-gauze-essential-top,https://ishalife.sadhguru.org/media/catalog/product/c/a/ca02655_2__1.jpg?optimize=medium&fit=bounds&height=&width=,Yoga Store; Yoga Clothing; Womens,Yoga Store > Yoga Clothing > Womens,Assigned on source,Apparel & Carry,Women kurtas & tops,Yoga Clothing,In stock at capture,2026-09-25,SHIKHA Ecru Tan Gauze Essential Top,Ecru Tan Gauze Essential Top is an easy-wear option for movement and everyday use.,"Ecru Tan Gauze Essential Top brings the color, cut or design named in the product title to a versatile clothing piece. Wear it for practice, travel or relaxed days according to your preference. Refer to the original size guide and care details before selecting a variant.",Proposed SHIKHA concept based on product type; source item is Isha Life
Isha Life India,47638,CA03165,Gramotsavam 2026 T-shirt - White,https://ishalife.sadhguru.org/in/gramotsavam-2026-t-shirt-white,https://ishalife.sadhguru.org/media/catalog/product/c/a/ca03165_6_.jpg?optimize=medium&fit=bounds&height=&width=,Yoga Store; Yoga Clothing; Mens; Womens; T-Shirt,Yoga Store > Yoga Clothing > Mens > T-Shirt | Yoga Store > Yoga Clothing > Womens > T-Shirt,Assigned on source,Apparel & Carry,Men T-shirts,Yoga Clothing,In stock at capture,2026-09-25,Gramotsavam 2026 T-shirt - White,Gramotsavam 2026 T-shirt - White is an easy-wear option for movement and everyday use.,"Gramotsavam 2026 T-shirt - White brings the color, cut or design named in the product title to a versatile clothing piece. Wear it for practice, travel or relaxed days according to your preference. Refer to the original size guide and care details before selecting a variant.",Original Isha Life branded item — reference only; retain source identity
Isha Life India,47632,CA03164,Gramotsavam 2026 T-shirt - Biege,https://ishalife.sadhguru.org/in/gramotsavam-2026-t-shirt-biege,https://ishalife.sadhguru.org/media/catalog/product/c/a/ca03164_1__1.jpeg?optimize=medium&fit=bounds&height=&width=,Yoga Store; Yoga Clothing; Mens; Womens; T-Shirt,Yoga Store > Yoga Clothing > Mens > T-Shirt | Yoga Store > Yoga Clothing > Womens > T-Shirt,Assigned on source,Apparel & Carry,Men T-shirts,Yoga Clothing,In stock at capture,2026-09-25,Gramotsavam 2026 T-shirt - Biege,Gramotsavam 2026 T-shirt - Biege is an easy-wear option for movement and everyday use.,"Gramotsavam 2026 T-shirt - Biege brings the color, cut or design named in the product title to a versatile clothing piece. Wear it for practice, travel or relaxed days according to your preference. Refer to the original size guide and care details before selecting a variant.",Original Isha Life branded item — reference only; retain source identity
Isha Life India,47620,CA03163,Gramotsavam 2026 T-shirt - Olive,https://ishalife.sadhguru.org/in/gramotsavam-2026-t-shirt-olive,https://ishalife.sadhguru.org/media/catalog/product/c/a/ca03163_1_.jpg?optimize=medium&fit=bounds&height=&width=,Yoga Store; Yoga Clothing; Mens; Womens; T-Shirt,Yoga Store > Yoga Clothing > Mens > T-Shirt | Yoga Store > Yoga Clothing > Womens > T-Shirt,Assigned on source,Apparel & Carry,Men T-shirts,Yoga Clothing,In stock at capture,2026-09-25,Gramotsavam 2026 T-shirt - Olive,Gramotsavam 2026 T-shirt - Olive is an easy-wear option for movement and everyday use.,"Gramotsavam 2026 T-shirt - Olive brings the color, cut or design named in the product title to a versatile clothing piece. Wear it for practice, travel or relaxed days according to your preference. Refer to the original size guide and care details before selecting a variant.",Original Isha Life branded item — reference only; retain source identity
Isha Life India,47614,CA03162,Gramotsavam 2026 T-shirt - Black,https://ishalife.sadhguru.org/in/gramotsavam-2026-t-shirt-black,https://ishalife.sadhguru.org/media/catalog/product/c/a/ca03162_1_.jpg?optimize=medium&fit=bounds&height=&width=,Yoga Store; Yoga Clothing; Mens; Womens,Yoga Store > Yoga Clothing > Mens | Yoga Store > Yoga Clothing > Womens,Assigned on source,Apparel & Carry,Men T-shirts,Yoga Clothing,In stock at capture,2026-09-25,Gramotsavam 2026 T-shirt - Black,Gramotsavam 2026 T-shirt - Black is an easy-wear option for movement and everyday use.,"Gramotsavam 2026 T-shirt - Black brings the color, cut or design named in the product title to a versatile clothing piece. Wear it for practice, travel or relaxed days according to your preference. Refer to the original size guide and care details before selecting a variant.",Original Isha Life branded item — reference only; retain source identity
Isha Life India,45595,CA03108,Devotion Unbound Sadhguru T-Shirt,https://ishalife.sadhguru.org/in/devotion-unbound-sadhguru-t-shirt,https://ishalife.sadhguru.org/media/catalog/product/c/a/ca03108_1_.jpg?optimize=medium&fit=bounds&height=&width=,Yoga Store; Yoga Clothing; Mens; Womens; T-Shirt,Yoga Store > Yoga Clothing > Mens > T-Shirt | Yoga Store > Yoga Clothing > Womens > T-Shirt,Assigned on source,Apparel & Carry,Men T-shirts,Yoga Clothing,In stock at capture,2026-09-25,Devotion Unbound Sadhguru T-Shirt,Devotion Unbound Sadhguru T-Shirt is an easy-wear option for movement and everyday use.,"Devotion Unbound Sadhguru T-Shirt brings the color, cut or design named in the product title to a versatile clothing piece. Wear it for practice, travel or relaxed days according to your preference. Refer to the original size guide and care details before selecting a variant.",Original Isha Life branded item — reference only; retain source identity
Isha Life India,45574,CA03092,Sadhguru 360° T Shirt Black,https://ishalife.sadhguru.org/in/sadhguru-360-t-shirt-black,https://ishalife.sadhguru.org/media/catalog/product/c/a/ca03092_1_.jpg?optimize=medium&fit=bounds&height=&width=,Yoga Store; Yoga Clothing; Mens; Womens; T-Shirt,Yoga Store > Yoga Clothing > Mens > T-Shirt | Yoga Store > Yoga Clothing > Womens > T-Shirt,Assigned on source,Apparel & Carry,Men kurtas & tops,Yoga Clothing,In stock at capture,2026-09-25,Sadhguru 360° T Shirt Black,Sadhguru 360° T Shirt Black is an easy-wear option for movement and everyday use.,"Sadhguru 360° T Shirt Black brings the color, cut or design named in the product title to a versatile clothing piece. Wear it for practice, travel or relaxed days according to your preference. Refer to the original size guide and care details before selecting a variant.",Original Isha Life branded item — reference only; retain source identity
Isha Life India,45406,CA03075,Hues of Stillness - Sadhguru T-shirt,https://ishalife.sadhguru.org/in/sadhguru-t-shirt-style-1,https://ishalife.sadhguru.org/media/catalog/product/c/a/ca03075_1_.jpeg?optimize=medium&fit=bounds&height=&width=,Yoga Store; Yoga Clothing; Mens; Womens; T-Shirt,Yoga Store > Yoga Clothing > Mens > T-Shirt | Yoga Store > Yoga Clothing > Womens > T-Shirt,Assigned on source,Apparel & Carry,Men T-shirts,Yoga Clothing,In stock at capture,2026-09-25,Hues of Stillness - Sadhguru T-shirt,Hues of Stillness - Sadhguru T-shirt is an easy-wear option for movement and everyday use.,"Hues of Stillness - Sadhguru T-shirt brings the color, cut or design named in the product title to a versatile clothing piece. Wear it for practice, travel or relaxed days according to your preference. Refer to the original size guide and care details before selecting a variant.",Original Isha Life branded item — reference only; retain source identity
Isha Life India,45388,CA03072,Fire of Stillness - Sadhguru T-shirt,https://ishalife.sadhguru.org/in/sadhguru-360-black-t-shirt,https://ishalife.sadhguru.org/media/catalog/product/c/a/ca03072_1__1.jpeg?optimize=medium&fit=bounds&height=&width=,Yoga Store; Yoga Clothing; Mens; Womens,Yoga Store > Yoga Clothing > Mens | Yoga Store > Yoga Clothing > Womens,Assigned on source,Apparel & Carry,Men T-shirts,Yoga Clothing,In stock at capture,2026-09-25,Fire of Stillness - Sadhguru T-shirt,Fire of Stillness - Sadhguru T-shirt is an easy-wear option for movement and everyday use.,"Fire of Stillness - Sadhguru T-shirt brings the color, cut or design named in the product title to a versatile clothing piece. Wear it for practice, travel or relaxed days according to your preference. Refer to the original size guide and care details before selecting a variant.",Original Isha Life branded item — reference only; retain source identity
Isha Life India,43414,CA00858 Women,IE Women T Shirt with Triangle Pattern,https://ishalife.sadhguru.org/in/ie-women-t-shirt-with-triangle-pattern,https://ishalife.sadhguru.org/media/catalog/product/0/4/0401245_s_03.jpg?optimize=medium&fit=bounds&height=&width=,Yoga Store; Yoga Clothing; Womens; T-Shirt,Yoga Store > Yoga Clothing > Womens > T-Shirt,Assigned on source,Apparel & Carry,Women kurtas & tops,Yoga Clothing,In stock at capture,2026-09-25,SHIKHA IE Women T Shirt with Triangle Pattern,IE Women T Shirt with Triangle Pattern is an easy-wear option for movement and everyday use.,"IE Women T Shirt with Triangle Pattern brings the color, cut or design named in the product title to a versatile clothing piece. Wear it for practice, travel or relaxed days according to your preference. Refer to the original size guide and care details before selecting a variant.",Proposed SHIKHA concept based on product type; source item is Isha Life
Isha Life India,43411,CA01196 Women,Inner Engineering Women T Shirt - Pique Polo Full Sleeve,https://ishalife.sadhguru.org/in/inner-engineering-women-t-shirt-pique-polo-full-sleeve,https://ishalife.sadhguru.org/media/catalog/product/c/a/ca0119600200_01.jpg?optimize=medium&fit=bounds&height=&width=,Yoga Store; Yoga Clothing; Womens; T-Shirt,Yoga Store > Yoga Clothing > Womens > T-Shirt,Assigned on source,Apparel & Carry,Women kurtas & tops,Yoga Clothing,In stock at capture,2026-09-25,Inner Engineering Women T Shirt - Pique Polo Full Sleeve,Inner Engineering Women T Shirt - Pique Polo Full Sleeve is an easy-wear option for movement and everyday use.,"Inner Engineering Women T Shirt - Pique Polo Full Sleeve brings the color, cut or design named in the product title to a versatile clothing piece. Wear it for practice, travel or relaxed days according to your preference. Refer to the original size guide and care details before selecting a variant.",Original Isha Life branded item — reference only; retain source identity
Isha Life India,42591,CA02466,Washed Cotton Flax V Neck Tunic - Beige,https://ishalife.sadhguru.org/in/washed-cotton-flax-v-neck-tunic-beige,https://ishalife.sadhguru.org/media/catalog/product/c/a/ca0246600200_01.jpg?optimize=medium&fit=bounds&height=&width=,Yoga Store; Yoga Clothing; Womens; Yoga Kurtas,Yoga Store > Yoga Clothing > Womens > Yoga Kurtas,Assigned on source,Apparel & Carry,Women kurtas & tops,Yoga Clothing,In stock at capture,2026-09-25,SHIKHA Washed Cotton Flax V Neck Tunic - Beige,Washed Cotton Flax V Neck Tunic - Beige is an easy-wear option for movement and everyday use.,"Washed Cotton Flax V Neck Tunic - Beige brings the color, cut or design named in the product title to a versatile clothing piece. Wear it for practice, travel or relaxed days according to your preference. Refer to the original size guide and care details before selecting a variant.",Proposed SHIKHA concept based on product type; source item is Isha Life
Isha Life India,42585,CA02481,Cut and Sew Printed Cotton Dobby Long Kurta - Off White,https://ishalife.sadhguru.org/in/cut-and-sew-printed-cotton-dobby-long-kurta-off-white,https://ishalife.sadhguru.org/media/catalog/product/c/a/ca0248100200_01.jpg?optimize=medium&fit=bounds&height=&width=,Yoga Store; Yoga Clothing; Womens; Yoga Kurtas,Yoga Store > Yoga Clothing > Womens > Yoga Kurtas,Assigned on source,Apparel & Carry,Women kurtas & tops,Yoga Clothing,In stock at capture,2026-09-25,SHIKHA Cut and Sew Printed Cotton Dobby Long Kurta - Off White,Cut and Sew Printed Cotton Dobby Long Kurta - Off White is an easy-wear option for movement and everyday use.,"Cut and Sew Printed Cotton Dobby Long Kurta - Off White brings the color, cut or design named in the product title to a versatile clothing piece. Wear it for practice, travel or relaxed days according to your preference. Refer to the original size guide and care details before selecting a variant.",Proposed SHIKHA concept based on product type; source item is Isha Life
Isha Life India,42579,CA02480,Cut and Sew Printed Cotton Dobby Long Kurta - Ochre,https://ishalife.sadhguru.org/in/cut-and-sew-printed-cotton-dobby-long-kurta-ochre,https://ishalife.sadhguru.org/media/catalog/product/c/a/ca0248000200_01.jpg?optimize=medium&fit=bounds&height=&width=,Yoga Store; Yoga Clothing; Womens; Yoga Kurtas,Yoga Store > Yoga Clothing > Womens > Yoga Kurtas,Assigned on source,Apparel & Carry,Women kurtas & tops,Yoga Clothing,In stock at capture,2026-09-25,SHIKHA Cut and Sew Printed Cotton Dobby Long Kurta - Ochre,Cut and Sew Printed Cotton Dobby Long Kurta - Ochre is an easy-wear option for movement and everyday use.,"Cut and Sew Printed Cotton Dobby Long Kurta - Ochre brings the color, cut or design named in the product title to a versatile clothing piece. Wear it for practice, travel or relaxed days according to your preference. Refer to the original size guide and care details before selecting a variant.",Proposed SHIKHA concept based on product type; source item is Isha Life
Isha Life India,42573,CA02479,Cut and Sew Printed Cotton Dobby Long Kurta - Rust,https://ishalife.sadhguru.org/in/cut-and-sew-printed-cotton-dobby-long-kurta-rust,https://ishalife.sadhguru.org/media/catalog/product/c/a/ca0247900200_01.jpg?optimize=medium&fit=bounds&height=&width=,Yoga Store; Yoga Clothing; Womens; Yoga Kurtas,Yoga Store > Yoga Clothing > Womens > Yoga Kurtas,Assigned on source,Apparel & Carry,Women kurtas & tops,Yoga Clothing,In stock at capture,2026-09-25,SHIKHA Cut and Sew Printed Cotton Dobby Long Kurta - Rust,Cut and Sew Printed Cotton Dobby Long Kurta - Rust is an easy-wear option for movement and everyday use.,"Cut and Sew Printed Cotton Dobby Long Kurta - Rust brings the color, cut or design named in the product title to a versatile clothing piece. Wear it for practice, travel or relaxed days according to your preference. Refer to the original size guide and care details before selecting a variant.",Proposed SHIKHA concept based on product type; source item is Isha Life
Isha Life India,42567,CA02478,Cotton Dobby Straight Leg Pants - Black,https://ishalife.sadhguru.org/in/cotton-dobby-straight-leg-pants-black,https://ishalife.sadhguru.org/media/catalog/product/c/a/ca0247800200_03.jpg?optimize=medium&fit=bounds&height=&width=,Yoga Store; Yoga Clothing; Womens; Track Pants,Yoga Store > Yoga Clothing > Womens > Track Pants,Assigned on source,Apparel & Carry,Pants & joggers,Yoga Clothing,In stock at capture,2026-09-25,SHIKHA Cotton Dobby Straight Leg Pants - Black,Cotton Dobby Straight Leg Pants - Black is an easy-wear option for movement and everyday use.,"Cotton Dobby Straight Leg Pants - Black brings the color, cut or design named in the product title to a versatile clothing piece. Wear it for practice, travel or relaxed days according to your preference. Refer to the original size guide and care details before selecting a variant.",Proposed SHIKHA concept based on product type; source item is Isha Life
Isha Life India,42537,CA02473,Missing Dent Dobby Culotte - Brown,https://ishalife.sadhguru.org/in/missing-dent-dobby-culotte-brown,https://ishalife.sadhguru.org/media/catalog/product/c/a/ca0247300200_02.jpg?optimize=medium&fit=bounds&height=&width=,Yoga Store; Yoga Clothing; Womens; Dhoti Pants,Yoga Store > Yoga Clothing > Womens > Dhoti Pants,Assigned on source,Apparel & Carry,Pants & joggers,Yoga Clothing,In stock at capture,2026-09-25,SHIKHA Missing Dent Dobby Culotte - Brown,Missing Dent Dobby Culotte - Brown is an easy-wear option for movement and everyday use.,"Missing Dent Dobby Culotte - Brown brings the color, cut or design named in the product title to a versatile clothing piece. Wear it for practice, travel or relaxed days according to your preference. Refer to the original size guide and care details before selecting a variant.",Proposed SHIKHA concept based on product type; source item is Isha Life
Isha Life India,42531,CA02472,Missing Dent Dobby Culotte - Navy,https://ishalife.sadhguru.org/in/missing-dent-dobby-culotte-navy,https://ishalife.sadhguru.org/media/catalog/product/c/a/ca0247200200_03_1.jpg?optimize=medium&fit=bounds&height=&width=,Yoga Store; Yoga Clothing; Womens; Yoga Kurtas; Dhoti Pants,Yoga Store > Yoga Clothing > Womens > Yoga Kurtas | Yoga Store > Yoga Clothing > Womens > Dhoti Pants,Assigned on source,Apparel & Carry,Pants & joggers,Yoga Clothing,In stock at capture,2026-09-25,SHIKHA Missing Dent Dobby Culotte - Navy,Missing Dent Dobby Culotte - Navy is an easy-wear option for movement and everyday use.,"Missing Dent Dobby Culotte - Navy brings the color, cut or design named in the product title to a versatile clothing piece. Wear it for practice, travel or relaxed days according to your preference. Refer to the original size guide and care details before selecting a variant.",Proposed SHIKHA concept based on product type; source item is Isha Life
Isha Life India,42522,CA02471,Solid Cambric Cotton Button Front Top - Beige,https://ishalife.sadhguru.org/in/solid-cambric-cotton-button-front-top-beige,https://ishalife.sadhguru.org/media/catalog/product/c/a/ca0247100200_03.jpg?optimize=medium&fit=bounds&height=&width=,Yoga Store; Yoga Clothing; Womens; Yoga Kurtas,Yoga Store > Yoga Clothing > Womens > Yoga Kurtas,Assigned on source,Apparel & Carry,Women kurtas & tops,Yoga Clothing,In stock at capture,2026-09-25,SHIKHA Solid Cambric Cotton Button Front Top - Beige,Solid Cambric Cotton Button Front Top - Beige is an easy-wear option for movement and everyday use.,"Solid Cambric Cotton Button Front Top - Beige brings the color, cut or design named in the product title to a versatile clothing piece. Wear it for practice, travel or relaxed days according to your preference. Refer to the original size guide and care details before selecting a variant.",Proposed SHIKHA concept based on product type; source item is Isha Life
Isha Life India,42516,CA02470,Solid Cambric Cotton Button Front Top - Tan,https://ishalife.sadhguru.org/in/solid-cambric-cotton-button-front-top-tan,https://ishalife.sadhguru.org/media/catalog/product/c/a/ca0247000200_03.jpg?optimize=medium&fit=bounds&height=&width=,Yoga Store; Yoga Clothing; Womens; Yoga Kurtas,Yoga Store > Yoga Clothing > Womens > Yoga Kurtas,Assigned on source,Apparel & Carry,Women kurtas & tops,Yoga Clothing,In stock at capture,2026-09-25,SHIKHA Solid Cambric Cotton Button Front Top - Tan,Solid Cambric Cotton Button Front Top - Tan is an easy-wear option for movement and everyday use.,"Solid Cambric Cotton Button Front Top - Tan brings the color, cut or design named in the product title to a versatile clothing piece. Wear it for practice, travel or relaxed days according to your preference. Refer to the original size guide and care details before selecting a variant.",Proposed SHIKHA concept based on product type; source item is Isha Life
Isha Life India,42510,CA02469,Cut and Sew Poplin Top With Stitch Details - Ecru,https://ishalife.sadhguru.org/in/cut-and-sew-poplin-top-with-stitch-details-ecru,https://ishalife.sadhguru.org/media/catalog/product/c/a/ca0246900200_03.jpg?optimize=medium&fit=bounds&height=&width=,Yoga Store; Yoga Clothing; Womens; Yoga Kurtas,Yoga Store > Yoga Clothing > Womens > Yoga Kurtas,Assigned on source,Apparel & Carry,Women kurtas & tops,Yoga Clothing,In stock at capture,2026-09-25,SHIKHA Cut and Sew Poplin Top With Stitch Details - Ecru,Cut and Sew Poplin Top With Stitch Details - Ecru is an easy-wear option for movement and everyday use.,"Cut and Sew Poplin Top With Stitch Details - Ecru brings the color, cut or design named in the product title to a versatile clothing piece. Wear it for practice, travel or relaxed days according to your preference. Refer to the original size guide and care details before selecting a variant.",Proposed SHIKHA concept based on product type; source item is Isha Life
Isha Life India,42504,CA02468,Cut and Sew Poplin Top With Stitch Details - Mauve,https://ishalife.sadhguru.org/in/cut-and-sew-poplin-top-with-stitch-details-mauve,https://ishalife.sadhguru.org/media/catalog/product/c/a/ca0246800200_03.jpg?optimize=medium&fit=bounds&height=&width=,Yoga Store; Yoga Clothing; Womens; Yoga Kurtas,Yoga Store > Yoga Clothing > Womens > Yoga Kurtas,Assigned on source,Apparel & Carry,Women kurtas & tops,Yoga Clothing,In stock at capture,2026-09-25,SHIKHA Cut and Sew Poplin Top With Stitch Details - Mauve,Cut and Sew Poplin Top With Stitch Details - Mauve is an easy-wear option for movement and everyday use.,"Cut and Sew Poplin Top With Stitch Details - Mauve brings the color, cut or design named in the product title to a versatile clothing piece. Wear it for practice, travel or relaxed days according to your preference. Refer to the original size guide and care details before selecting a variant.",Proposed SHIKHA concept based on product type; source item is Isha Life
Isha Life India,42498,CA02467,Washed Cotton Flax V Neck Tunic - Rust,https://ishalife.sadhguru.org/in/washed-cotton-flax-v-neck-tunic-rust,https://ishalife.sadhguru.org/media/catalog/product/c/a/ca0246700200_03.jpg?optimize=medium&fit=bounds&height=&width=,Yoga Store; Yoga Clothing; Womens; Yoga Kurtas,Yoga Store > Yoga Clothing > Womens > Yoga Kurtas,Assigned on source,Apparel & Carry,Women kurtas & tops,Yoga Clothing,In stock at capture,2026-09-25,SHIKHA Washed Cotton Flax V Neck Tunic - Rust,Washed Cotton Flax V Neck Tunic - Rust is an easy-wear option for movement and everyday use.,"Washed Cotton Flax V Neck Tunic - Rust brings the color, cut or design named in the product title to a versatile clothing piece. Wear it for practice, travel or relaxed days according to your preference. Refer to the original size guide and care details before selecting a variant.",Proposed SHIKHA concept based on product type; source item is Isha Life
Isha Life India,41367,CA02054 Women,Miracle of Mind Women's Black Cotton T-Shirt - Sadhguru,https://ishalife.sadhguru.org/in/miracle-of-mind-women-s-black-cotton-t-shirt-sadhguru,https://ishalife.sadhguru.org/media/catalog/product/j/p/jpeg-optimizer_ca0205400200_03.jpg?optimize=medium&fit=bounds&height=&width=,Yoga Store; Yoga Clothing; Womens; T-Shirt,Yoga Store > Yoga Clothing > Womens > T-Shirt,Assigned on source,Apparel & Carry,Women T-shirts,Yoga Clothing,In stock at capture,2026-09-25,Miracle of Mind Women's Black Cotton T-Shirt - Sadhguru,Miracle of Mind Women's Black Cotton T-Shirt - Sadhguru is an easy-wear option for movement and everyday use.,"Miracle of Mind Women's Black Cotton T-Shirt - Sadhguru brings the color, cut or design named in the product title to a versatile clothing piece. Wear it for practice, travel or relaxed days according to your preference. Refer to the original size guide and care details before selecting a variant.",Original Isha Life branded item — reference only; retain source identity
Isha Life India,41355,CA02053 Women,Miracle of Mind Women's Cotton T-Shirt – Tree,https://ishalife.sadhguru.org/in/miracle-of-mind-women-s-cotton-t-shirt-tree,https://ishalife.sadhguru.org/media/catalog/product/j/p/jpeg-optimizer_ca0205300200_04.jpg?optimize=medium&fit=bounds&height=&width=,Yoga Store; Yoga Clothing; Womens; T-Shirt,Yoga Store > Yoga Clothing > Womens > T-Shirt,Assigned on source,Apparel & Carry,Women T-shirts,Yoga Clothing,In stock at capture,2026-09-25,Miracle of Mind Women's Cotton T-Shirt – Tree,Miracle of Mind Women's Cotton T-Shirt – Tree is an easy-wear option for movement and everyday use.,"Miracle of Mind Women's Cotton T-Shirt – Tree brings the color, cut or design named in the product title to a versatile clothing piece. Wear it for practice, travel or relaxed days according to your preference. Refer to the original size guide and care details before selecting a variant.",Original Isha Life branded item — reference only; retain source identity
Isha Life India,41343,CA02388,Dark Navy Straight Cotton Pants,https://ishalife.sadhguru.org/in/dark-navy-straight-cotton-pants,https://ishalife.sadhguru.org/media/catalog/product/j/p/jpeg-optimizer_ca0238800200_03.jpg?optimize=medium&fit=bounds&height=&width=,Yoga Store; Yoga Clothing; Womens; Track Pants,Yoga Store > Yoga Clothing > Womens > Track Pants,Assigned on source,Apparel & Carry,Pants & joggers,Yoga Clothing,In stock at capture,2026-09-25,SHIKHA Dark Navy Straight Cotton Pants,Dark Navy Straight Cotton Pants is an easy-wear option for movement and everyday use.,"Dark Navy Straight Cotton Pants brings the color, cut or design named in the product title to a versatile clothing piece. Wear it for practice, travel or relaxed days according to your preference. Refer to the original size guide and care details before selecting a variant.",Proposed SHIKHA concept based on product type; source item is Isha Life
Isha Life India,41337,CA02387,Natural Taupe Straight Cotton Pants,https://ishalife.sadhguru.org/in/natural-taupe-straight-cotton-pants,https://ishalife.sadhguru.org/media/catalog/product/j/p/jpeg-optimizer_ca0238700200_03.jpg?optimize=medium&fit=bounds&height=&width=,Yoga Store; Yoga Clothing; Mens; Womens; Track Pants,Yoga Store > Yoga Clothing > Mens > Track Pants | Yoga Store > Yoga Clothing > Womens > Track Pants,Assigned on source,Apparel & Carry,Pants & joggers,Yoga Clothing,In stock at capture,2026-09-25,SHIKHA Natural Taupe Straight Cotton Pants,Natural Taupe Straight Cotton Pants is an easy-wear option for movement and everyday use.,"Natural Taupe Straight Cotton Pants brings the color, cut or design named in the product title to a versatile clothing piece. Wear it for practice, travel or relaxed days according to your preference. Refer to the original size guide and care details before selecting a variant.",Proposed SHIKHA concept based on product type; source item is Isha Life
Isha Life India,41232,CA02384,Crimson Red V-Neck Cotton Kurti,https://ishalife.sadhguru.org/in/crimson-red-v-neck-cotton-kurti,https://ishalife.sadhguru.org/media/catalog/product/j/p/jpeg-optimizer_ca0238400200_02.jpg?optimize=medium&fit=bounds&height=&width=,Yoga Store; Yoga Clothing; Womens; Yoga Kurtas,Yoga Store > Yoga Clothing > Womens > Yoga Kurtas,Assigned on source,Apparel & Carry,Women kurtas & tops,Yoga Clothing,In stock at capture,2026-09-25,SHIKHA Crimson Red V-Neck Cotton Kurti,Crimson Red V-Neck Cotton Kurti is an easy-wear option for movement and everyday use.,"Crimson Red V-Neck Cotton Kurti brings the color, cut or design named in the product title to a versatile clothing piece. Wear it for practice, travel or relaxed days according to your preference. Refer to the original size guide and care details before selecting a variant.",Proposed SHIKHA concept based on product type; source item is Isha Life
Isha Life India,41220,CA02382,Forest Green V-Neck Cotton Dobby Kurti,https://ishalife.sadhguru.org/in/forest-green-v-neck-cotton-dobby-kurti,https://ishalife.sadhguru.org/media/catalog/product/j/p/jpeg-optimizer_ca0238200200_02.jpg?optimize=medium&fit=bounds&height=&width=,Yoga Store; Yoga Clothing; Womens; Yoga Kurtas,Yoga Store > Yoga Clothing > Womens > Yoga Kurtas,Assigned on source,Apparel & Carry,Women kurtas & tops,Yoga Clothing,In stock at capture,2026-09-25,SHIKHA Forest Green V-Neck Cotton Dobby Kurti,Forest Green V-Neck Cotton Dobby Kurti is an easy-wear option for movement and everyday use.,"Forest Green V-Neck Cotton Dobby Kurti brings the color, cut or design named in the product title to a versatile clothing piece. Wear it for practice, travel or relaxed days according to your preference. Refer to the original size guide and care details before selecting a variant.",Proposed SHIKHA concept based on product type; source item is Isha Life
Isha Life India,41202,CA02379,Soft Pink Half Placket Slub Cotton Kurti,https://ishalife.sadhguru.org/in/soft-pink-half-placket-slub-cotton-kurti,https://ishalife.sadhguru.org/media/catalog/product/j/p/jpeg-optimizer_ca0237900200_03.jpg?optimize=medium&fit=bounds&height=&width=,Yoga Store; Yoga Clothing; Womens; Yoga Kurtas,Yoga Store > Yoga Clothing > Womens > Yoga Kurtas,Assigned on source,Apparel & Carry,Women kurtas & tops,Yoga Clothing,In stock at capture,2026-09-25,SHIKHA Soft Pink Half Placket Slub Cotton Kurti,Soft Pink Half Placket Slub Cotton Kurti is an easy-wear option for movement and everyday use.,"Soft Pink Half Placket Slub Cotton Kurti brings the color, cut or design named in the product title to a versatile clothing piece. Wear it for practice, travel or relaxed days according to your preference. Refer to the original size guide and care details before selecting a variant.",Proposed SHIKHA concept based on product type; source item is Isha Life
Isha Life India,41196,CA02378,Sand Brown Essential Mandarin Top,https://ishalife.sadhguru.org/in/sand-brown-essential-mandarin-top,https://ishalife.sadhguru.org/media/catalog/product/j/p/jpeg-optimizer_ca0237800200_03.jpg?optimize=medium&fit=bounds&height=&width=,Yoga Store; Yoga Clothing; Womens; Yoga Kurtas,Yoga Store > Yoga Clothing > Womens > Yoga Kurtas,Assigned on source,Apparel & Carry,Women kurtas & tops,Yoga Clothing,In stock at capture,2026-09-25,SHIKHA Sand Brown Essential Mandarin Top,Sand Brown Essential Mandarin Top is an easy-wear option for movement and everyday use.,"Sand Brown Essential Mandarin Top brings the color, cut or design named in the product title to a versatile clothing piece. Wear it for practice, travel or relaxed days according to your preference. Refer to the original size guide and care details before selecting a variant.",Proposed SHIKHA concept based on product type; source item is Isha Life
Isha Life India,41190,CA02377,Indigo Essential Mandarin Top,https://ishalife.sadhguru.org/in/indigo-essential-mandarin-top,https://ishalife.sadhguru.org/media/catalog/product/j/p/jpeg-optimizer_ca0237700200_03.jpg?optimize=medium&fit=bounds&height=&width=,Yoga Store; Yoga Clothing; Womens; Yoga Kurtas,Yoga Store > Yoga Clothing > Womens > Yoga Kurtas,Assigned on source,Apparel & Carry,Women kurtas & tops,Yoga Clothing,In stock at capture,2026-09-25,SHIKHA Indigo Essential Mandarin Top,Indigo Essential Mandarin Top is an easy-wear option for movement and everyday use.,"Indigo Essential Mandarin Top brings the color, cut or design named in the product title to a versatile clothing piece. Wear it for practice, travel or relaxed days according to your preference. Refer to the original size guide and care details before selecting a variant.",Proposed SHIKHA concept based on product type; source item is Isha Life
Isha Life India,41124,CA01580 Women,⁠Washed Cotton Stretch Jersey Jogger Womens pants-Vintage Indigo,https://ishalife.sadhguru.org/in/lycra-washed-jersey-jogger-men-pants-vintage-indigo,https://ishalife.sadhguru.org/media/catalog/product/j/p/jpeg-optimizer_ca0158000200_02.jpg?optimize=medium&fit=bounds&height=&width=,Yoga Store; Yoga Clothing; Womens,Yoga Store > Yoga Clothing > Womens,Assigned on source,Apparel & Carry,Pants & joggers,Yoga Clothing,In stock at capture,2026-09-25,SHIKHA ⁠Washed Cotton Stretch Jersey Jogger Womens pants-Vintage Indigo,⁠Washed Cotton Stretch Jersey Jogger Womens pants-Vintage Indigo is an easy-wear option for movement and everyday use.,"⁠Washed Cotton Stretch Jersey Jogger Womens pants-Vintage Indigo brings the color, cut or design named in the product title to a versatile clothing piece. Wear it for practice, travel or relaxed days according to your preference. Refer to the original size guide and care details before selecting a variant.",Proposed SHIKHA concept based on product type; source item is Isha Life
Isha Life India,41100,CA01573 Women,Washed Hooded Jersey Sweat Women Jacket - Vintage Indigo,https://ishalife.sadhguru.org/in/lycra-washed-hooded-jersey-sweat-women-jacket-vintage-indigo,https://ishalife.sadhguru.org/media/catalog/product/j/p/jpeg-optimizer_ca0157300200_04.jpg?optimize=medium&fit=bounds&height=&width=,Yoga Store; Yoga Clothing; Womens,Yoga Store > Yoga Clothing > Womens,Assigned on source,Apparel & Carry,Hoodies & jackets,Yoga Clothing,In stock at capture,2026-09-25,SHIKHA Washed Hooded Jersey Sweat Women Jacket - Vintage Indigo,Washed Hooded Jersey Sweat Women Jacket - Vintage Indigo is an easy-wear option for movement and everyday use.,"Washed Hooded Jersey Sweat Women Jacket - Vintage Indigo brings the color, cut or design named in the product title to a versatile clothing piece. Wear it for practice, travel or relaxed days according to your preference. Refer to the original size guide and care details before selecting a variant.",Proposed SHIKHA concept based on product type; source item is Isha Life
Isha Life India,40831,CA01671,"Ease Collection - Natural Indigo Set - 100% Cotton Handloom, Naturally Dyed with Indigo",https://ishalife.sadhguru.org/in/ease-collection-natural-indigo-set-100-cotton-handloom-naturally-dyed-with-indigo,https://ishalife.sadhguru.org/media/catalog/product/j/p/jpeg-optimizer_ca01671_2_.jpg?optimize=medium&fit=bounds&height=&width=,Yoga Store; Yoga Clothing; Womens; Yoga Kurtas,Yoga Store > Yoga Clothing > Womens > Yoga Kurtas,Assigned on source,Apparel & Carry,Clothing sets,Yoga Clothing,In stock at capture,2026-09-25,Ease Collection - Natural Indigo Set — Handloom Cotton,Ease Collection - Natural Indigo Set — Handloom Cotton is an easy-wear option for movement and everyday use.,"Ease Collection - Natural Indigo Set — Handloom Cotton brings the color, cut or design named in the product title to a versatile clothing piece. Wear it for practice, travel or relaxed days according to your preference. Refer to the original size guide and care details before selecting a variant.",Original Isha Life branded item — reference only; retain source identity
Isha Life India,40822,CA01672,"Ease Collection - Natural Indigo Pant - 100% Cotton Handloom, Naturally Dyed with Indigo:",https://ishalife.sadhguru.org/in/ease-collection-natural-indigo-pant-100-cotton-handloom-naturally-dyed-with-indigo,https://ishalife.sadhguru.org/media/catalog/product/j/p/jpeg-optimizer_ca01672_3_.jpg?optimize=medium&fit=bounds&height=&width=,Yoga Store; Yoga Clothing; Womens,Yoga Store > Yoga Clothing > Womens,Assigned on source,Apparel & Carry,Pants & joggers,Yoga Clothing,In stock at capture,2026-09-25,Ease Collection - Natural Indigo Pant — Handloom Cotton,Ease Collection - Natural Indigo Pant — Handloom Cotton is an easy-wear option for movement and everyday use.,"Ease Collection - Natural Indigo Pant — Handloom Cotton brings the color, cut or design named in the product title to a versatile clothing piece. Wear it for practice, travel or relaxed days according to your preference. Refer to the original size guide and care details before selecting a variant.",Original Isha Life branded item — reference only; retain source identity
Isha Life India,40810,CA01673,"Ease Collection - Cutch Brown Kurta - 100% Cotton Handloom, Naturally Dyed with Cutch Tree Wood:",https://ishalife.sadhguru.org/in/ease-collection-cutch-brown-kurta-100-cotton-handloom-naturally-dyed-with-cutch-tree-wood,https://ishalife.sadhguru.org/media/catalog/product/j/p/jpeg-optimizer_ca01673_2_.jpg?optimize=medium&fit=bounds&height=&width=,Yoga Store; Yoga Clothing; Womens; Yoga Kurtas,Yoga Store > Yoga Clothing > Womens > Yoga Kurtas,Assigned on source,Apparel & Carry,Women kurtas & tops,Yoga Clothing,In stock at capture,2026-09-25,Ease Collection - Cutch Brown Kurta — Handloom Cotton,Ease Collection - Cutch Brown Kurta — Handloom Cotton is an easy-wear option for movement and everyday use.,"Ease Collection - Cutch Brown Kurta — Handloom Cotton brings the color, cut or design named in the product title to a versatile clothing piece. Wear it for practice, travel or relaxed days according to your preference. Refer to the original size guide and care details before selecting a variant.",Original Isha Life branded item — reference only; retain source identity
Isha Life India,40792,CA01677,"Ease Collection - Tea Beige Kurta - 100% Cotton Handloom, Naturally Dyed with Tea Leaves",https://ishalife.sadhguru.org/in/ease-collection-tea-beige-100-cotton-handloom-naturally-dyed-with-tea-leaves,https://ishalife.sadhguru.org/media/catalog/product/j/p/jpeg-optimizer_ca01677_2__1.jpg?optimize=medium&fit=bounds&height=&width=,Yoga Store; Yoga Clothing; Womens; Yoga Kurtas,Yoga Store > Yoga Clothing > Womens > Yoga Kurtas,Assigned on source,Apparel & Carry,Women kurtas & tops,Yoga Clothing,In stock at capture,2026-09-25,Ease Collection - Tea Beige Kurta — Handloom Cotton,Ease Collection - Tea Beige Kurta — Handloom Cotton is an easy-wear option for movement and everyday use.,"Ease Collection - Tea Beige Kurta — Handloom Cotton brings the color, cut or design named in the product title to a versatile clothing piece. Wear it for practice, travel or relaxed days according to your preference. Refer to the original size guide and care details before selecting a variant.",Original Isha Life branded item — reference only; retain source identity
Isha Life India,40786,CA01678,"Ease Collection - Tea Beige Pant - 100% Cotton Handloom, Naturally Dyed with Tea Leaves",https://ishalife.sadhguru.org/in/ease-collection-tea-beige-kurta-100-cotton-handloom-naturally-dyed-with-tea-leaves,https://ishalife.sadhguru.org/media/catalog/product/j/p/jpeg-optimizer_ca01668_3__1.jpg?optimize=medium&fit=bounds&height=&width=,Yoga Store; Yoga Clothing; Womens; Yoga Kurtas,Yoga Store > Yoga Clothing > Womens > Yoga Kurtas,Assigned on source,Apparel & Carry,Pants & joggers,Yoga Clothing,In stock at capture,2026-09-25,Ease Collection - Tea Beige Pant — Handloom Cotton,Ease Collection - Tea Beige Pant — Handloom Cotton is an easy-wear option for movement and everyday use.,"Ease Collection - Tea Beige Pant — Handloom Cotton brings the color, cut or design named in the product title to a versatile clothing piece. Wear it for practice, travel or relaxed days according to your preference. Refer to the original size guide and care details before selecting a variant.",Original Isha Life branded item — reference only; retain source identity
Isha Life India,40780,CA01669,"Ease Collection - Green Kurta - 100% Cotton Handloom, Naturally Dyed with Pomegranate Rind",https://ishalife.sadhguru.org/in/ease-collection-green-kurta-100-cotton-handloom-naturally-dyed-with-pomegranate-rind,https://ishalife.sadhguru.org/media/catalog/product/j/p/jpeg-optimizer_ca01669_2_.jpg?optimize=medium&fit=bounds&height=&width=,Yoga Store; Yoga Clothing; Womens; Yoga Kurtas,Yoga Store > Yoga Clothing > Womens > Yoga Kurtas,Assigned on source,Apparel & Carry,Women kurtas & tops,Yoga Clothing,In stock at capture,2026-09-25,Ease Collection - Green Kurta — Handloom Cotton,Ease Collection - Green Kurta — Handloom Cotton is an easy-wear option for movement and everyday use.,"Ease Collection - Green Kurta — Handloom Cotton brings the color, cut or design named in the product title to a versatile clothing piece. Wear it for practice, travel or relaxed days according to your preference. Refer to the original size guide and care details before selecting a variant.",Original Isha Life branded item — reference only; retain source identity
Isha Life India,40774,CA01670,"Ease Collection - Green Pant - 100% Cotton Handloom, Naturally Dyed with Pomegranate Rind",https://ishalife.sadhguru.org/in/ease-collection-green-pant-100-cotton-handloom-naturally-dyed-with-pomegranate-rind,https://ishalife.sadhguru.org/media/catalog/product/j/p/jpeg-optimizer_ca01670_3_.jpg?optimize=medium&fit=bounds&height=&width=,Yoga Store; Yoga Clothing; Womens,Yoga Store > Yoga Clothing > Womens,Assigned on source,Apparel & Carry,Pants & joggers,Yoga Clothing,In stock at capture,2026-09-25,Ease Collection - Green Pant — Handloom Cotton,Ease Collection - Green Pant — Handloom Cotton is an easy-wear option for movement and everyday use.,"Ease Collection - Green Pant — Handloom Cotton brings the color, cut or design named in the product title to a versatile clothing piece. Wear it for practice, travel or relaxed days according to your preference. Refer to the original size guide and care details before selecting a variant.",Original Isha Life branded item — reference only; retain source identity
Isha Life India,40768,CA01668,"Ease Collection - Pomegranate Yellow Pant - 100% Cotton Handloom, Naturally Dyed with Pomegranate Rind",https://ishalife.sadhguru.org/in/pomegranate-yellow-pant-100-cotton-handloom-naturally-dyed-with-pomegranate-rind,https://ishalife.sadhguru.org/media/catalog/product/j/p/jpeg-optimizer_ca01678_2__2.jpg?optimize=medium&fit=bounds&height=&width=,Yoga Store; Yoga Clothing; Womens,Yoga Store > Yoga Clothing > Womens,Assigned on source,Apparel & Carry,Pants & joggers,Yoga Clothing,In stock at capture,2026-09-25,Ease Collection - Pomegranate Yellow Pant — Handloom Cotton,Ease Collection - Pomegranate Yellow Pant — Handloom Cotton is an easy-wear option for movement and everyday use.,"Ease Collection - Pomegranate Yellow Pant — Handloom Cotton brings the color, cut or design named in the product title to a versatile clothing piece. Wear it for practice, travel or relaxed days according to your preference. Refer to the original size guide and care details before selecting a variant.",Original Isha Life branded item — reference only; retain source identity
Isha Life India,40762,CA01667,"Pomegranate Yellow - 100% Cotton Handloom, Naturally Dyed with Pomegranate Rind",https://ishalife.sadhguru.org/in/pomegranate-yellow-100-cotton-handloom-naturally-dyed-with-pomegranate-rind,https://ishalife.sadhguru.org/media/catalog/product/j/p/jpeg-optimizer_ca01667_2_.jpg?optimize=medium&fit=bounds&height=&width=,Yoga Store; Yoga Clothing; Womens; Yoga Kurtas,Yoga Store > Yoga Clothing > Womens > Yoga Kurtas,Assigned on source,Apparel & Carry,Women kurtas & tops,Yoga Clothing,In stock at capture,2026-09-25,SHIKHA Pomegranate Yellow — Handloom Cotton,Pomegranate Yellow — Handloom Cotton is an easy-wear option for movement and everyday use.,"Pomegranate Yellow — Handloom Cotton brings the color, cut or design named in the product title to a versatile clothing piece. Wear it for practice, travel or relaxed days according to your preference. Refer to the original size guide and care details before selecting a variant.",Proposed SHIKHA concept based on product type; source item is Isha Life
Isha Life India,40567,CA00858 Men,IE Men T Shirt with Triangle Pattern,https://ishalife.sadhguru.org/in/ie-t-shirt-with-triangle-pattern,https://ishalife.sadhguru.org/media/catalog/product/j/p/jpeg-optimizer_ca00858_1_.jpg?optimize=medium&fit=bounds&height=&width=,Yoga Store; Yoga Clothing; Mens; Womens; T-Shirt,Yoga Store > Yoga Clothing > Mens > T-Shirt | Yoga Store > Yoga Clothing > Womens > T-Shirt,Assigned on source,Apparel & Carry,Men kurtas & tops,Yoga Clothing,In stock at capture,2026-09-25,SHIKHA IE Men T Shirt with Triangle Pattern,IE Men T Shirt with Triangle Pattern is an easy-wear option for movement and everyday use.,"IE Men T Shirt with Triangle Pattern brings the color, cut or design named in the product title to a versatile clothing piece. Wear it for practice, travel or relaxed days according to your preference. Refer to the original size guide and care details before selecting a variant.",Proposed SHIKHA concept based on product type; source item is Isha Life
Isha Life India,38311,BN00127,Women’s Everyday Ethnic Comfort Combo 4,https://ishalife.sadhguru.org/in/women-s-everyday-ethnic-comfort-combo-4,https://ishalife.sadhguru.org/media/catalog/product/b/n/bn00127.jpg?optimize=medium&fit=bounds&height=&width=,Yoga Store; Yoga Clothing; Womens; Yoga Kurtas,Yoga Store > Yoga Clothing > Womens > Yoga Kurtas,Assigned on source,Apparel & Carry,Clothing sets,Yoga Clothing,Out of stock at capture,2026-09-25,SHIKHA Women’s Everyday Ethnic Comfort Combo 4,Women’s Everyday Ethnic Comfort Combo 4 is an easy-wear option for movement and everyday use.,"Women’s Everyday Ethnic Comfort Combo 4 brings the color, cut or design named in the product title to a versatile clothing piece. Wear it for practice, travel or relaxed days according to your preference. Refer to the original size guide and care details before selecting a variant.",Proposed SHIKHA concept based on product type; source item is Isha Life
Isha Life India,38308,BN00126,Women’s Everyday Ethnic Comfort Combo 3,https://ishalife.sadhguru.org/in/women-s-everyday-ethnic-comfort-combo-3,https://ishalife.sadhguru.org/media/catalog/product/b/n/bn00126.jpg?optimize=medium&fit=bounds&height=&width=,Yoga Store; Yoga Clothing; Womens; Yoga Kurtas; Dhoti Pants,Yoga Store > Yoga Clothing > Womens > Yoga Kurtas | Yoga Store > Yoga Clothing > Womens > Dhoti Pants,Assigned on source,Apparel & Carry,Clothing sets,Yoga Clothing,Out of stock at capture,2026-09-25,SHIKHA Women’s Everyday Ethnic Comfort Combo 3,Women’s Everyday Ethnic Comfort Combo 3 is an easy-wear option for movement and everyday use.,"Women’s Everyday Ethnic Comfort Combo 3 brings the color, cut or design named in the product title to a versatile clothing piece. Wear it for practice, travel or relaxed days according to your preference. Refer to the original size guide and care details before selecting a variant.",Proposed SHIKHA concept based on product type; source item is Isha Life
Isha Life India,38305,BN00125,Women’s Everyday Ethnic Comfort Combo 2,https://ishalife.sadhguru.org/in/women-s-everyday-ethnic-comfort-combo-2,https://ishalife.sadhguru.org/media/catalog/product/b/n/bn00125.jpg?optimize=medium&fit=bounds&height=&width=,Yoga Store; Yoga Clothing; Womens; Yoga Kurtas,Yoga Store > Yoga Clothing > Womens > Yoga Kurtas,Assigned on source,Apparel & Carry,Clothing sets,Yoga Clothing,Out of stock at capture,2026-09-25,SHIKHA Women’s Everyday Ethnic Comfort Combo 2,Women’s Everyday Ethnic Comfort Combo 2 is an easy-wear option for movement and everyday use.,"Women’s Everyday Ethnic Comfort Combo 2 brings the color, cut or design named in the product title to a versatile clothing piece. Wear it for practice, travel or relaxed days according to your preference. Refer to the original size guide and care details before selecting a variant.",Proposed SHIKHA concept based on product type; source item is Isha Life
Isha Life India,38302,BN00124,Women’s Everyday Ethnic Comfort Combo 1,https://ishalife.sadhguru.org/in/women-s-everyday-ethnic-comfort-combo-1,https://ishalife.sadhguru.org/media/catalog/product/b/n/bn00124_1.jpg?optimize=medium&fit=bounds&height=&width=,Yoga Store; Yoga Clothing; Womens; Yoga Kurtas,Yoga Store > Yoga Clothing > Womens > Yoga Kurtas,Assigned on source,Apparel & Carry,Clothing sets,Yoga Clothing,Out of stock at capture,2026-09-25,SHIKHA Women’s Everyday Ethnic Comfort Combo 1,Women’s Everyday Ethnic Comfort Combo 1 is an easy-wear option for movement and everyday use.,"Women’s Everyday Ethnic Comfort Combo 1 brings the color, cut or design named in the product title to a versatile clothing piece. Wear it for practice, travel or relaxed days according to your preference. Refer to the original size guide and care details before selecting a variant.",Proposed SHIKHA concept based on product type; source item is Isha Life
Isha Life India,37536,CA01950 Women,Miracle of Mind T-shirt Women,https://ishalife.sadhguru.org/in/miracle-of-mind-t-shirt-women,https://ishalife.sadhguru.org/media/catalog/product/c/a/ca0195000200_03.jpg?optimize=medium&fit=bounds&height=&width=,Yoga Store; Yoga Clothing; Womens; T-Shirt,Yoga Store > Yoga Clothing > Womens > T-Shirt,Assigned on source,Apparel & Carry,Women T-shirts,Yoga Clothing,In stock at capture,2026-09-25,Miracle of Mind T-shirt Women,Miracle of Mind T-shirt Women is an easy-wear option for movement and everyday use.,"Miracle of Mind T-shirt Women brings the color, cut or design named in the product title to a versatile clothing piece. Wear it for practice, travel or relaxed days according to your preference. Refer to the original size guide and care details before selecting a variant.",Original Isha Life branded item — reference only; retain source identity
Isha Life India,37530,CA01931 Women,Inner Engineering - Technologies for wellbeing T Shirt Women,https://ishalife.sadhguru.org/in/inner-engineering-technologies-for-wellbeing-t-shirt-women,https://ishalife.sadhguru.org/media/catalog/product/c/a/ca0193100200_03.jpg?optimize=medium&fit=bounds&height=&width=,Yoga Store; Yoga Clothing; Womens; T-Shirt,Yoga Store > Yoga Clothing > Womens > T-Shirt,Assigned on source,Apparel & Carry,Women kurtas & tops,Yoga Clothing,In stock at capture,2026-09-25,Inner Engineering - Technologies for wellbeing T Shirt Women,Inner Engineering - Technologies for wellbeing T Shirt Women is an easy-wear option for movement and everyday use.,"Inner Engineering - Technologies for wellbeing T Shirt Women brings the color, cut or design named in the product title to a versatile clothing piece. Wear it for practice, travel or relaxed days according to your preference. Refer to the original size guide and care details before selecting a variant.",Original Isha Life branded item — reference only; retain source identity
Isha Life India,37524,CA01929 Women,Inner Engineering - Meditation T Shirt Women,https://ishalife.sadhguru.org/in/inner-engineering-meditation-t-shirt-women,https://ishalife.sadhguru.org/media/catalog/product/c/a/ca0192900200_03.jpg?optimize=medium&fit=bounds&height=&width=,Yoga Store; Yoga Clothing; Womens; T-Shirt,Yoga Store > Yoga Clothing > Womens > T-Shirt,Assigned on source,Apparel & Carry,Women kurtas & tops,Yoga Clothing,In stock at capture,2026-09-25,Inner Engineering - Meditation T Shirt Women,Inner Engineering - Meditation T Shirt Women is an easy-wear option for movement and everyday use.,"Inner Engineering - Meditation T Shirt Women brings the color, cut or design named in the product title to a versatile clothing piece. Wear it for practice, travel or relaxed days according to your preference. Refer to the original size guide and care details before selecting a variant.",Original Isha Life branded item — reference only; retain source identity
Isha Life India,37512,CA01309 Women,Adiyogi Hoodie Women - Navy Blue,https://ishalife.sadhguru.org/in/adiyogi-hoodie-women-navy-blue,https://ishalife.sadhguru.org/media/catalog/product/c/a/ca0130900200_03.jpg?optimize=medium&fit=bounds&height=&width=,Yoga Store; Yoga Clothing; Womens,Yoga Store > Yoga Clothing > Womens,Assigned on source,Apparel & Carry,Hoodies & jackets,Yoga Clothing,In stock at capture,2026-09-25,Adiyogi Hoodie Women - Navy Blue,Adiyogi Hoodie Women - Navy Blue is an easy-wear option for movement and everyday use.,"Adiyogi Hoodie Women - Navy Blue brings the color, cut or design named in the product title to a versatile clothing piece. Wear it for practice, travel or relaxed days according to your preference. Refer to the original size guide and care details before selecting a variant.",Original Isha Life branded item — reference only; retain source identity
Isha Life India,37506,CA01176,100 % Cotton Women Knitted Hoodie with Zipper White,https://ishalife.sadhguru.org/in/100-cotton-women-knitted-hoodie-with-zipper-white,https://ishalife.sadhguru.org/media/catalog/product/c/a/ca0117600200_03.jpg?optimize=medium&fit=bounds&height=&width=,Yoga Store; Yoga Clothing; Womens,Yoga Store > Yoga Clothing > Womens,Assigned on source,Apparel & Carry,Hoodies & jackets,Yoga Clothing,In stock at capture,2026-09-25,SHIKHA 100 % Cotton Women Knitted Hoodie with Zipper White,100 % Cotton Women Knitted Hoodie with Zipper White is an easy-wear option for movement and everyday use.,"100 % Cotton Women Knitted Hoodie with Zipper White brings the color, cut or design named in the product title to a versatile clothing piece. Wear it for practice, travel or relaxed days according to your preference. Refer to the original size guide and care details before selecting a variant.",Proposed SHIKHA concept based on product type; source item is Isha Life
Isha Life India,37476,CA00833 Women,Women Adiyogi T-Shirt - Black,https://ishalife.sadhguru.org/in/women-adiyogi-t-shirt-black,https://ishalife.sadhguru.org/media/catalog/product/0/4/0401177_s_02.jpg?optimize=medium&fit=bounds&height=&width=,Yoga Store; Yoga Clothing; Womens; T-Shirt,Yoga Store > Yoga Clothing > Womens > T-Shirt,Assigned on source,Apparel & Carry,Women T-shirts,Yoga Clothing,In stock at capture,2026-09-25,Women Adiyogi T-Shirt - Black,Women Adiyogi T-Shirt - Black is an easy-wear option for movement and everyday use.,"Women Adiyogi T-Shirt - Black brings the color, cut or design named in the product title to a versatile clothing piece. Wear it for practice, travel or relaxed days according to your preference. Refer to the original size guide and care details before selecting a variant.",Original Isha Life branded item — reference only; retain source identity
Isha Life India,37152,CA00832 Women,Women Adiyogi T-Shirt - Blue,https://ishalife.sadhguru.org/in/women-adiyogi-t-shirt-blue,https://ishalife.sadhguru.org/media/catalog/product/0/4/0401176_s_02.jpg?optimize=medium&fit=bounds&height=&width=,Yoga Store; Yoga Clothing; Womens; T-Shirt,Yoga Store > Yoga Clothing > Womens > T-Shirt,Assigned on source,Apparel & Carry,Women T-shirts,Yoga Clothing,In stock at capture,2026-09-25,Women Adiyogi T-Shirt - Blue,Women Adiyogi T-Shirt - Blue is an easy-wear option for movement and everyday use.,"Women Adiyogi T-Shirt - Blue brings the color, cut or design named in the product title to a versatile clothing piece. Wear it for practice, travel or relaxed days according to your preference. Refer to the original size guide and care details before selecting a variant.",Original Isha Life branded item — reference only; retain source identity
Isha Life India,37140,CA00770 Women,Women Cotton Sadhana Track Pant - White,https://ishalife.sadhguru.org/in/women-organic-cotton-sadhana-track-pant-white,https://ishalife.sadhguru.org/media/catalog/product/0/4/0401164_s_02.jpg?optimize=medium&fit=bounds&height=&width=,Yoga Store; Yoga Clothing; Womens; Sadhana Essentials; Sadhana Clothing,Yoga Store > Yoga Clothing > Womens | Yoga Store > Sadhana Essentials > Sadhana Clothing,Assigned on source,Apparel & Carry,Pants & joggers,Yoga Clothing,In stock at capture,2026-09-25,SHIKHA Women Cotton Sadhana Track Pant - White,Women Cotton Sadhana Track Pant - White is an easy-wear option for movement and everyday use.,"Women Cotton Sadhana Track Pant - White brings the color, cut or design named in the product title to a versatile clothing piece. Wear it for practice, travel or relaxed days according to your preference. Refer to the original size guide and care details before selecting a variant.",Proposed SHIKHA concept based on product type; source item is Isha Life
Isha Life India,36761,CA00636 Women,Women Cotton Sadhana T-Shirt - White,https://ishalife.sadhguru.org/in/women-organic-cotton-sadhana-t-shirt-white,https://ishalife.sadhguru.org/media/catalog/product/0/4/0401163_s_03.jpg?optimize=medium&fit=bounds&height=&width=,Yoga Store; Yoga Clothing; Womens; T-Shirt,Yoga Store > Yoga Clothing > Womens > T-Shirt,Assigned on source,Apparel & Carry,Women T-shirts,Yoga Clothing,In stock at capture,2026-09-25,SHIKHA Women Cotton Sadhana T-Shirt - White,Women Cotton Sadhana T-Shirt - White is an easy-wear option for movement and everyday use.,"Women Cotton Sadhana T-Shirt - White brings the color, cut or design named in the product title to a versatile clothing piece. Wear it for practice, travel or relaxed days according to your preference. Refer to the original size guide and care details before selecting a variant.",Proposed SHIKHA concept based on product type; source item is Isha Life
Isha Life India,36755,CA00635 Women,Women Cotton Half-sleeve Sadhana T-Shirt - White,https://ishalife.sadhguru.org/in/women-organic-cotton-half-sleeve-sadhana-t-shirt-white,https://ishalife.sadhguru.org/media/catalog/product/0/4/0401162_s_03.jpg?optimize=medium&fit=bounds&height=&width=,Yoga Store; Yoga Clothing; Womens; T-Shirt,Yoga Store > Yoga Clothing > Womens > T-Shirt,Assigned on source,Apparel & Carry,Women T-shirts,Yoga Clothing,In stock at capture,2026-09-25,SHIKHA Women Cotton Half-sleeve Sadhana T-Shirt - White,Women Cotton Half-sleeve Sadhana T-Shirt - White is an easy-wear option for movement and everyday use.,"Women Cotton Half-sleeve Sadhana T-Shirt - White brings the color, cut or design named in the product title to a versatile clothing piece. Wear it for practice, travel or relaxed days according to your preference. Refer to the original size guide and care details before selecting a variant.",Proposed SHIKHA concept based on product type; source item is Isha Life
Isha Life India,36703,CA00633 Women,Women Cotton Sadhana Full-Sleeve T-Shirt - Orange,https://ishalife.sadhguru.org/in/women-organic-cotton-sadhana-full-sleeve-t-shirt-orange,https://ishalife.sadhguru.org/media/catalog/product/0/4/0401160_s_03.jpg?optimize=medium&fit=bounds&height=&width=,Yoga Store; Yoga Clothing; Womens,Yoga Store > Yoga Clothing > Womens,Assigned on source,Apparel & Carry,Women T-shirts,Yoga Clothing,In stock at capture,2026-09-25,SHIKHA Women Cotton Sadhana Full-Sleeve T-Shirt - Orange,Women Cotton Sadhana Full-Sleeve T-Shirt - Orange is an easy-wear option for movement and everyday use.,"Women Cotton Sadhana Full-Sleeve T-Shirt - Orange brings the color, cut or design named in the product title to a versatile clothing piece. Wear it for practice, travel or relaxed days according to your preference. Refer to the original size guide and care details before selecting a variant.",Proposed SHIKHA concept based on product type; source item is Isha Life
Isha Life India,36643,CA00817 Women,Women Cotton Ultimate Outlaw Printed T-shirt - Peach,https://ishalife.sadhguru.org/in/women-cotton-ultimate-outlaw-printed-t-shirt-peach,https://ishalife.sadhguru.org/media/catalog/product/0/4/0401149_s_03.jpg?optimize=medium&fit=bounds&height=&width=,Yoga Store; Yoga Clothing; Womens; T-Shirt,Yoga Store > Yoga Clothing > Womens > T-Shirt,Assigned on source,Apparel & Carry,Women T-shirts,Yoga Clothing,In stock at capture,2026-09-25,SHIKHA Women Cotton Ultimate Outlaw Printed T-shirt - Peach,Women Cotton Ultimate Outlaw Printed T-shirt - Peach is an easy-wear option for movement and everyday use.,"Women Cotton Ultimate Outlaw Printed T-shirt - Peach brings the color, cut or design named in the product title to a versatile clothing piece. Wear it for practice, travel or relaxed days according to your preference. Refer to the original size guide and care details before selecting a variant.",Proposed SHIKHA concept based on product type; source item is Isha Life
Isha Life India,36625,CA00811,Harvest the Ultimate' Cotton women T-shirt - Green,https://ishalife.sadhguru.org/in/harvest-the-ultimate-cotton-women-t-shirt-green,https://ishalife.sadhguru.org/media/catalog/product/0/4/0401143_s_02.jpg?optimize=medium&fit=bounds&height=&width=,Yoga Store; Yoga Clothing; Womens; T-Shirt,Yoga Store > Yoga Clothing > Womens > T-Shirt,Assigned on source,Apparel & Carry,Women T-shirts,Yoga Clothing,In stock at capture,2026-09-25,SHIKHA Harvest the Ultimate' Cotton women T-shirt - Green,Harvest the Ultimate' Cotton women T-shirt - Green is an easy-wear option for movement and everyday use.,"Harvest the Ultimate' Cotton women T-shirt - Green brings the color, cut or design named in the product title to a versatile clothing piece. Wear it for practice, travel or relaxed days according to your preference. Refer to the original size guide and care details before selecting a variant.",Proposed SHIKHA concept based on product type; source item is Isha Life
Isha Life India,36619,CA00810 Women,Women Cotton Aum T-shirt - Brick,https://ishalife.sadhguru.org/in/women-organic-cotton-aum-t-shirt-brick,https://ishalife.sadhguru.org/media/catalog/product/0/4/0401142_s_01.jpg?optimize=medium&fit=bounds&height=&width=,Yoga Store; Yoga Clothing; Womens; T-Shirt,Yoga Store > Yoga Clothing > Womens > T-Shirt,Assigned on source,Apparel & Carry,Women T-shirts,Yoga Clothing,In stock at capture,2026-09-25,Women Cotton Aum T-shirt - Brick,Women Cotton Aum T-shirt - Brick is an easy-wear option for movement and everyday use.,"Women Cotton Aum T-shirt - Brick brings the color, cut or design named in the product title to a versatile clothing piece. Wear it for practice, travel or relaxed days according to your preference. Refer to the original size guide and care details before selecting a variant.",Original Isha Life branded item — reference only; retain source identity
Isha Life India,26317,CA01651,Natural Indigo Handblock Printed Flared Cotton Top,https://ishalife.sadhguru.org/in/handblock-printed-cut-and-sew-top-with-3q-sleeve-indigo-rust,https://ishalife.sadhguru.org/media/catalog/product/c/a/ca0165100200_04_1.jpg?optimize=medium&fit=bounds&height=&width=,Yoga Store; Yoga Clothing; Womens; Yoga Kurtas,Yoga Store > Yoga Clothing > Womens > Yoga Kurtas,Assigned on source,Apparel & Carry,Women kurtas & tops,Yoga Clothing,In stock at capture,2026-09-25,SHIKHA Natural Indigo Handblock Printed Flared Cotton Top,Natural Indigo Handblock Printed Flared Cotton Top is an easy-wear option for movement and everyday use.,"Natural Indigo Handblock Printed Flared Cotton Top brings the color, cut or design named in the product title to a versatile clothing piece. Wear it for practice, travel or relaxed days according to your preference. Refer to the original size guide and care details before selecting a variant.",Proposed SHIKHA concept based on product type; source item is Isha Life
Isha Life India,35287,CA01934 Women,Solid Maroon Yarn Dyed Women Dhoti Pants with Pockets,https://ishalife.sadhguru.org/in/solid-maroon-yarn-dyed-women-dhoti-pants-with-pockets,https://ishalife.sadhguru.org/media/catalog/product/c/a/ca01934_women_3__1.jpg?optimize=medium&fit=bounds&height=&width=,Yoga Store; Yoga Clothing; Womens; Dhoti Pants,Yoga Store > Yoga Clothing > Womens > Dhoti Pants,Assigned on source,Apparel & Carry,Dhoti pants,Yoga Clothing,In stock at capture,2026-09-25,SHIKHA Solid Maroon Yarn Dyed Women Dhoti Pants with Pockets,Solid Maroon Yarn Dyed Women Dhoti Pants with Pockets is an easy-wear option for movement and everyday use.,"Solid Maroon Yarn Dyed Women Dhoti Pants with Pockets brings the color, cut or design named in the product title to a versatile clothing piece. Wear it for practice, travel or relaxed days according to your preference. Refer to the original size guide and care details before selecting a variant.",Proposed SHIKHA concept based on product type; source item is Isha Life
Isha Life India,31463,CA01707,Sand Yellow Herringbone Cotton Dobby Top,https://ishalife.sadhguru.org/in/herringbone-dobby-cotton-top-with-collar-mauve,https://ishalife.sadhguru.org/media/catalog/product/c/a/ca01707_5_.jpg?optimize=medium&fit=bounds&height=&width=,Yoga Store; Yoga Clothing; Womens,Yoga Store > Yoga Clothing > Womens,Assigned on source,Apparel & Carry,Women kurtas & tops,Yoga Clothing,In stock at capture,2026-09-25,SHIKHA Sand Yellow Herringbone Cotton Dobby Top,Sand Yellow Herringbone Cotton Dobby Top is an easy-wear option for movement and everyday use.,"Sand Yellow Herringbone Cotton Dobby Top brings the color, cut or design named in the product title to a versatile clothing piece. Wear it for practice, travel or relaxed days according to your preference. Refer to the original size guide and care details before selecting a variant.",Proposed SHIKHA concept based on product type; source item is Isha Life
Isha Life India,44560,CA01934 Men,Solid Maroon Yarn Dyed Men Dhoti Pants with Pockets,https://ishalife.sadhguru.org/in/solid-maroon-yarn-dyed-men-dhoti-pants-with-pockets,https://ishalife.sadhguru.org/media/catalog/product/c/a/ca0193400400_001.jpg?optimize=medium&fit=bounds&height=&width=,Yoga Store; Yoga Clothing; Mens; Dhoti Pants,Yoga Store > Yoga Clothing > Mens > Dhoti Pants,Assigned on source,Apparel & Carry,Dhoti pants,Yoga Clothing,In stock at capture,2026-09-25,SHIKHA Solid Maroon Yarn Dyed Men Dhoti Pants with Pockets,Solid Maroon Yarn Dyed Men Dhoti Pants with Pockets is an easy-wear option for movement and everyday use.,"Solid Maroon Yarn Dyed Men Dhoti Pants with Pockets brings the color, cut or design named in the product title to a versatile clothing piece. Wear it for practice, travel or relaxed days according to your preference. Refer to the original size guide and care details before selecting a variant.",Proposed SHIKHA concept based on product type; source item is Isha Life
Isha Life India,43408,CA01196 Men,Inner Engineering Men T Shirt - Pique Polo Full Sleeve,https://ishalife.sadhguru.org/in/inner-engineering-t-shirt-pique-polo-full-sleeve,https://ishalife.sadhguru.org/media/catalog/product/j/p/jpeg-optimizer_ca01196_1_.jpg?optimize=medium&fit=bounds&height=&width=,Yoga Store; Yoga Clothing; Mens; T-Shirt,Yoga Store > Yoga Clothing > Mens > T-Shirt,Assigned on source,Apparel & Carry,Men kurtas & tops,Yoga Clothing,In stock at capture,2026-09-25,Inner Engineering Men T Shirt - Pique Polo Full Sleeve,Inner Engineering Men T Shirt - Pique Polo Full Sleeve is an easy-wear option for movement and everyday use.,"Inner Engineering Men T Shirt - Pique Polo Full Sleeve brings the color, cut or design named in the product title to a versatile clothing piece. Wear it for practice, travel or relaxed days according to your preference. Refer to the original size guide and care details before selecting a variant.",Original Isha Life branded item — reference only; retain source identity
Isha Life India,35017,CA01661,Soft Yellow Handblock Khari Print Wrap Dress,https://ishalife.sadhguru.org/in/light-yellow-handblock-khari-print-wrap-dress,https://ishalife.sadhguru.org/media/catalog/product/c/a/ca0166100200_01.jpg?optimize=medium&fit=bounds&height=&width=,Yoga Store; Yoga Clothing; Womens; Yoga Kurtas,Yoga Store > Yoga Clothing > Womens > Yoga Kurtas,Assigned on source,Apparel & Carry,Women kurtas & tops,Yoga Clothing,In stock at capture,2026-09-25,SHIKHA Soft Yellow Handblock Khari Print Wrap Dress,Soft Yellow Handblock Khari Print Wrap Dress is an easy-wear option for movement and everyday use.,"Soft Yellow Handblock Khari Print Wrap Dress brings the color, cut or design named in the product title to a versatile clothing piece. Wear it for practice, travel or relaxed days according to your preference. Refer to the original size guide and care details before selecting a variant.",Proposed SHIKHA concept based on product type; source item is Isha Life
Isha Life India,42492,CA02419,100% Cotton Men’s Cotton Silk Dhoti Pant – Black,https://ishalife.sadhguru.org/in/100-cotton-men-s-cotton-silk-dhoti-pant-black,https://ishalife.sadhguru.org/media/catalog/product/c/a/ca0241900400_03.jpg?optimize=medium&fit=bounds&height=&width=,Yoga Store; Yoga Clothing; Mens; Dhoti Pants,Yoga Store > Yoga Clothing > Mens > Dhoti Pants,Assigned on source,Apparel & Carry,Dhoti pants,Yoga Clothing,In stock at capture,2026-09-25,SHIKHA 100% Cotton Men’s Cotton Silk Dhoti Pant – Black,100% Cotton Men’s Cotton Silk Dhoti Pant – Black is an easy-wear option for movement and everyday use.,"100% Cotton Men’s Cotton Silk Dhoti Pant – Black brings the color, cut or design named in the product title to a versatile clothing piece. Wear it for practice, travel or relaxed days according to your preference. Refer to the original size guide and care details before selecting a variant.",Proposed SHIKHA concept based on product type; source item is Isha Life
Isha Life India,42468,CA02435,100% Cotton Bagru Printed Men’s Long Sleeve Mid-Length Kurta - Indigo,https://ishalife.sadhguru.org/in/100-cotton-bagru-printed-men-s-long-sleeve-mid-length-kurta-indigo,https://ishalife.sadhguru.org/media/catalog/product/c/a/ca0243500400_02.jpg?optimize=medium&fit=bounds&height=&width=,Yoga Store; Yoga Clothing; Mens,Yoga Store > Yoga Clothing > Mens,Assigned on source,Apparel & Carry,Men kurtas & tops,Yoga Clothing,In stock at capture,2026-09-25,SHIKHA 100% Cotton Bagru Printed Men’s Long Sleeve Mid-Length Kurta - Indigo,100% Cotton Bagru Printed Men’s Long Sleeve Mid-Length Kurta - Indigo is an easy-wear option for movement and everyday use.,"100% Cotton Bagru Printed Men’s Long Sleeve Mid-Length Kurta - Indigo brings the color, cut or design named in the product title to a versatile clothing piece. Wear it for practice, travel or relaxed days according to your preference. Refer to the original size guide and care details before selecting a variant.",Proposed SHIKHA concept based on product type; source item is Isha Life
Isha Life India,26320,CA01652,Fresh Green & Earthy Ochre Handblock Dual Print Cotton Top,https://ishalife.sadhguru.org/in/handblock-printed-cut-and-sew-top-with-v-neck-opening-forest,https://ishalife.sadhguru.org/media/catalog/product/c/a/ca0165200200_05.jpg?optimize=medium&fit=bounds&height=&width=,Yoga Store; Yoga Clothing; Womens; Yoga Kurtas,Yoga Store > Yoga Clothing > Womens > Yoga Kurtas,Assigned on source,Apparel & Carry,Women kurtas & tops,Yoga Clothing,In stock at capture,2026-09-25,SHIKHA Fresh Green & Earthy Ochre Handblock Dual Print Cotton Top,Fresh Green & Earthy Ochre Handblock Dual Print Cotton Top is an easy-wear option for movement and everyday use.,"Fresh Green & Earthy Ochre Handblock Dual Print Cotton Top brings the color, cut or design named in the product title to a versatile clothing piece. Wear it for practice, travel or relaxed days according to your preference. Refer to the original size guide and care details before selecting a variant.",Proposed SHIKHA concept based on product type; source item is Isha Life
Isha Life India,42456,CA02433,100% Cotton Dabu Printed Men’s Long Sleeve Long Kurta - Ecru,https://ishalife.sadhguru.org/in/100-cotton-dabu-printed-men-s-long-sleeve-long-kurta-ecru,https://ishalife.sadhguru.org/media/catalog/product/c/a/ca0243300400_01.jpg?optimize=medium&fit=bounds&height=&width=,Yoga Store; Yoga Clothing; Mens; Yoga Kurtas,Yoga Store > Yoga Clothing > Mens > Yoga Kurtas,Assigned on source,Apparel & Carry,Men kurtas & tops,Yoga Clothing,In stock at capture,2026-09-25,SHIKHA 100% Cotton Dabu Printed Men’s Long Sleeve Long Kurta - Ecru,100% Cotton Dabu Printed Men’s Long Sleeve Long Kurta - Ecru is an easy-wear option for movement and everyday use.,"100% Cotton Dabu Printed Men’s Long Sleeve Long Kurta - Ecru brings the color, cut or design named in the product title to a versatile clothing piece. Wear it for practice, travel or relaxed days according to your preference. Refer to the original size guide and care details before selecting a variant.",Proposed SHIKHA concept based on product type; source item is Isha Life
Isha Life India,26314,CA01650,Natural Red Handblock Printed Flared Cotton Top,https://ishalife.sadhguru.org/in/handblock-printed-cut-and-sew-top-with-3q-sleeve-colors-of-earth,https://ishalife.sadhguru.org/media/catalog/product/c/a/ca0165000200_04.jpg?optimize=medium&fit=bounds&height=&width=,Yoga Store; Yoga Clothing; Womens; Yoga Kurtas,Yoga Store > Yoga Clothing > Womens > Yoga Kurtas,Assigned on source,Apparel & Carry,Women kurtas & tops,Yoga Clothing,In stock at capture,2026-09-25,SHIKHA Natural Red Handblock Printed Flared Cotton Top,Natural Red Handblock Printed Flared Cotton Top is an easy-wear option for movement and everyday use.,"Natural Red Handblock Printed Flared Cotton Top brings the color, cut or design named in the product title to a versatile clothing piece. Wear it for practice, travel or relaxed days according to your preference. Refer to the original size guide and care details before selecting a variant.",Proposed SHIKHA concept based on product type; source item is Isha Life
Isha Life India,42450,CA02432,Bagru Printed Men’s Long Sleeve Long Kurta - Red,https://ishalife.sadhguru.org/in/bagru-printed-men-s-long-sleeve-long-kurta-red,https://ishalife.sadhguru.org/media/catalog/product/c/a/ca0243200400_02.jpg?optimize=medium&fit=bounds&height=&width=,Yoga Store; Yoga Clothing; Mens; Yoga Kurtas,Yoga Store > Yoga Clothing > Mens > Yoga Kurtas,Assigned on source,Apparel & Carry,Men kurtas & tops,Yoga Clothing,In stock at capture,2026-09-25,SHIKHA Bagru Printed Men’s Long Sleeve Long Kurta - Red,Bagru Printed Men’s Long Sleeve Long Kurta - Red is an easy-wear option for movement and everyday use.,"Bagru Printed Men’s Long Sleeve Long Kurta - Red brings the color, cut or design named in the product title to a versatile clothing piece. Wear it for practice, travel or relaxed days according to your preference. Refer to the original size guide and care details before selecting a variant.",Proposed SHIKHA concept based on product type; source item is Isha Life
Isha Life India,34984,CA01448,Moss Green Embroidered Cotton-Silk Kurta,https://ishalife.sadhguru.org/in/embroidered-festive-cotton-silk-kurta-moss-green,https://ishalife.sadhguru.org/media/catalog/product/c/a/ca0144800200_05_1.jpg?optimize=medium&fit=bounds&height=&width=,Yoga Store; Yoga Clothing; Womens; Yoga Kurtas,Yoga Store > Yoga Clothing > Womens > Yoga Kurtas,Assigned on source,Apparel & Carry,Women kurtas & tops,Yoga Clothing,In stock at capture,2026-09-25,SHIKHA Moss Green Embroidered Cotton-Silk Kurta,Moss Green Embroidered Cotton-Silk Kurta is an easy-wear option for movement and everyday use.,"Moss Green Embroidered Cotton-Silk Kurta brings the color, cut or design named in the product title to a versatile clothing piece. Wear it for practice, travel or relaxed days according to your preference. Refer to the original size guide and care details before selecting a variant.",Proposed SHIKHA concept based on product type; source item is Isha Life
Isha Life India,42444,CA02431,100% Cotton Bagru Printed Men’s Long Sleeve Long Kurta - Deep Brown & Blue,https://ishalife.sadhguru.org/in/100-cotton-bagru-printed-men-s-long-sleeve-long-kurta-deep-brown-blue,https://ishalife.sadhguru.org/media/catalog/product/c/a/ca0243100400_01_1.jpg?optimize=medium&fit=bounds&height=&width=,Yoga Store; Yoga Clothing; Mens; Yoga Kurtas,Yoga Store > Yoga Clothing > Mens > Yoga Kurtas,Assigned on source,Apparel & Carry,Men kurtas & tops,Yoga Clothing,In stock at capture,2026-09-25,SHIKHA 100% Cotton Bagru Printed Men’s Long Sleeve Long Kurta - Deep Brown & Blue,100% Cotton Bagru Printed Men’s Long Sleeve Long Kurta - Deep Brown & Blue is an easy-wear option for movement and everyday use.,"100% Cotton Bagru Printed Men’s Long Sleeve Long Kurta - Deep Brown & Blue brings the color, cut or design named in the product title to a versatile clothing piece. Wear it for practice, travel or relaxed days according to your preference. Refer to the original size guide and care details before selecting a variant.",Proposed SHIKHA concept based on product type; source item is Isha Life
Isha Life India,34972,CA01445,Olive Green Cotton-Silk A-line Kurta with Round Neck,https://ishalife.sadhguru.org/in/festive-cotton-silk-a-line-kurta-round-neck,https://ishalife.sadhguru.org/media/catalog/product/c/a/ca0144500200_05_1.jpg?optimize=medium&fit=bounds&height=&width=,Yoga Store; Yoga Clothing; Womens; Yoga Kurtas,Yoga Store > Yoga Clothing > Womens > Yoga Kurtas,Assigned on source,Apparel & Carry,Women kurtas & tops,Yoga Clothing,In stock at capture,2026-09-25,SHIKHA Olive Green Cotton-Silk A-line Kurta with Round Neck,Olive Green Cotton-Silk A-line Kurta with Round Neck is an easy-wear option for movement and everyday use.,"Olive Green Cotton-Silk A-line Kurta with Round Neck brings the color, cut or design named in the product title to a versatile clothing piece. Wear it for practice, travel or relaxed days according to your preference. Refer to the original size guide and care details before selecting a variant.",Proposed SHIKHA concept based on product type; source item is Isha Life
Isha Life India,34960,CA01442,Blush Pink Cotton-Silk A-line Kurta,https://ishalife.sadhguru.org/in/festive-cotton-silk-a-line-kurta-blush-pink,https://ishalife.sadhguru.org/media/catalog/product/c/a/ca0144200200_07.jpg?optimize=medium&fit=bounds&height=&width=,Yoga Store; Yoga Clothing; Womens; Yoga Kurtas,Yoga Store > Yoga Clothing > Womens > Yoga Kurtas,Assigned on source,Apparel & Carry,Women kurtas & tops,Yoga Clothing,In stock at capture,2026-09-25,SHIKHA Blush Pink Cotton-Silk A-line Kurta,Blush Pink Cotton-Silk A-line Kurta is an easy-wear option for movement and everyday use.,"Blush Pink Cotton-Silk A-line Kurta brings the color, cut or design named in the product title to a versatile clothing piece. Wear it for practice, travel or relaxed days according to your preference. Refer to the original size guide and care details before selecting a variant.",Proposed SHIKHA concept based on product type; source item is Isha Life
Isha Life India,42429,CA02430,100% Cotton Dabu Printed Men’s Long Sleeve Long Kurta - Surf,https://ishalife.sadhguru.org/in/100-cotton-dabu-printed-men-s-long-sleeve-long-kurta-surf,https://ishalife.sadhguru.org/media/catalog/product/c/a/ca0243000400_03.jpg?optimize=medium&fit=bounds&height=&width=,Yoga Store; Yoga Clothing; Mens; Yoga Kurtas,Yoga Store > Yoga Clothing > Mens > Yoga Kurtas,Assigned on source,Apparel & Carry,Men kurtas & tops,Yoga Clothing,In stock at capture,2026-09-25,SHIKHA 100% Cotton Dabu Printed Men’s Long Sleeve Long Kurta - Surf,100% Cotton Dabu Printed Men’s Long Sleeve Long Kurta - Surf is an easy-wear option for movement and everyday use.,"100% Cotton Dabu Printed Men’s Long Sleeve Long Kurta - Surf brings the color, cut or design named in the product title to a versatile clothing piece. Wear it for practice, travel or relaxed days according to your preference. Refer to the original size guide and care details before selecting a variant.",Proposed SHIKHA concept based on product type; source item is Isha Life
Isha Life India,6140,CA00747 Women,Isha’s signature. Ready to wear Women Dhoti Pants(Off - White) / Panchakacham.Easy to pull on. Versatile. Comfortable for both casual and formal wear.,https://ishalife.sadhguru.org/in/unisex-undyed-organic-cotton-dhoti-pant-off-white,https://ishalife.sadhguru.org/media/catalog/product/0/2/0201108_s_04_1.jpg?optimize=medium&fit=bounds&height=&width=,Yoga Store; Yoga Clothing; Womens,Yoga Store > Yoga Clothing > Womens,Assigned on source,Apparel & Carry,Dhoti pants,Yoga Clothing,In stock at capture,2026-09-25,Women Dhoti Pants(Off - White) / Panchakacham,Women Dhoti Pants(Off - White) / Panchakacham is an easy-wear option for movement and everyday use.,"Women Dhoti Pants(Off - White) / Panchakacham brings the color, cut or design named in the product title to a versatile clothing piece. Wear it for practice, travel or relaxed days according to your preference. Refer to the original size guide and care details before selecting a variant.",Original Isha Life branded item — reference only; retain source identity
Isha Life India,34918,CA01941 Women,Dhoti Pant with Pockets - Deep Blue - (Women),https://ishalife.sadhguru.org/in/dhoti-pant-with-pockets-deep-blue-women,https://ishalife.sadhguru.org/media/catalog/product/c/a/ca0194100200_04_1.jpg?optimize=medium&fit=bounds&height=&width=,Yoga Store; Yoga Clothing; Womens; Dhoti Pants,Yoga Store > Yoga Clothing > Womens > Dhoti Pants,Assigned on source,Apparel & Carry,Dhoti pants,Yoga Clothing,In stock at capture,2026-09-25,SHIKHA Dhoti Pant with Pockets - Deep Blue - (Women),Dhoti Pant with Pockets - Deep Blue - (Women) is an easy-wear option for movement and everyday use.,"Dhoti Pant with Pockets - Deep Blue - (Women) brings the color, cut or design named in the product title to a versatile clothing piece. Wear it for practice, travel or relaxed days according to your preference. Refer to the original size guide and care details before selecting a variant.",Proposed SHIKHA concept based on product type; source item is Isha Life
Isha Life India,42423,CA02429,100% Cotton Bagru Printed Men’s Long Sleeve Long Kurta - Rust,https://ishalife.sadhguru.org/in/100-cotton-bagru-printed-men-s-long-sleeve-long-kurta-rust,https://ishalife.sadhguru.org/media/catalog/product/c/a/ca0242900400_01.jpg?optimize=medium&fit=bounds&height=&width=,Yoga Store; Yoga Clothing; Mens; Yoga Kurtas,Yoga Store > Yoga Clothing > Mens > Yoga Kurtas,Assigned on source,Apparel & Carry,Men kurtas & tops,Yoga Clothing,In stock at capture,2026-09-25,SHIKHA 100% Cotton Bagru Printed Men’s Long Sleeve Long Kurta - Rust,100% Cotton Bagru Printed Men’s Long Sleeve Long Kurta - Rust is an easy-wear option for movement and everyday use.,"100% Cotton Bagru Printed Men’s Long Sleeve Long Kurta - Rust brings the color, cut or design named in the product title to a versatile clothing piece. Wear it for practice, travel or relaxed days according to your preference. Refer to the original size guide and care details before selecting a variant.",Proposed SHIKHA concept based on product type; source item is Isha Life
Isha Life India,34912,CA01940 Women,Dhoti Pant with Pockets - Deep Plum - (Women),https://ishalife.sadhguru.org/in/dhoti-pant-with-pockets-deep-plum-women,https://ishalife.sadhguru.org/media/catalog/product/c/a/ca0194000200_s__05_1.jpg?optimize=medium&fit=bounds&height=&width=,Yoga Store; Yoga Clothing; Womens; Dhoti Pants,Yoga Store > Yoga Clothing > Womens > Dhoti Pants,Assigned on source,Apparel & Carry,Dhoti pants,Yoga Clothing,In stock at capture,2026-09-25,SHIKHA Dhoti Pant with Pockets - Deep Plum - (Women),Dhoti Pant with Pockets - Deep Plum - (Women) is an easy-wear option for movement and everyday use.,"Dhoti Pant with Pockets - Deep Plum - (Women) brings the color, cut or design named in the product title to a versatile clothing piece. Wear it for practice, travel or relaxed days according to your preference. Refer to the original size guide and care details before selecting a variant.",Proposed SHIKHA concept based on product type; source item is Isha Life
Isha Life India,41349,CA02053 Men,Miracle of Mind Men's Cotton T-Shirt – Tree,https://ishalife.sadhguru.org/in/miracle-of-mind-men-s-cotton-t-shirt-tree,https://ishalife.sadhguru.org/media/catalog/product/j/p/jpeg-optimizer_ca0205300400_03.jpg?optimize=medium&fit=bounds&height=&width=,Yoga Store; Yoga Clothing; Mens; T-Shirt,Yoga Store > Yoga Clothing > Mens > T-Shirt,Assigned on source,Apparel & Carry,Men T-shirts,Yoga Clothing,In stock at capture,2026-09-25,Miracle of Mind Men's Cotton T-Shirt – Tree,Miracle of Mind Men's Cotton T-Shirt – Tree is an easy-wear option for movement and everyday use.,"Miracle of Mind Men's Cotton T-Shirt – Tree brings the color, cut or design named in the product title to a versatile clothing piece. Wear it for practice, travel or relaxed days according to your preference. Refer to the original size guide and care details before selecting a variant.",Original Isha Life branded item — reference only; retain source identity
Isha Life India,34906,CA00756 Women,Isha’s signature. Ready to wear Women Dhoti Pants with Half moon printed (Indigo) /Panchakacham. Easy to pull on. Versatile. Comfortable for both casual and formal wear.,https://ishalife.sadhguru.org/in/isha-s-signature-ready-to-wear-women-dhoti-pants-with-half-moon-printed-indigo-panchakacham-easy-to-pull-on-versatile-comfortable-for-both-casual-and-formal-wear,https://ishalife.sadhguru.org/media/catalog/product/0/2/0201233_s_04_1.jpg?optimize=medium&fit=bounds&height=&width=,Yoga Store; Yoga Clothing; Womens; Dhoti Pants,Yoga Store > Yoga Clothing > Womens > Dhoti Pants,Assigned on source,Apparel & Carry,Dhoti pants,Yoga Clothing,In stock at capture,2026-09-25,Women Dhoti Pants with Half moon printed (Indigo) / Panchakacham,Women Dhoti Pants with Half moon printed (Indigo) / Panchakacham is an easy-wear option for movement and everyday use.,"Women Dhoti Pants with Half moon printed (Indigo) / Panchakacham brings the color, cut or design named in the product title to a versatile clothing piece. Wear it for practice, travel or relaxed days according to your preference. Refer to the original size guide and care details before selecting a variant.",Original Isha Life branded item — reference only; retain source identity
Isha Life India,41094,CA01572 Men,Washed Hooded Jersey Sweat Jacket - Khaki (Men),https://ishalife.sadhguru.org/in/lycra-washed-hooded-jersey-sweat-jacket-khaki-men,https://ishalife.sadhguru.org/media/catalog/product/j/p/jpeg-optimizer_ca0157200400_02.jpg?optimize=medium&fit=bounds&height=&width=,Yoga Store; Yoga Clothing; Mens,Yoga Store > Yoga Clothing > Mens,Assigned on source,Apparel & Carry,Hoodies & jackets,Yoga Clothing,In stock at capture,2026-09-25,SHIKHA Washed Hooded Jersey Sweat Jacket - Khaki (Men),Washed Hooded Jersey Sweat Jacket - Khaki (Men) is an easy-wear option for movement and everyday use.,"Washed Hooded Jersey Sweat Jacket - Khaki (Men) brings the color, cut or design named in the product title to a versatile clothing piece. Wear it for practice, travel or relaxed days according to your preference. Refer to the original size guide and care details before selecting a variant.",Proposed SHIKHA concept based on product type; source item is Isha Life
Isha Life India,34900,CA00755 Women,Isha’s signature. Ready to wear Women Dhoti Pants - Half moon printed (Sap Green) / Panchakacham.Easy to pull on. Versatile. Comfortable for both casual and formal wear.,https://ishalife.sadhguru.org/in/isha-s-signature-ready-to-wear-women-dhoti-pants-half-moon-printed-sap-green-panchakacham-easy-to-pull-on-versatile-comfortable-for-both-casual-and-formal-wear,https://ishalife.sadhguru.org/media/catalog/product/0/2/0201232_s_03.jpg?optimize=medium&fit=bounds&height=&width=,Yoga Store; Yoga Clothing; Womens; Dhoti Pants,Yoga Store > Yoga Clothing > Womens > Dhoti Pants,Assigned on source,Apparel & Carry,Dhoti pants,Yoga Clothing,In stock at capture,2026-09-25,Women Dhoti Pants - Half moon printed (Sap Green) / Panchakacham,Women Dhoti Pants - Half moon printed (Sap Green) / Panchakacham is an easy-wear option for movement and everyday use.,"Women Dhoti Pants - Half moon printed (Sap Green) / Panchakacham brings the color, cut or design named in the product title to a versatile clothing piece. Wear it for practice, travel or relaxed days according to your preference. Refer to the original size guide and care details before selecting a variant.",Original Isha Life branded item — reference only; retain source identity
Isha Life India,34894,CA00754 Women,Isha’s signature. Ready to wear Women Dhoti Pants - half moon printed (Khaki) / Panchakacham. Easy to pull on. Versatile. Comfortable for both casual and formal wear.,https://ishalife.sadhguru.org/in/isha-s-signature-ready-to-wear-women-dhoti-pants-half-moon-printed-khaki-panchakacham-easy-to-pull-on-versatile-comfortable-for-both-casual-and-formal-wear,https://ishalife.sadhguru.org/media/catalog/product/0/2/0201231_s_03_1.jpg?optimize=medium&fit=bounds&height=&width=,Yoga Store; Yoga Clothing; Womens; Dhoti Pants,Yoga Store > Yoga Clothing > Womens > Dhoti Pants,Assigned on source,Apparel & Carry,Dhoti pants,Yoga Clothing,In stock at capture,2026-09-25,Women Dhoti Pants - half moon printed (Khaki) / Panchakacham,Women Dhoti Pants - half moon printed (Khaki) / Panchakacham is an easy-wear option for movement and everyday use.,"Women Dhoti Pants - half moon printed (Khaki) / Panchakacham brings the color, cut or design named in the product title to a versatile clothing piece. Wear it for practice, travel or relaxed days according to your preference. Refer to the original size guide and care details before selecting a variant.",Original Isha Life branded item — reference only; retain source identity
Isha Life India,38254,BN00122,Men's Everyday Ethnic Comfort Combo 3,https://ishalife.sadhguru.org/in/men-s-everyday-ethnic-comfort-combo-3,https://ishalife.sadhguru.org/media/catalog/product/b/n/bn00122.jpg?optimize=medium&fit=bounds&height=&width=,Yoga Store; Yoga Clothing; Mens,Yoga Store > Yoga Clothing > Mens,Assigned on source,Apparel & Carry,Clothing sets,Yoga Clothing,Out of stock at capture,2026-09-25,SHIKHA Men's Everyday Ethnic Comfort Combo 3,Men's Everyday Ethnic Comfort Combo 3 is an easy-wear option for movement and everyday use.,"Men's Everyday Ethnic Comfort Combo 3 brings the color, cut or design named in the product title to a versatile clothing piece. Wear it for practice, travel or relaxed days according to your preference. Refer to the original size guide and care details before selecting a variant.",Proposed SHIKHA concept based on product type; source item is Isha Life
Isha Life India,34888,CA00753 Women,Isha’s signature. Ready to wear Women Dhoti Pants (Rust) / Panchakacham. Easy to pull on. Versatile. Comfortable for both casual and formal wear.,https://ishalife.sadhguru.org/in/isha-s-signature-ready-to-wear-women-dhoti-pants-rust-panchakacham-organic-cotton-easy-to-pull-on-versatile-comfortable-for-both-casual-and-formal-wear,https://ishalife.sadhguru.org/media/catalog/product/0/2/0201230_s_04_1.jpg?optimize=medium&fit=bounds&height=&width=,Yoga Store; Yoga Clothing; Womens; Dhoti Pants,Yoga Store > Yoga Clothing > Womens > Dhoti Pants,Assigned on source,Apparel & Carry,Dhoti pants,Yoga Clothing,In stock at capture,2026-09-25,Women Dhoti Pants (Rust) / Panchakacham,Women Dhoti Pants (Rust) / Panchakacham is an easy-wear option for movement and everyday use.,"Women Dhoti Pants (Rust) / Panchakacham brings the color, cut or design named in the product title to a versatile clothing piece. Wear it for practice, travel or relaxed days according to your preference. Refer to the original size guide and care details before selecting a variant.",Original Isha Life branded item — reference only; retain source identity
Isha Life India,38248,BN00120,Men's Everyday Ethnic Comfort Combo 1,https://ishalife.sadhguru.org/in/men-s-everyday-ethnic-comfort-combo-1,https://ishalife.sadhguru.org/media/catalog/product/b/n/bn00120.jpg?optimize=medium&fit=bounds&height=&width=,Yoga Store; Yoga Clothing; Mens; Yoga Kurtas,Yoga Store > Yoga Clothing > Mens > Yoga Kurtas,Assigned on source,Apparel & Carry,Clothing sets,Yoga Clothing,Out of stock at capture,2026-09-25,SHIKHA Men's Everyday Ethnic Comfort Combo 1,Men's Everyday Ethnic Comfort Combo 1 is an easy-wear option for movement and everyday use.,"Men's Everyday Ethnic Comfort Combo 1 brings the color, cut or design named in the product title to a versatile clothing piece. Wear it for practice, travel or relaxed days according to your preference. Refer to the original size guide and care details before selecting a variant.",Proposed SHIKHA concept based on product type; source item is Isha Life
Isha Life India,34876,CA00751 Women,Isha’s signature. Ready to wear Women Dhoti Pants (Indigo) / Panchakacham. Easy to pull on. Versatile. Comfortable for both casual and formal wear.,https://ishalife.sadhguru.org/in/isha-s-signature-ready-to-wear-women-dhoti-pants-indigo-panchakacham-easy-to-pull-on-versatile-comfortable-for-both-casual-and-formal-wear,https://ishalife.sadhguru.org/media/catalog/product/0/2/0201228_s_04_1.jpg?optimize=medium&fit=bounds&height=&width=,Yoga Store; Yoga Clothing; Womens; Dhoti Pants,Yoga Store > Yoga Clothing > Womens > Dhoti Pants,Assigned on source,Apparel & Carry,Dhoti pants,Yoga Clothing,In stock at capture,2026-09-25,Women Dhoti Pants (Indigo) / Panchakacham,Women Dhoti Pants (Indigo) / Panchakacham is an easy-wear option for movement and everyday use.,"Women Dhoti Pants (Indigo) / Panchakacham brings the color, cut or design named in the product title to a versatile clothing piece. Wear it for practice, travel or relaxed days according to your preference. Refer to the original size guide and care details before selecting a variant.",Original Isha Life branded item — reference only; retain source identity
Isha Life India,20961,CA00774 Men,Men Save Soil Cotton T Shirt - Green,https://ishalife.sadhguru.org/in/unisex-save-soil-cotton-t-shirt-green,https://ishalife.sadhguru.org/media/catalog/product/c/a/ca00774_3_.jpg?optimize=medium&fit=bounds&height=&width=,Yoga Store; Yoga Clothing; Mens,Yoga Store > Yoga Clothing > Mens,Assigned on source,Apparel & Carry,Men kurtas & tops,Yoga Clothing,In stock at capture,2026-09-25,Men Save Soil Cotton T Shirt - Green,Men Save Soil Cotton T Shirt - Green is an easy-wear option for movement and everyday use.,"Men Save Soil Cotton T Shirt - Green brings the color, cut or design named in the product title to a versatile clothing piece. Wear it for practice, travel or relaxed days according to your preference. Refer to the original size guide and care details before selecting a variant.",Original Isha Life branded item — reference only; retain source identity
Isha Life India,20979,CA00811 Men,Harvest the Ultimate' Cotton T-shirt - Green,https://ishalife.sadhguru.org/in/unisex-organic-cotton-harvest-the-ultimate-t-shirt-green-embroidery,https://ishalife.sadhguru.org/media/catalog/product/c/a/ca00811_3_.jpg?optimize=medium&fit=bounds&height=&width=,Yoga Store; Yoga Clothing; Mens; T-Shirt,Yoga Store > Yoga Clothing > Mens > T-Shirt,Assigned on source,Apparel & Carry,Men T-shirts,Yoga Clothing,In stock at capture,2026-09-25,SHIKHA Harvest the Ultimate' Cotton T-shirt - Green,Harvest the Ultimate' Cotton T-shirt - Green is an easy-wear option for movement and everyday use.,"Harvest the Ultimate' Cotton T-shirt - Green brings the color, cut or design named in the product title to a versatile clothing piece. Wear it for practice, travel or relaxed days according to your preference. Refer to the original size guide and care details before selecting a variant.",Proposed SHIKHA concept based on product type; source item is Isha Life
Isha Life India,34864,CA00749 Women,Isha’s signature. Ready to wear Women Dhoti Pants(Black) / Panchakacham. Easy to pull on. Versatile. Comfortable for both casual and formal wear.,https://ishalife.sadhguru.org/in/isha-s-signature-ready-to-wear-women-dhoti-pants-black-panchakacham-organic-cotton-easy-to-pull-on-versatile-comfortable-for-both-casual-and-formal-wear,https://ishalife.sadhguru.org/media/catalog/product/0/2/0201110_s_05_1.jpg?optimize=medium&fit=bounds&height=&width=,Yoga Store; Yoga Clothing; Womens; Dhoti Pants,Yoga Store > Yoga Clothing > Womens > Dhoti Pants,Assigned on source,Apparel & Carry,Dhoti pants,Yoga Clothing,In stock at capture,2026-09-25,Women Dhoti Pants(Black) / Panchakacham,Women Dhoti Pants(Black) / Panchakacham is an easy-wear option for movement and everyday use.,"Women Dhoti Pants(Black) / Panchakacham brings the color, cut or design named in the product title to a versatile clothing piece. Wear it for practice, travel or relaxed days according to your preference. Refer to the original size guide and care details before selecting a variant.",Original Isha Life branded item — reference only; retain source identity
Isha Life India,36604,CA00767 Women,Women Moon Printed Track Pants - Dark Grey,https://ishalife.sadhguru.org/in/women-moon-printed-track-pants-dark-grey,https://ishalife.sadhguru.org/media/catalog/product/0/4/0401140_s_02.jpg?optimize=medium&fit=bounds&height=&width=,Yoga Store; Yoga Clothing; Mens; Track Pants,Yoga Store > Yoga Clothing > Mens > Track Pants,Assigned on source,Apparel & Carry,Pants & joggers,Yoga Clothing,In stock at capture,2026-09-25,SHIKHA Women Moon Printed Track Pants - Dark Grey,Women Moon Printed Track Pants - Dark Grey is an easy-wear option for movement and everyday use.,"Women Moon Printed Track Pants - Dark Grey brings the color, cut or design named in the product title to a versatile clothing piece. Wear it for practice, travel or relaxed days according to your preference. Refer to the original size guide and care details before selecting a variant.",Proposed SHIKHA concept based on product type; source item is Isha Life
Isha Life India,35383,CA01872,Handblock Printed Pop Over Kurta - Rust Stripes,https://ishalife.sadhguru.org/in/handblock-printed-pop-over-kurta-rust-stripes,https://ishalife.sadhguru.org/media/catalog/product/c/a/ca0187200400_001.jpg?optimize=medium&fit=bounds&height=&width=,Yoga Store; Yoga Clothing; Mens; Yoga Kurtas,Yoga Store > Yoga Clothing > Mens > Yoga Kurtas,Assigned on source,Apparel & Carry,Men kurtas & tops,Yoga Clothing,In stock at capture,2026-09-25,SHIKHA Handblock Printed Pop Over Kurta - Rust Stripes,Handblock Printed Pop Over Kurta - Rust Stripes is an easy-wear option for movement and everyday use.,"Handblock Printed Pop Over Kurta - Rust Stripes brings the color, cut or design named in the product title to a versatile clothing piece. Wear it for practice, travel or relaxed days according to your preference. Refer to the original size guide and care details before selecting a variant.",Proposed SHIKHA concept based on product type; source item is Isha Life
Isha Life India,26290,CA01642,Handblock Printed Full Sleeve Long Kurta - Khari Printed,https://ishalife.sadhguru.org/in/handblock-printed-full-sleeve-long-kurta-khari-printed,https://ishalife.sadhguru.org/media/catalog/product/c/a/ca0164200400_008.jpg?optimize=medium&fit=bounds&height=&width=,Yoga Store; Yoga Clothing; Mens; Yoga Kurtas,Yoga Store > Yoga Clothing > Mens > Yoga Kurtas,Assigned on source,Apparel & Carry,Men kurtas & tops,Yoga Clothing,In stock at capture,2026-09-25,SHIKHA Handblock Printed Full Sleeve Long Kurta - Khari Printed,Handblock Printed Full Sleeve Long Kurta - Khari Printed is an easy-wear option for movement and everyday use.,"Handblock Printed Full Sleeve Long Kurta - Khari Printed brings the color, cut or design named in the product title to a versatile clothing piece. Wear it for practice, travel or relaxed days according to your preference. Refer to the original size guide and care details before selecting a variant.",Proposed SHIKHA concept based on product type; source item is Isha Life
Isha Life India,26266,CA01634,Handblock Khari Fern Print Full Sleeves Kurta,https://ishalife.sadhguru.org/in/handblock-printed-full-sleeve-cotton-kurta-foliage,https://ishalife.sadhguru.org/media/catalog/product/c/a/ca0163400400_001.jpg?optimize=medium&fit=bounds&height=&width=,Yoga Store; Yoga Clothing; Mens; Yoga Kurtas,Yoga Store > Yoga Clothing > Mens > Yoga Kurtas,Assigned on source,Apparel & Carry,Men kurtas & tops,Yoga Clothing,In stock at capture,2026-09-25,SHIKHA Handblock Khari Fern Print Full Sleeves Kurta,Handblock Khari Fern Print Full Sleeves Kurta is an easy-wear option for movement and everyday use.,"Handblock Khari Fern Print Full Sleeves Kurta brings the color, cut or design named in the product title to a versatile clothing piece. Wear it for practice, travel or relaxed days according to your preference. Refer to the original size guide and care details before selecting a variant.",Proposed SHIKHA concept based on product type; source item is Isha Life
Isha Life India,26251,CA01629,White Handblock Rhombus Printed Half Shirt,https://ishalife.sadhguru.org/in/handblock-printed-mandarin-collar-cotton-shirt-diamond-pattern,https://ishalife.sadhguru.org/media/catalog/product/c/a/ca0162900400_001.jpg?optimize=medium&fit=bounds&height=&width=,Yoga Store; Yoga Clothing; Mens; Yoga Kurtas,Yoga Store > Yoga Clothing > Mens > Yoga Kurtas,Assigned on source,Apparel & Carry,Men kurtas & tops,Yoga Clothing,In stock at capture,2026-09-25,SHIKHA White Handblock Rhombus Printed Half Shirt,White Handblock Rhombus Printed Half Shirt is an easy-wear option for movement and everyday use.,"White Handblock Rhombus Printed Half Shirt brings the color, cut or design named in the product title to a versatile clothing piece. Wear it for practice, travel or relaxed days according to your preference. Refer to the original size guide and care details before selecting a variant.",Proposed SHIKHA concept based on product type; source item is Isha Life
Isha Life India,26248,CA01628,White Handblock Diamond Printed Half Shirt,https://ishalife.sadhguru.org/in/handblock-printed-mandarin-collar-cotton-shirt-interlocked-diamonds,https://ishalife.sadhguru.org/media/catalog/product/c/a/ca0162800400_001.jpg?optimize=medium&fit=bounds&height=&width=,Yoga Store; Yoga Clothing; Mens; Yoga Kurtas,Yoga Store > Yoga Clothing > Mens > Yoga Kurtas,Assigned on source,Apparel & Carry,Men kurtas & tops,Yoga Clothing,In stock at capture,2026-09-25,SHIKHA White Handblock Diamond Printed Half Shirt,White Handblock Diamond Printed Half Shirt is an easy-wear option for movement and everyday use.,"White Handblock Diamond Printed Half Shirt brings the color, cut or design named in the product title to a versatile clothing piece. Wear it for practice, travel or relaxed days according to your preference. Refer to the original size guide and care details before selecting a variant.",Proposed SHIKHA concept based on product type; source item is Isha Life
Isha Life India,22642,CA01182,Brown Handblock Floral Repeat Cotton Kurta,https://ishalife.sadhguru.org/in/handblock-printed-kurta-beige-and-black,https://ishalife.sadhguru.org/media/catalog/product/c/a/ca0118200400_001.jpg?optimize=medium&fit=bounds&height=&width=,Yoga Store; Yoga Clothing; Mens; Yoga Kurtas,Yoga Store > Yoga Clothing > Mens > Yoga Kurtas,Assigned on source,Apparel & Carry,Men kurtas & tops,Yoga Clothing,In stock at capture,2026-09-25,SHIKHA Brown Handblock Floral Repeat Cotton Kurta,Brown Handblock Floral Repeat Cotton Kurta is an easy-wear option for movement and everyday use.,"Brown Handblock Floral Repeat Cotton Kurta brings the color, cut or design named in the product title to a versatile clothing piece. Wear it for practice, travel or relaxed days according to your preference. Refer to the original size guide and care details before selecting a variant.",Proposed SHIKHA concept based on product type; source item is Isha Life
Isha Life India,22612,CA01180,Indigo & Red Handblock Stripe Cotton Kurta,https://ishalife.sadhguru.org/in/handblock-printed-kurta-with-indigo-and-orange-stripes,https://ishalife.sadhguru.org/media/catalog/product/c/a/ca0118000400_001.jpg?optimize=medium&fit=bounds&height=&width=,Yoga Store; Yoga Clothing; Mens; Yoga Kurtas,Yoga Store > Yoga Clothing > Mens > Yoga Kurtas,Assigned on source,Apparel & Carry,Men kurtas & tops,Yoga Clothing,In stock at capture,2026-09-25,SHIKHA Indigo & Red Handblock Stripe Cotton Kurta,Indigo & Red Handblock Stripe Cotton Kurta is an easy-wear option for movement and everyday use.,"Indigo & Red Handblock Stripe Cotton Kurta brings the color, cut or design named in the product title to a versatile clothing piece. Wear it for practice, travel or relaxed days according to your preference. Refer to the original size guide and care details before selecting a variant.",Proposed SHIKHA concept based on product type; source item is Isha Life
Isha Life India,22582,CA01178,Handblock Indigo Abstract Leaf Kurta,https://ishalife.sadhguru.org/in/handblock-printed-kurta-indig,https://ishalife.sadhguru.org/media/catalog/product/c/a/ca0117800400_001.jpg?optimize=medium&fit=bounds&height=&width=,Yoga Store; Yoga Clothing; Mens; Yoga Kurtas,Yoga Store > Yoga Clothing > Mens > Yoga Kurtas,Assigned on source,Apparel & Carry,Men kurtas & tops,Yoga Clothing,In stock at capture,2026-09-25,SHIKHA Handblock Indigo Abstract Leaf Kurta,Handblock Indigo Abstract Leaf Kurta is an easy-wear option for movement and everyday use.,"Handblock Indigo Abstract Leaf Kurta brings the color, cut or design named in the product title to a versatile clothing piece. Wear it for practice, travel or relaxed days according to your preference. Refer to the original size guide and care details before selecting a variant.",Proposed SHIKHA concept based on product type; source item is Isha Life
Isha Life India,30989,CA01941 Men,Dhoti Pant with Pockets - Deep Blue - (Men),https://ishalife.sadhguru.org/in/dhoti-pant-printed-with-pockets-deep-blue-unisex,https://ishalife.sadhguru.org/media/catalog/product/c/a/ca0194100400_001.jpg?optimize=medium&fit=bounds&height=&width=,Yoga Store; Yoga Clothing; Mens,Yoga Store > Yoga Clothing > Mens,Assigned on source,Apparel & Carry,Dhoti pants,Yoga Clothing,In stock at capture,2026-09-25,SHIKHA Dhoti Pant with Pockets - Deep Blue - (Men),Dhoti Pant with Pockets - Deep Blue - (Men) is an easy-wear option for movement and everyday use.,"Dhoti Pant with Pockets - Deep Blue - (Men) brings the color, cut or design named in the product title to a versatile clothing piece. Wear it for practice, travel or relaxed days according to your preference. Refer to the original size guide and care details before selecting a variant.",Proposed SHIKHA concept based on product type; source item is Isha Life
Isha Life India,45412,CA03076,Just Seek - Sadhguru T-shirt,https://ishalife.sadhguru.org/in/sadhguru-t-shirt-style,https://ishalife.sadhguru.org/media/catalog/product/c/a/ca03076_1__1.jpg?optimize=medium&fit=bounds&height=&width=,Yoga Store; Yoga Clothing; Mens; Womens; T-Shirt,Yoga Store > Yoga Clothing > Mens > T-Shirt | Yoga Store > Yoga Clothing > Womens > T-Shirt,Assigned on source,Apparel & Carry,Men T-shirts,Yoga Clothing,In stock at capture,2026-09-25,Just Seek - Sadhguru T-shirt,Just Seek - Sadhguru T-shirt is an easy-wear option for movement and everyday use.,"Just Seek - Sadhguru T-shirt brings the color, cut or design named in the product title to a versatile clothing piece. Wear it for practice, travel or relaxed days according to your preference. Refer to the original size guide and care details before selecting a variant.",Original Isha Life branded item — reference only; retain source identity
Isha Life India,45394,CA03073,Mystic in Motion - Sadhguru T-shirt,https://ishalife.sadhguru.org/in/sadhguru-t-shirt-style-2,https://ishalife.sadhguru.org/media/catalog/product/c/a/ca03073_001.jpg?optimize=medium&fit=bounds&height=&width=,Yoga Store; Yoga Clothing; Mens; Womens; T-Shirt,Yoga Store > Yoga Clothing > Mens > T-Shirt | Yoga Store > Yoga Clothing > Womens > T-Shirt,Assigned on source,Apparel & Carry,Men T-shirts,Yoga Clothing,In stock at capture,2026-09-25,Mystic in Motion - Sadhguru T-shirt,Mystic in Motion - Sadhguru T-shirt is an easy-wear option for movement and everyday use.,"Mystic in Motion - Sadhguru T-shirt brings the color, cut or design named in the product title to a versatile clothing piece. Wear it for practice, travel or relaxed days according to your preference. Refer to the original size guide and care details before selecting a variant.",Original Isha Life branded item — reference only; retain source identity
Isha Life India,39040,CA02543 Women,"Surya Chandra Women T-shirt - Black - Premium cotton, Interlock knit, Oversize fit",https://ishalife.sadhguru.org/in/surya-chandra-unisex-t-shirt-black-premium-cotton-interlock-knit-oversize-fit,https://ishalife.sadhguru.org/media/catalog/product/0/7/07126_isf-21_04.jpg?optimize=medium&fit=bounds&height=&width=,Yoga Store; Yoga Clothing; Womens; T-Shirt,Yoga Store > Yoga Clothing > Womens > T-Shirt,Assigned on source,Apparel & Carry,Women T-shirts,Yoga Clothing,In stock at capture,2026-09-25,SHIKHA Surya Chandra Women T-shirt - Black — Oversized Cotton,Surya Chandra Women T-shirt - Black — Oversized Cotton is an easy-wear option for movement and everyday use.,"Surya Chandra Women T-shirt - Black — Oversized Cotton brings the color, cut or design named in the product title to a versatile clothing piece. Wear it for practice, travel or relaxed days according to your preference. Refer to the original size guide and care details before selecting a variant.",Proposed SHIKHA concept based on product type; source item is Isha Life
Isha Life India,39034,CA02542 Women,Midnight Mysticism - Women Adiyogi T-shirt - Black,https://ishalife.sadhguru.org/in/midnight-mysticism-unisex-adiyogi-t-shirt-black,https://ishalife.sadhguru.org/media/catalog/product/c/a/ca02542_women_3_.jpg?optimize=medium&fit=bounds&height=&width=,Yoga Store; Yoga Clothing; Womens; T-Shirt,Yoga Store > Yoga Clothing > Womens > T-Shirt,Assigned on source,Apparel & Carry,Women T-shirts,Yoga Clothing,In stock at capture,2026-09-25,Midnight Mysticism - Women Adiyogi T-shirt - Black,Midnight Mysticism - Women Adiyogi T-shirt - Black is an easy-wear option for movement and everyday use.,"Midnight Mysticism - Women Adiyogi T-shirt - Black brings the color, cut or design named in the product title to a versatile clothing piece. Wear it for practice, travel or relaxed days according to your preference. Refer to the original size guide and care details before selecting a variant.",Original Isha Life branded item — reference only; retain source identity
Isha Life India,39028,CA02541 Women,"Hues of Grace - Women Adiyogi T-shirt - Off White - Premium cotton, Interlock knit, Oversize fit",https://ishalife.sadhguru.org/in/hues-of-grace-unisex-adiyogi-t-shirt-off-white-premium-cotton-interlock-knit-oversize-fit,https://ishalife.sadhguru.org/media/catalog/product/0/7/07126_isf-15_03.jpg?optimize=medium&fit=bounds&height=&width=,Yoga Store; Yoga Clothing; Womens; T-Shirt,Yoga Store > Yoga Clothing > Womens > T-Shirt,Assigned on source,Apparel & Carry,Women T-shirts,Yoga Clothing,In stock at capture,2026-09-25,Hues of Grace - Women Adiyogi T-shirt - Off White — Oversized Cotton,Hues of Grace - Women Adiyogi T-shirt - Off White — Oversized Cotton is an easy-wear option for movement and everyday use.,"Hues of Grace - Women Adiyogi T-shirt - Off White — Oversized Cotton brings the color, cut or design named in the product title to a versatile clothing piece. Wear it for practice, travel or relaxed days according to your preference. Refer to the original size guide and care details before selecting a variant.",Original Isha Life branded item — reference only; retain source identity
Isha Life India,39022,CA02540 Women,Ode to Adiyogi Women T-shirt - Beige,https://ishalife.sadhguru.org/in/ode-to-adiyogi-unisex-t-shirt-beige,https://ishalife.sadhguru.org/media/catalog/product/0/7/07126_isf-18_07.jpg?optimize=medium&fit=bounds&height=&width=,Yoga Store; Yoga Clothing; Womens; T-Shirt,Yoga Store > Yoga Clothing > Womens > T-Shirt,Assigned on source,Apparel & Carry,Women T-shirts,Yoga Clothing,In stock at capture,2026-09-25,Ode to Adiyogi Women T-shirt - Beige,Ode to Adiyogi Women T-shirt - Beige is an easy-wear option for movement and everyday use.,"Ode to Adiyogi Women T-shirt - Beige brings the color, cut or design named in the product title to a versatile clothing piece. Wear it for practice, travel or relaxed days according to your preference. Refer to the original size guide and care details before selecting a variant.",Original Isha Life branded item — reference only; retain source identity
Isha Life India,39016,CA02539 Women,Monochrome Adiyogi Women T-shirt - Glow in the Dark,https://ishalife.sadhguru.org/in/monochrome-adiyogi-unisex-t-shirt-glow-in-the-dark,https://ishalife.sadhguru.org/media/catalog/product/4/_/4_1_.jpg?optimize=medium&fit=bounds&height=&width=,Yoga Store; Yoga Clothing; Womens; T-Shirt,Yoga Store > Yoga Clothing > Womens > T-Shirt,Assigned on source,Apparel & Carry,Women T-shirts,Yoga Clothing,In stock at capture,2026-09-25,Monochrome Adiyogi Women T-shirt - Glow in the Dark,Monochrome Adiyogi Women T-shirt - Glow in the Dark is an easy-wear option for movement and everyday use.,"Monochrome Adiyogi Women T-shirt - Glow in the Dark brings the color, cut or design named in the product title to a versatile clothing piece. Wear it for practice, travel or relaxed days according to your preference. Refer to the original size guide and care details before selecting a variant.",Original Isha Life branded item — reference only; retain source identity
Isha Life India,39010,CA02538,Exuberant Adiyogi - Women T-shirt - Ecru,https://ishalife.sadhguru.org/in/exuberant-adiyogi-unisex-t-shirt-ecru,https://ishalife.sadhguru.org/media/catalog/product/0/7/07126_isf-14_02.jpg?optimize=medium&fit=bounds&height=&width=,Yoga Store; Yoga Clothing; Womens; T-Shirt,Yoga Store > Yoga Clothing > Womens > T-Shirt,Assigned on source,Apparel & Carry,Women T-shirts,Yoga Clothing,In stock at capture,2026-09-25,Exuberant Adiyogi - Women T-shirt - Ecru,Exuberant Adiyogi - Women T-shirt - Ecru is an easy-wear option for movement and everyday use.,"Exuberant Adiyogi - Women T-shirt - Ecru brings the color, cut or design named in the product title to a versatile clothing piece. Wear it for practice, travel or relaxed days according to your preference. Refer to the original size guide and care details before selecting a variant.",Original Isha Life branded item — reference only; retain source identity
Isha Life India,39004,CA02537 Women,"Adiyogi At Twilight - Women T-shirt - Deep Blue - Premium cotton, Interlock knit, Oversize fit",https://ishalife.sadhguru.org/in/adiyogi-at-twilight-unisex-t-shirt-deep-blue-premium-cotton-interlock-knit-oversize-fit,https://ishalife.sadhguru.org/media/catalog/product/c/a/ca02537_women_3_.jpg?optimize=medium&fit=bounds&height=&width=,Yoga Store; Yoga Clothing; Womens; T-Shirt,Yoga Store > Yoga Clothing > Womens > T-Shirt,Assigned on source,Apparel & Carry,Women T-shirts,Yoga Clothing,In stock at capture,2026-09-25,Adiyogi At Twilight - Women T-shirt - Deep Blue — Oversized Cotton,Adiyogi At Twilight - Women T-shirt - Deep Blue — Oversized Cotton is an easy-wear option for movement and everyday use.,"Adiyogi At Twilight - Women T-shirt - Deep Blue — Oversized Cotton brings the color, cut or design named in the product title to a versatile clothing piece. Wear it for practice, travel or relaxed days according to your preference. Refer to the original size guide and care details before selecting a variant.",Original Isha Life branded item — reference only; retain source identity
Isha Life India,38998,CA02536 Women,Radiance of Adiyogi - Women T-shirt - Dark Brown,https://ishalife.sadhguru.org/in/radiance-of-adiyogi-unisex-t-shirt-dark-brown,https://ishalife.sadhguru.org/media/catalog/product/c/a/ca02536_3_.jpg?optimize=medium&fit=bounds&height=&width=,Yoga Store; Yoga Clothing; Womens; T-Shirt,Yoga Store > Yoga Clothing > Womens > T-Shirt,Assigned on source,Apparel & Carry,Women T-shirts,Yoga Clothing,In stock at capture,2026-09-25,Radiance of Adiyogi - Women T-shirt - Dark Brown,Radiance of Adiyogi - Women T-shirt - Dark Brown is an easy-wear option for movement and everyday use.,"Radiance of Adiyogi - Women T-shirt - Dark Brown brings the color, cut or design named in the product title to a versatile clothing piece. Wear it for practice, travel or relaxed days according to your preference. Refer to the original size guide and care details before selecting a variant.",Original Isha Life branded item — reference only; retain source identity
Isha Life India,38992,CA02535 Women,Golden Glow of Adiyogi - Women T-shirt - Black,https://ishalife.sadhguru.org/in/golden-glow-of-adiyogi-unisex-t-shirt-black,https://ishalife.sadhguru.org/media/catalog/product/c/a/ca02535_women_3_.jpg?optimize=medium&fit=bounds&height=&width=,Yoga Store; Yoga Clothing; Womens; T-Shirt,Yoga Store > Yoga Clothing > Womens > T-Shirt,Assigned on source,Apparel & Carry,Women T-shirts,Yoga Clothing,In stock at capture,2026-09-25,Golden Glow of Adiyogi - Women T-shirt - Black,Golden Glow of Adiyogi - Women T-shirt - Black is an easy-wear option for movement and everyday use.,"Golden Glow of Adiyogi - Women T-shirt - Black brings the color, cut or design named in the product title to a versatile clothing piece. Wear it for practice, travel or relaxed days according to your preference. Refer to the original size guide and care details before selecting a variant.",Original Isha Life branded item — reference only; retain source identity
Isha Life India,38986,CA02534,Mystic Glow Women Adiyogi T-shirt - Off-white,https://ishalife.sadhguru.org/in/mystic-glow-unisex-adiyogi-t-shirt-off-white,https://ishalife.sadhguru.org/media/catalog/product/0/7/07126_isf-13_03.jpg?optimize=medium&fit=bounds&height=&width=,Yoga Store; Yoga Clothing; Womens; T-Shirt,Yoga Store > Yoga Clothing > Womens > T-Shirt,Assigned on source,Apparel & Carry,Women T-shirts,Yoga Clothing,In stock at capture,2026-09-25,Mystic Glow Women Adiyogi T-shirt - Off-white,Mystic Glow Women Adiyogi T-shirt - Off-white is an easy-wear option for movement and everyday use.,"Mystic Glow Women Adiyogi T-shirt - Off-white brings the color, cut or design named in the product title to a versatile clothing piece. Wear it for practice, travel or relaxed days according to your preference. Refer to the original size guide and care details before selecting a variant.",Original Isha Life branded item — reference only; retain source identity
Isha Life India,38980,CA02533 Women,Jatadhara Adiyogi - Women T-shirt - Ecru,https://ishalife.sadhguru.org/in/jatadhara-adiyogi-unisex-t-shirt-ecru,https://ishalife.sadhguru.org/media/catalog/product/0/7/07126_isf-23_02.jpg?optimize=medium&fit=bounds&height=&width=,Yoga Store; Yoga Clothing; Womens; T-Shirt,Yoga Store > Yoga Clothing > Womens > T-Shirt,Assigned on source,Apparel & Carry,Women T-shirts,Yoga Clothing,In stock at capture,2026-09-25,Jatadhara Adiyogi - Women T-shirt - Ecru,Jatadhara Adiyogi - Women T-shirt - Ecru is an easy-wear option for movement and everyday use.,"Jatadhara Adiyogi - Women T-shirt - Ecru brings the color, cut or design named in the product title to a versatile clothing piece. Wear it for practice, travel or relaxed days according to your preference. Refer to the original size guide and care details before selecting a variant.",Original Isha Life branded item — reference only; retain source identity
Isha Life India,38974,CA02532,"Cosmic Balance Women T-shirt - Olive Green - Premium cotton, Interlock knit, Oversize fit",https://ishalife.sadhguru.org/in/cosmic-balance-unisex-t-shirt-olive-green-premium-cotton-interlock-knit-oversize-fit,https://ishalife.sadhguru.org/media/catalog/product/0/7/07126_isf-20_02.jpg?optimize=medium&fit=bounds&height=&width=,Yoga Store; Yoga Clothing; Womens; T-Shirt,Yoga Store > Yoga Clothing > Womens > T-Shirt,Assigned on source,Apparel & Carry,Women T-shirts,Yoga Clothing,In stock at capture,2026-09-25,SHIKHA Cosmic Balance Women T-shirt - Olive Green — Oversized Cotton,Cosmic Balance Women T-shirt - Olive Green — Oversized Cotton is an easy-wear option for movement and everyday use.,"Cosmic Balance Women T-shirt - Olive Green — Oversized Cotton brings the color, cut or design named in the product title to a versatile clothing piece. Wear it for practice, travel or relaxed days according to your preference. Refer to the original size guide and care details before selecting a variant.",Proposed SHIKHA concept based on product type; source item is Isha Life
Isha Life India,38968,CA02531 Women,"Sacred Strokes - Sarpa Women T-shirt - Brick - Premium cotton, Interlock knit, Oversize fit",https://ishalife.sadhguru.org/in/sacred-strokes-sarpa-unisex-t-shirt-brick-premium-cotton-interlock-knit-oversize-fit,https://ishalife.sadhguru.org/media/catalog/product/c/a/ca02531_3_.jpg?optimize=medium&fit=bounds&height=&width=,Yoga Store; Yoga Clothing; Womens; T-Shirt,Yoga Store > Yoga Clothing > Womens > T-Shirt,Assigned on source,Apparel & Carry,Women T-shirts,Yoga Clothing,In stock at capture,2026-09-25,Sacred Strokes - Sarpa Women T-shirt - Brick — Oversized Cotton,Sacred Strokes - Sarpa Women T-shirt - Brick — Oversized Cotton is an easy-wear option for movement and everyday use.,"Sacred Strokes - Sarpa Women T-shirt - Brick — Oversized Cotton brings the color, cut or design named in the product title to a versatile clothing piece. Wear it for practice, travel or relaxed days according to your preference. Refer to the original size guide and care details before selecting a variant.",Original Isha Life branded item — reference only; retain source identity
Isha Life India,38962,CA02530 Women,Infinity Trishul Women T-shirt - Beige,https://ishalife.sadhguru.org/in/infinity-trishul-unisex-t-shirt-beige,https://ishalife.sadhguru.org/media/catalog/product/c/a/ca02530_3_.jpg?optimize=medium&fit=bounds&height=&width=,Yoga Store; Yoga Clothing; Womens; T-Shirt,Yoga Store > Yoga Clothing > Womens > T-Shirt,Assigned on source,Apparel & Carry,Women T-shirts,Yoga Clothing,In stock at capture,2026-09-25,Infinity Trishul Women T-shirt - Beige,Infinity Trishul Women T-shirt - Beige is an easy-wear option for movement and everyday use.,"Infinity Trishul Women T-shirt - Beige brings the color, cut or design named in the product title to a versatile clothing piece. Wear it for practice, travel or relaxed days according to your preference. Refer to the original size guide and care details before selecting a variant.",Original Isha Life branded item — reference only; retain source identity
Isha Life India,38956,CA02529 Women,"Vibrant Nandi Women T-shirt - Light Grey - Premium cotton, Interlock knit, Oversize fit",https://ishalife.sadhguru.org/in/vibrant-nandi-unisex-t-shirt-light-grey-premium-cotton-interlock-knit-oversize-fit,https://ishalife.sadhguru.org/media/catalog/product/0/7/07126_isf-16_03.jpg?optimize=medium&fit=bounds&height=&width=,Yoga Store; Yoga Clothing; Womens; T-Shirt,Yoga Store > Yoga Clothing > Womens > T-Shirt,Assigned on source,Apparel & Carry,Women T-shirts,Yoga Clothing,In stock at capture,2026-09-25,Vibrant Nandi Women T-shirt - Light Grey — Oversized Cotton,Vibrant Nandi Women T-shirt - Light Grey — Oversized Cotton is an easy-wear option for movement and everyday use.,"Vibrant Nandi Women T-shirt - Light Grey — Oversized Cotton brings the color, cut or design named in the product title to a versatile clothing piece. Wear it for practice, travel or relaxed days according to your preference. Refer to the original size guide and care details before selecting a variant.",Original Isha Life branded item — reference only; retain source identity
Isha Life India,38950,CA02528 Women,Eternal Waiting Women Nandi T-shirt - Mauve,https://ishalife.sadhguru.org/in/eternal-waiting-unisex-nandi-t-shirt-mauve,https://ishalife.sadhguru.org/media/catalog/product/0/7/07126_isf-19_02.jpg?optimize=medium&fit=bounds&height=&width=,Yoga Store; Yoga Clothing; Womens; T-Shirt,Yoga Store > Yoga Clothing > Womens > T-Shirt,Assigned on source,Apparel & Carry,Women T-shirts,Yoga Clothing,In stock at capture,2026-09-25,Eternal Waiting Women Nandi T-shirt - Mauve,Eternal Waiting Women Nandi T-shirt - Mauve is an easy-wear option for movement and everyday use.,"Eternal Waiting Women Nandi T-shirt - Mauve brings the color, cut or design named in the product title to a versatile clothing piece. Wear it for practice, travel or relaxed days according to your preference. Refer to the original size guide and care details before selecting a variant.",Original Isha Life branded item — reference only; retain source identity
Isha Life India,37494,CA00783 Women,Women Save Soil Printed T Shirt Maroon,https://ishalife.sadhguru.org/in/women-save-soil-printed-t-shirt-maroon,https://ishalife.sadhguru.org/media/catalog/product/c/a/ca0078300200_03.jpg?optimize=medium&fit=bounds&height=&width=,Yoga Store; Yoga Clothing; Womens; T-Shirt,Yoga Store > Yoga Clothing > Womens > T-Shirt,Assigned on source,Apparel & Carry,Women kurtas & tops,Yoga Clothing,In stock at capture,2026-09-25,Women Save Soil Printed T Shirt Maroon,Women Save Soil Printed T Shirt Maroon is an easy-wear option for movement and everyday use.,"Women Save Soil Printed T Shirt Maroon brings the color, cut or design named in the product title to a versatile clothing piece. Wear it for practice, travel or relaxed days according to your preference. Refer to the original size guide and care details before selecting a variant.",Original Isha Life branded item — reference only; retain source identity
Isha Life India,37482,CA00774 Women,Women Save Soil Cotton T Shirt - Green,https://ishalife.sadhguru.org/in/women-save-soil-cotton-t-shirt-green,https://ishalife.sadhguru.org/media/catalog/product/0/4/0401191_s_03.jpg?optimize=medium&fit=bounds&height=&width=,Yoga Store; Yoga Clothing; Womens; T-Shirt,Yoga Store > Yoga Clothing > Womens > T-Shirt,Assigned on source,Apparel & Carry,Women kurtas & tops,Yoga Clothing,In stock at capture,2026-09-25,Women Save Soil Cotton T Shirt - Green,Women Save Soil Cotton T Shirt - Green is an easy-wear option for movement and everyday use.,"Women Save Soil Cotton T Shirt - Green brings the color, cut or design named in the product title to a versatile clothing piece. Wear it for practice, travel or relaxed days according to your preference. Refer to the original size guide and care details before selecting a variant.",Original Isha Life branded item — reference only; retain source identity
Isha Life India,37146,CA00827 Women,Women Nandi Printed Cotton T-Shirt - Off White,https://ishalife.sadhguru.org/in/women-nandi-printed-organic-cotton-t-shirt-off-white,https://ishalife.sadhguru.org/media/catalog/product/0/4/0401165_s_03.jpg?optimize=medium&fit=bounds&height=&width=,Yoga Store; Yoga Clothing; Womens; T-Shirt,Yoga Store > Yoga Clothing > Womens > T-Shirt,Assigned on source,Apparel & Carry,Women T-shirts,Yoga Clothing,In stock at capture,2026-09-25,Women Nandi Printed Cotton T-Shirt - Off White,Women Nandi Printed Cotton T-Shirt - Off White is an easy-wear option for movement and everyday use.,"Women Nandi Printed Cotton T-Shirt - Off White brings the color, cut or design named in the product title to a versatile clothing piece. Wear it for practice, travel or relaxed days according to your preference. Refer to the original size guide and care details before selecting a variant.",Original Isha Life branded item — reference only; retain source identity
Isha Life India,36709,CA00634 Women,Women Cotton Sadhana Half-Sleeve T-Shirt - Orange,https://ishalife.sadhguru.org/in/women-organic-cotton-sadhana-half-sleeve-t-shirt-orange,https://ishalife.sadhguru.org/media/catalog/product/0/4/0401161_s_03.jpg?optimize=medium&fit=bounds&height=&width=,Yoga Store; Yoga Clothing; Womens; T-Shirt,Yoga Store > Yoga Clothing > Womens > T-Shirt,Assigned on source,Apparel & Carry,Women T-shirts,Yoga Clothing,In stock at capture,2026-09-25,SHIKHA Women Cotton Sadhana Half-Sleeve T-Shirt - Orange,Women Cotton Sadhana Half-Sleeve T-Shirt - Orange is an easy-wear option for movement and everyday use.,"Women Cotton Sadhana Half-Sleeve T-Shirt - Orange brings the color, cut or design named in the product title to a versatile clothing piece. Wear it for practice, travel or relaxed days according to your preference. Refer to the original size guide and care details before selecting a variant.",Proposed SHIKHA concept based on product type; source item is Isha Life
Isha Life India,36637,CA00816 Women,Women Cotton That Which is Not Printed T-shirt - Olive,https://ishalife.sadhguru.org/in/women-cotton-that-which-is-not-printed-t-shirt-olive,https://ishalife.sadhguru.org/media/catalog/product/0/4/0401148_s_03.jpg?optimize=medium&fit=bounds&height=&width=,Yoga Store; Yoga Clothing; Womens; T-Shirt,Yoga Store > Yoga Clothing > Womens > T-Shirt,Assigned on source,Apparel & Carry,Women T-shirts,Yoga Clothing,In stock at capture,2026-09-25,SHIKHA Women Cotton That Which is Not Printed T-shirt - Olive,Women Cotton That Which is Not Printed T-shirt - Olive is an easy-wear option for movement and everyday use.,"Women Cotton That Which is Not Printed T-shirt - Olive brings the color, cut or design named in the product title to a versatile clothing piece. Wear it for practice, travel or relaxed days according to your preference. Refer to the original size guide and care details before selecting a variant.",Proposed SHIKHA concept based on product type; source item is Isha Life
Isha Life India,36631,CA00813 Women,Women Cotton Tandava Printed T-shirt - Aqua,https://ishalife.sadhguru.org/in/women-cotton-tandava-printed-t-shirt-aqua,https://ishalife.sadhguru.org/media/catalog/product/0/4/0401145_s_02.jpg?optimize=medium&fit=bounds&height=&width=,Yoga Store; Yoga Clothing; Womens; T-Shirt,Yoga Store > Yoga Clothing > Womens > T-Shirt,Assigned on source,Apparel & Carry,Women T-shirts,Yoga Clothing,In stock at capture,2026-09-25,Women Cotton Tandava Printed T-shirt - Aqua,Women Cotton Tandava Printed T-shirt - Aqua is an easy-wear option for movement and everyday use.,"Women Cotton Tandava Printed T-shirt - Aqua brings the color, cut or design named in the product title to a versatile clothing piece. Wear it for practice, travel or relaxed days according to your preference. Refer to the original size guide and care details before selecting a variant.",Original Isha Life branded item — reference only; retain source identity
Isha Life India,38494,YS0019717000,Herbal Dyed Eye Pillow with Flax & Lavender Seed - Vembadam Grey,https://ishalife.sadhguru.org/in/ys0019717000-herbal-dyed-eye-pillow-with-flax-lavender-seed-vembadam-grey,https://ishalife.sadhguru.org/media/catalog/product/j/p/jpeg-optimizer_ys0019717000_1_.jpg?optimize=medium&fit=bounds&height=&width=,Yoga Store; Yoga Accessories; Eye Pillow & Wash Cup,Yoga Store > Yoga Accessories > Eye Pillow & Wash Cup,Assigned on source,Bolsters & Soft Supports,Eye pillows,Yoga Accessories,In stock at capture,2026-09-25,SHIKHA Herbal Dyed Eye Pillow with Flax & Lavender Seed - Vembadam Grey,Herbal Dyed Eye Pillow with Flax & Lavender Seed - Vembadam Grey adds a soft support to rest or seated practice.,"Herbal Dyed Eye Pillow with Flax & Lavender Seed - Vembadam Grey is a compact comfort piece for meditation, relaxation or supported positioning. The named filling, fabric or shape distinguishes it from other soft props. Place it where gentle support feels useful and follow the original care instructions.",Proposed SHIKHA concept based on product type; source item is Isha Life
Isha Life India,42480,CA02437,100% Cotton Bagru Printed Men’s Half Sleeve Mid-Length Kurta - Rich Blue,https://ishalife.sadhguru.org/in/100-cotton-bagru-printed-men-s-half-sleeve-mid-length-kurta-rich-blue,https://ishalife.sadhguru.org/media/catalog/product/c/a/ca0243700400_01.jpg?optimize=medium&fit=bounds&height=&width=,Yoga Store; Yoga Clothing; Mens; Yoga Kurtas,Yoga Store > Yoga Clothing > Mens > Yoga Kurtas,Assigned on source,Apparel & Carry,Men kurtas & tops,Yoga Clothing,In stock at capture,2026-09-25,SHIKHA 100% Cotton Bagru Printed Men’s Half Sleeve Mid-Length Kurta - Rich Blue,100% Cotton Bagru Printed Men’s Half Sleeve Mid-Length Kurta - Rich Blue is an easy-wear option for movement and everyday use.,"100% Cotton Bagru Printed Men’s Half Sleeve Mid-Length Kurta - Rich Blue brings the color, cut or design named in the product title to a versatile clothing piece. Wear it for practice, travel or relaxed days according to your preference. Refer to the original size guide and care details before selecting a variant.",Proposed SHIKHA concept based on product type; source item is Isha Life
Isha Life India,42474,CA02436,100% Cotton Dabu Printed Men’s Half Sleeve Mid Length Kurta - Ecru,https://ishalife.sadhguru.org/in/100-cotton-dabu-printed-men-s-half-sleeve-mid-length-kurta-ecru,https://ishalife.sadhguru.org/media/catalog/product/c/a/ca0243600400_01.jpg?optimize=medium&fit=bounds&height=&width=,Yoga Store; Yoga Clothing; Mens; Yoga Kurtas,Yoga Store > Yoga Clothing > Mens > Yoga Kurtas,Assigned on source,Apparel & Carry,Men kurtas & tops,Yoga Clothing,In stock at capture,2026-09-25,SHIKHA 100% Cotton Dabu Printed Men’s Half Sleeve Mid Length Kurta - Ecru,100% Cotton Dabu Printed Men’s Half Sleeve Mid Length Kurta - Ecru is an easy-wear option for movement and everyday use.,"100% Cotton Dabu Printed Men’s Half Sleeve Mid Length Kurta - Ecru brings the color, cut or design named in the product title to a versatile clothing piece. Wear it for practice, travel or relaxed days according to your preference. Refer to the original size guide and care details before selecting a variant.",Proposed SHIKHA concept based on product type; source item is Isha Life
Isha Life India,42462,CA02434,100% Cotton Bagru Printed Men’s Long Sleeve Long Kurta - Deep Indigo,https://ishalife.sadhguru.org/in/100-cotton-bagru-printed-men-s-long-sleeve-long-kurta-deep-indigo,https://ishalife.sadhguru.org/media/catalog/product/c/a/ca0243400400_01.jpg?optimize=medium&fit=bounds&height=&width=,Yoga Store; Yoga Clothing; Mens; Yoga Kurtas,Yoga Store > Yoga Clothing > Mens > Yoga Kurtas,Assigned on source,Apparel & Carry,Men kurtas & tops,Yoga Clothing,In stock at capture,2026-09-25,SHIKHA 100% Cotton Bagru Printed Men’s Long Sleeve Long Kurta - Deep Indigo,100% Cotton Bagru Printed Men’s Long Sleeve Long Kurta - Deep Indigo is an easy-wear option for movement and everyday use.,"100% Cotton Bagru Printed Men’s Long Sleeve Long Kurta - Deep Indigo brings the color, cut or design named in the product title to a versatile clothing piece. Wear it for practice, travel or relaxed days according to your preference. Refer to the original size guide and care details before selecting a variant.",Proposed SHIKHA concept based on product type; source item is Isha Life
Isha Life India,41331,CA02386,Brown V-Neck Long Cotton Kurta,https://ishalife.sadhguru.org/in/brown-v-neck-long-cotton-kurta,https://ishalife.sadhguru.org/media/catalog/product/j/p/jpeg-optimizer_ca0238600200_01.jpg?optimize=medium&fit=bounds&height=&width=,Yoga Store; Yoga Clothing; Womens; Yoga Kurtas,Yoga Store > Yoga Clothing > Womens > Yoga Kurtas,Assigned on source,Apparel & Carry,Women kurtas & tops,Yoga Clothing,In stock at capture,2026-09-25,SHIKHA Brown V-Neck Long Cotton Kurta,Brown V-Neck Long Cotton Kurta is an easy-wear option for movement and everyday use.,"Brown V-Neck Long Cotton Kurta brings the color, cut or design named in the product title to a versatile clothing piece. Wear it for practice, travel or relaxed days according to your preference. Refer to the original size guide and care details before selecting a variant.",Proposed SHIKHA concept based on product type; source item is Isha Life
Isha Life India,39610,CA0010016905,Jaipur Block Printed Waffle Cotton Towel - Design 1 (Set of 2),https://ishalife.sadhguru.org/in/ca0010016905-jaipur-block-print-waffle-towel-set-of-2-dsn-1,https://ishalife.sadhguru.org/media/catalog/product/c/a/ca0010016905_1_.jpg?optimize=medium&fit=bounds&height=&width=,Yoga Store; Yoga Accessories; Towels,Yoga Store > Yoga Accessories > Towels,Assigned on source,Mats & Towels,Yoga towels,Yoga Accessories,In stock at capture,2026-09-25,SHIKHA Jaipur Block Printed Waffle Cotton Towel - Design 1 (Set of 2),Jaipur Block Printed Waffle Cotton Towel - Design 1 (Set of 2) offers a dedicated surface or textile for yoga and meditation.,"Jaipur Block Printed Waffle Cotton Towel - Design 1 (Set of 2) can be part of a regular practice setup at home or in a studio. Its named textile, backing or weave helps identify the feel and style of this option. Check dimensions and washing or cleaning instructions before making a selection.",Proposed SHIKHA concept based on product type; source item is Isha Life
Isha Life India,41226,CA02383,Navy Blue V-Neck Cotton Kurti,https://ishalife.sadhguru.org/in/navy-blue-v-neck-cotton-kurti,https://ishalife.sadhguru.org/media/catalog/product/j/p/jpeg-optimizer_ca0238300200_02.jpg?optimize=medium&fit=bounds&height=&width=,Yoga Store; Yoga Clothing; Womens; Yoga Kurtas,Yoga Store > Yoga Clothing > Womens > Yoga Kurtas,Assigned on source,Apparel & Carry,Women kurtas & tops,Yoga Clothing,In stock at capture,2026-09-25,SHIKHA Navy Blue V-Neck Cotton Kurti,Navy Blue V-Neck Cotton Kurti is an easy-wear option for movement and everyday use.,"Navy Blue V-Neck Cotton Kurti brings the color, cut or design named in the product title to a versatile clothing piece. Wear it for practice, travel or relaxed days according to your preference. Refer to the original size guide and care details before selecting a variant.",Proposed SHIKHA concept based on product type; source item is Isha Life
Isha Life India,40465,CA00567,Engineered Stripe Kurta Half Sleeve Grey for Men,https://ishalife.sadhguru.org/in/engineered-stripe-kurta-half-sleeve-grey-for-men,https://ishalife.sadhguru.org/media/catalog/product/j/p/jpeg-optimizer_ca0056700200_1_.jpg?optimize=medium&fit=bounds&height=&width=,Yoga Store; Yoga Clothing; Mens; Yoga Kurtas,Yoga Store > Yoga Clothing > Mens > Yoga Kurtas,Assigned on source,Apparel & Carry,Men kurtas & tops,Yoga Clothing,In stock at capture,2026-09-25,SHIKHA Engineered Stripe Kurta Half Sleeve Grey for Men,Engineered Stripe Kurta Half Sleeve Grey for Men is an easy-wear option for movement and everyday use.,"Engineered Stripe Kurta Half Sleeve Grey for Men brings the color, cut or design named in the product title to a versatile clothing piece. Wear it for practice, travel or relaxed days according to your preference. Refer to the original size guide and care details before selecting a variant.",Proposed SHIKHA concept based on product type; source item is Isha Life
Isha Life India,35914,CA01873,Mystic Moon Cotton Kurta,https://ishalife.sadhguru.org/in/mystic-moon-cotton-kurta,https://ishalife.sadhguru.org/media/catalog/product/c/a/ca01873_3_.jpg?optimize=medium&fit=bounds&height=&width=,Yoga Store; Yoga Clothing; Mens; Yoga Kurtas,Yoga Store > Yoga Clothing > Mens > Yoga Kurtas,Assigned on source,Apparel & Carry,Men kurtas & tops,Yoga Clothing,In stock at capture,2026-09-25,Mystic Moon Cotton Kurta,Mystic Moon Cotton Kurta is an easy-wear option for movement and everyday use.,"Mystic Moon Cotton Kurta brings the color, cut or design named in the product title to a versatile clothing piece. Wear it for practice, travel or relaxed days according to your preference. Refer to the original size guide and care details before selecting a variant.",Original Isha Life branded item — reference only; retain source identity
Isha Life India,26293,CA01643,Silver Moon Cotton Kurta,https://ishalife.sadhguru.org/in/handblock-printed-full-sleeve-long-kurta-herringbone-pattern-grey,https://ishalife.sadhguru.org/media/catalog/product/c/a/ca01643_2_.jpg?optimize=medium&fit=bounds&height=&width=,Yoga Store; Yoga Clothing; Mens; Yoga Kurtas,Yoga Store > Yoga Clothing > Mens > Yoga Kurtas,Assigned on source,Apparel & Carry,Men kurtas & tops,Yoga Clothing,In stock at capture,2026-09-25,SHIKHA Silver Moon Cotton Kurta,Silver Moon Cotton Kurta is an easy-wear option for movement and everyday use.,"Silver Moon Cotton Kurta brings the color, cut or design named in the product title to a versatile clothing piece. Wear it for practice, travel or relaxed days according to your preference. Refer to the original size guide and care details before selecting a variant.",Proposed SHIKHA concept based on product type; source item is Isha Life
Isha Life India,26287,CA01641,Serene White Cotton Kurta,https://ishalife.sadhguru.org/in/handblock-printed-full-sleeve-long-kurta-herringbone-pattern,https://ishalife.sadhguru.org/media/catalog/product/c/a/ca01641_3_.jpg?optimize=medium&fit=bounds&height=&width=,Yoga Store; Yoga Clothing; Mens; Yoga Kurtas,Yoga Store > Yoga Clothing > Mens > Yoga Kurtas,Assigned on source,Apparel & Carry,Men kurtas & tops,Yoga Clothing,In stock at capture,2026-09-25,SHIKHA Serene White Cotton Kurta,Serene White Cotton Kurta is an easy-wear option for movement and everyday use.,"Serene White Cotton Kurta brings the color, cut or design named in the product title to a versatile clothing piece. Wear it for practice, travel or relaxed days according to your preference. Refer to the original size guide and care details before selecting a variant.",Proposed SHIKHA concept based on product type; source item is Isha Life
Isha Life India,26281,CA01639,Handblock Printed Full Sleeve Long Kurta - Diamond Pattern,https://ishalife.sadhguru.org/in/handblock-printed-full-sleeve-long-kurta-diamond-pattern,https://ishalife.sadhguru.org/media/catalog/product/c/a/ca01639_2_.jpg?optimize=medium&fit=bounds&height=&width=,Yoga Store; Yoga Clothing; Mens; Yoga Kurtas,Yoga Store > Yoga Clothing > Mens > Yoga Kurtas,Assigned on source,Apparel & Carry,Men kurtas & tops,Yoga Clothing,In stock at capture,2026-09-25,SHIKHA Handblock Printed Full Sleeve Long Kurta - Diamond Pattern,Handblock Printed Full Sleeve Long Kurta - Diamond Pattern is an easy-wear option for movement and everyday use.,"Handblock Printed Full Sleeve Long Kurta - Diamond Pattern brings the color, cut or design named in the product title to a versatile clothing piece. Wear it for practice, travel or relaxed days according to your preference. Refer to the original size guide and care details before selecting a variant.",Proposed SHIKHA concept based on product type; source item is Isha Life
Isha Life India,36574,CA02344 Women,Yarn Dyed Mangalagiri Women Dhoti Pant - Brown,https://ishalife.sadhguru.org/in/yarn-dyed-mangalagiri-women-dhoti-pant-brown,https://ishalife.sadhguru.org/media/catalog/product/c/a/ca02344_1_1_.jpg?optimize=medium&fit=bounds&height=&width=,Yoga Store; Yoga Clothing; Womens; Dhoti Pants,Yoga Store > Yoga Clothing > Womens > Dhoti Pants,Assigned on source,Apparel & Carry,Dhoti pants,Yoga Clothing,In stock at capture,2026-09-25,SHIKHA Yarn Dyed Mangalagiri Women Dhoti Pant - Brown,Yarn Dyed Mangalagiri Women Dhoti Pant - Brown is an easy-wear option for movement and everyday use.,"Yarn Dyed Mangalagiri Women Dhoti Pant - Brown brings the color, cut or design named in the product title to a versatile clothing piece. Wear it for practice, travel or relaxed days according to your preference. Refer to the original size guide and care details before selecting a variant.",Proposed SHIKHA concept based on product type; source item is Isha Life
Isha Life India,36553,CA02347 Women,Cotton Women Red Dhoti Pants with Pocket,https://ishalife.sadhguru.org/in/rich-magenta-cotton-women-dhoti-pants-with-pocket,https://ishalife.sadhguru.org/media/catalog/product/c/a/ca02347_1_1_.jpg?optimize=medium&fit=bounds&height=&width=,Yoga Store; Yoga Clothing; Womens; Dhoti Pants,Yoga Store > Yoga Clothing > Womens > Dhoti Pants,Assigned on source,Apparel & Carry,Dhoti pants,Yoga Clothing,In stock at capture,2026-09-25,SHIKHA Cotton Women Red Dhoti Pants with Pocket,Cotton Women Red Dhoti Pants with Pocket is an easy-wear option for movement and everyday use.,"Cotton Women Red Dhoti Pants with Pocket brings the color, cut or design named in the product title to a versatile clothing piece. Wear it for practice, travel or relaxed days according to your preference. Refer to the original size guide and care details before selecting a variant.",Proposed SHIKHA concept based on product type; source item is Isha Life
Isha Life India,40804,CA01675,"Ease Collection - Madder Pink Kurta - 100% Cotton Handloom, Naturally Dyed with Madder Roots",https://ishalife.sadhguru.org/in/ease-collection-madder-pink-kurta-100-cotton-handloom-naturally-dyed-with-madder-roots,https://ishalife.sadhguru.org/media/catalog/product/j/p/jpeg-optimizer_ca01675_2_.jpg?optimize=medium&fit=bounds&height=&width=,Yoga Store; Yoga Clothing; Womens; Yoga Kurtas,Yoga Store > Yoga Clothing > Womens > Yoga Kurtas,Assigned on source,Apparel & Carry,Women kurtas & tops,Yoga Clothing,In stock at capture,2026-09-25,Ease Collection - Madder Pink Kurta — Handloom Cotton,Ease Collection - Madder Pink Kurta — Handloom Cotton is an easy-wear option for movement and everyday use.,"Ease Collection - Madder Pink Kurta — Handloom Cotton brings the color, cut or design named in the product title to a versatile clothing piece. Wear it for practice, travel or relaxed days according to your preference. Refer to the original size guide and care details before selecting a variant.",Original Isha Life branded item — reference only; retain source identity
Isha Life India,41361,CA02054 Men,Miracle of Mind Men's Black Cotton T-Shirt - Sadhguru,https://ishalife.sadhguru.org/in/miracle-of-mind-men-s-black-cotton-t-shirt-sadhguru,https://ishalife.sadhguru.org/media/catalog/product/j/p/jpeg-optimizer_ca0205400400_02.jpg?optimize=medium&fit=bounds&height=&width=,Yoga Store; Yoga Clothing; Mens; T-Shirt,Yoga Store > Yoga Clothing > Mens > T-Shirt,Assigned on source,Apparel & Carry,Men T-shirts,Yoga Clothing,In stock at capture,2026-09-25,Miracle of Mind Men's Black Cotton T-Shirt - Sadhguru,Miracle of Mind Men's Black Cotton T-Shirt - Sadhguru is an easy-wear option for movement and everyday use.,"Miracle of Mind Men's Black Cotton T-Shirt - Sadhguru brings the color, cut or design named in the product title to a versatile clothing piece. Wear it for practice, travel or relaxed days according to your preference. Refer to the original size guide and care details before selecting a variant.",Original Isha Life branded item — reference only; retain source identity
Isha Life India,36406,CA02345 Women,Yarn Dyed Mangalagiri Women Dhoti Pant with Pockets - Blue,https://ishalife.sadhguru.org/in/yarn-dyed-mangalagiri-women-dhoti-pant-with-pockets-blue,https://ishalife.sadhguru.org/media/catalog/product/c/a/ca02345_1_1_.jpg?optimize=medium&fit=bounds&height=&width=,Yoga Store; Yoga Clothing; Womens; Dhoti Pants,Yoga Store > Yoga Clothing > Womens > Dhoti Pants,Assigned on source,Apparel & Carry,Dhoti pants,Yoga Clothing,In stock at capture,2026-09-25,SHIKHA Yarn Dyed Mangalagiri Women Dhoti Pant with Pockets - Blue,Yarn Dyed Mangalagiri Women Dhoti Pant with Pockets - Blue is an easy-wear option for movement and everyday use.,"Yarn Dyed Mangalagiri Women Dhoti Pant with Pockets - Blue brings the color, cut or design named in the product title to a versatile clothing piece. Wear it for practice, travel or relaxed days according to your preference. Refer to the original size guide and care details before selecting a variant.",Proposed SHIKHA concept based on product type; source item is Isha Life
Isha Life India,26302,CA01646,Agni Triangular Print Cotton Kurta,https://ishalife.sadhguru.org/in/handblock-printed-pop-over-shirt-trikona,https://ishalife.sadhguru.org/media/catalog/product/c/a/ca01646_3_.jpg?optimize=medium&fit=bounds&height=&width=,Yoga Store; Yoga Clothing; Mens; Yoga Kurtas,Yoga Store > Yoga Clothing > Mens > Yoga Kurtas,Assigned on source,Apparel & Carry,Men kurtas & tops,Yoga Clothing,In stock at capture,2026-09-25,Agni Triangular Print Cotton Kurta,Agni Triangular Print Cotton Kurta is an easy-wear option for movement and everyday use.,"Agni Triangular Print Cotton Kurta brings the color, cut or design named in the product title to a versatile clothing piece. Wear it for practice, travel or relaxed days according to your preference. Refer to the original size guide and care details before selecting a variant.",Original Isha Life branded item — reference only; retain source identity
Isha Life India,36403,CA02346 Women,Yarn Dyed Mangalagiri Women Dhoti Pant - Black,https://ishalife.sadhguru.org/in/yarn-dyed-mangalagiri-women-dhoti-pant-black,https://ishalife.sadhguru.org/media/catalog/product/c/a/ca02346_1__1.jpg?optimize=medium&fit=bounds&height=&width=,Yoga Store; Yoga Clothing; Womens; Dhoti Pants,Yoga Store > Yoga Clothing > Womens > Dhoti Pants,Assigned on source,Apparel & Carry,Dhoti pants,Yoga Clothing,In stock at capture,2026-09-25,SHIKHA Yarn Dyed Mangalagiri Women Dhoti Pant - Black,Yarn Dyed Mangalagiri Women Dhoti Pant - Black is an easy-wear option for movement and everyday use.,"Yarn Dyed Mangalagiri Women Dhoti Pant - Black brings the color, cut or design named in the product title to a versatile clothing piece. Wear it for practice, travel or relaxed days according to your preference. Refer to the original size guide and care details before selecting a variant.",Proposed SHIKHA concept based on product type; source item is Isha Life
Isha Life India,26254,CA01630,Shveta Textured Cotton Short Kurta,https://ishalife.sadhguru.org/in/handblock-printed-mandarin-collar-cotton-shirt-khari-stipes,https://ishalife.sadhguru.org/media/catalog/product/c/a/ca01630_3_.jpg?optimize=medium&fit=bounds&height=&width=,Yoga Store; Yoga Clothing; Mens; Yoga Kurtas,Yoga Store > Yoga Clothing > Mens > Yoga Kurtas,Assigned on source,Apparel & Carry,Men kurtas & tops,Yoga Clothing,In stock at capture,2026-09-25,Shveta Textured Cotton Short Kurta,Shveta Textured Cotton Short Kurta is an easy-wear option for movement and everyday use.,"Shveta Textured Cotton Short Kurta brings the color, cut or design named in the product title to a versatile clothing piece. Wear it for practice, travel or relaxed days according to your preference. Refer to the original size guide and care details before selecting a variant.",Original Isha Life branded item — reference only; retain source identity
Isha Life India,36037,CA02291,Unisex Dhoti Pant with Pockets - Teal,https://ishalife.sadhguru.org/in/unisex-dhoti-pant-with-pockets-teal,https://ishalife.sadhguru.org/media/catalog/product/c/a/ca02291_3_.jpg?optimize=medium&fit=bounds&height=&width=,Yoga Store; Yoga Clothing; Mens; Womens; Dhoti Pants,Yoga Store > Yoga Clothing > Mens > Dhoti Pants | Yoga Store > Yoga Clothing > Womens > Dhoti Pants,Assigned on source,Apparel & Carry,Dhoti pants,Yoga Clothing,In stock at capture,2026-09-25,SHIKHA Unisex Dhoti Pant with Pockets - Teal,Unisex Dhoti Pant with Pockets - Teal is an easy-wear option for movement and everyday use.,"Unisex Dhoti Pant with Pockets - Teal brings the color, cut or design named in the product title to a versatile clothing piece. Wear it for practice, travel or relaxed days according to your preference. Refer to the original size guide and care details before selecting a variant.",Proposed SHIKHA concept based on product type; source item is Isha Life
Isha Life India,39442,CA02543 Men,"Surya Chandra Men T-shirt - Black - Premium cotton, Interlock knit, Oversize fit",https://ishalife.sadhguru.org/in/surya-chandra-men-t-shirt-black-premium-cotton-interlock-knit-oversize-fit,https://ishalife.sadhguru.org/media/catalog/product/c/a/ca02543_men_3_.jpg?optimize=medium&fit=bounds&height=&width=,Yoga Store; Yoga Clothing; Mens; T-Shirt,Yoga Store > Yoga Clothing > Mens > T-Shirt,Assigned on source,Apparel & Carry,Men T-shirts,Yoga Clothing,In stock at capture,2026-09-25,SHIKHA Surya Chandra Men T-shirt - Black — Oversized Cotton,Surya Chandra Men T-shirt - Black — Oversized Cotton is an easy-wear option for movement and everyday use.,"Surya Chandra Men T-shirt - Black — Oversized Cotton brings the color, cut or design named in the product title to a versatile clothing piece. Wear it for practice, travel or relaxed days according to your preference. Refer to the original size guide and care details before selecting a variant.",Proposed SHIKHA concept based on product type; source item is Isha Life
Isha Life India,35281,CA01933 Women,Indigo Blue Yarn Dyed Women Dhoti Pants with Pockets,https://ishalife.sadhguru.org/in/indigo-blue-yarn-dyed-unisex-dhoti-pants-with-pockets-women,https://ishalife.sadhguru.org/media/catalog/product/c/a/ca01933_4_.jpg?optimize=medium&fit=bounds&height=&width=,Yoga Store; Yoga Clothing; Womens; Dhoti Pants,Yoga Store > Yoga Clothing > Womens > Dhoti Pants,Assigned on source,Apparel & Carry,Dhoti pants,Yoga Clothing,In stock at capture,2026-09-25,SHIKHA Indigo Blue Yarn Dyed Women Dhoti Pants with Pockets,Indigo Blue Yarn Dyed Women Dhoti Pants with Pockets is an easy-wear option for movement and everyday use.,"Indigo Blue Yarn Dyed Women Dhoti Pants with Pockets brings the color, cut or design named in the product title to a versatile clothing piece. Wear it for practice, travel or relaxed days according to your preference. Refer to the original size guide and care details before selecting a variant.",Proposed SHIKHA concept based on product type; source item is Isha Life
Isha Life India,39436,CA02541 Men,"Hues of Grace - Men Adiyogi T-shirt - Off White - Premium cotton, Interlock knit, Oversize fit",https://ishalife.sadhguru.org/in/hues-of-grace-men-adiyogi-t-shirt-off-white-premium-cotton-interlock-knit-oversize-fit,https://ishalife.sadhguru.org/media/catalog/product/c/a/ca02541_men_4_.jpg?optimize=medium&fit=bounds&height=&width=,Yoga Store; Yoga Clothing; Mens; T-Shirt,Yoga Store > Yoga Clothing > Mens > T-Shirt,Assigned on source,Apparel & Carry,Men T-shirts,Yoga Clothing,In stock at capture,2026-09-25,Hues of Grace - Men Adiyogi T-shirt - Off White — Oversized Cotton,Hues of Grace - Men Adiyogi T-shirt - Off White — Oversized Cotton is an easy-wear option for movement and everyday use.,"Hues of Grace - Men Adiyogi T-shirt - Off White — Oversized Cotton brings the color, cut or design named in the product title to a versatile clothing piece. Wear it for practice, travel or relaxed days according to your preference. Refer to the original size guide and care details before selecting a variant.",Original Isha Life branded item — reference only; retain source identity
Isha Life India,39430,CA02539 Men,Monochrome Adiyogi Men T-shirt - Glow in the Dark,https://ishalife.sadhguru.org/in/monochrome-adiyogi-men-t-shirt-glow-in-the-dark,https://ishalife.sadhguru.org/media/catalog/product/2/_/2_5__5.jpg?optimize=medium&fit=bounds&height=&width=,Yoga Store; Yoga Clothing; Mens; T-Shirt,Yoga Store > Yoga Clothing > Mens > T-Shirt,Assigned on source,Apparel & Carry,Men T-shirts,Yoga Clothing,In stock at capture,2026-09-25,Monochrome Adiyogi Men T-shirt - Glow in the Dark,Monochrome Adiyogi Men T-shirt - Glow in the Dark is an easy-wear option for movement and everyday use.,"Monochrome Adiyogi Men T-shirt - Glow in the Dark brings the color, cut or design named in the product title to a versatile clothing piece. Wear it for practice, travel or relaxed days according to your preference. Refer to the original size guide and care details before selecting a variant.",Original Isha Life branded item — reference only; retain source identity
Isha Life India,39247,CA02537 Men,"Adiyogi At Twilight - Men T-shirt - Deep Blue - Premium cotton, Interlock knit, Oversize fit",https://ishalife.sadhguru.org/in/adiyogi-at-wilight-men-t-shirt-deep-blue-premium-cotton-interlock-knit-oversize-fit,https://ishalife.sadhguru.org/media/catalog/product/c/a/ca02537_7_.jpg?optimize=medium&fit=bounds&height=&width=,Yoga Store; Yoga Clothing; Mens; T-Shirt,Yoga Store > Yoga Clothing > Mens > T-Shirt,Assigned on source,Apparel & Carry,Men T-shirts,Yoga Clothing,In stock at capture,2026-09-25,Adiyogi At Twilight - Men T-shirt - Deep Blue — Oversized Cotton,Adiyogi At Twilight - Men T-shirt - Deep Blue — Oversized Cotton is an easy-wear option for movement and everyday use.,"Adiyogi At Twilight - Men T-shirt - Deep Blue — Oversized Cotton brings the color, cut or design named in the product title to a versatile clothing piece. Wear it for practice, travel or relaxed days according to your preference. Refer to the original size guide and care details before selecting a variant.",Original Isha Life branded item — reference only; retain source identity
Isha Life India,39157,CA02536 Men,Radiance of Adiyogi - Men T-shirt - Dark Brown,https://ishalife.sadhguru.org/in/radiance-of-adiyogi-men-t-shirt-dark-brown,https://ishalife.sadhguru.org/media/catalog/product/c/a/ca02536_men_3_.jpg?optimize=medium&fit=bounds&height=&width=,Yoga Store; Yoga Clothing; Mens; T-Shirt,Yoga Store > Yoga Clothing > Mens > T-Shirt,Assigned on source,Apparel & Carry,Men T-shirts,Yoga Clothing,In stock at capture,2026-09-25,Radiance of Adiyogi - Men T-shirt - Dark Brown,Radiance of Adiyogi - Men T-shirt - Dark Brown is an easy-wear option for movement and everyday use.,"Radiance of Adiyogi - Men T-shirt - Dark Brown brings the color, cut or design named in the product title to a versatile clothing piece. Wear it for practice, travel or relaxed days according to your preference. Refer to the original size guide and care details before selecting a variant.",Original Isha Life branded item — reference only; retain source identity
Isha Life India,42486,CA02418,100% Cotton Men’s Cotton Silk Dhoti Pant – Beige,https://ishalife.sadhguru.org/in/100-cotton-men-s-cotton-silk-dhoti-pant-beige,https://ishalife.sadhguru.org/media/catalog/product/c/a/ca0241800400_03.jpg?optimize=medium&fit=bounds&height=&width=,Yoga Store; Yoga Clothing; Mens; Dhoti Pants,Yoga Store > Yoga Clothing > Mens > Dhoti Pants,Assigned on source,Apparel & Carry,Dhoti pants,Yoga Clothing,In stock at capture,2026-09-25,SHIKHA 100% Cotton Men’s Cotton Silk Dhoti Pant – Beige,100% Cotton Men’s Cotton Silk Dhoti Pant – Beige is an easy-wear option for movement and everyday use.,"100% Cotton Men’s Cotton Silk Dhoti Pant – Beige brings the color, cut or design named in the product title to a versatile clothing piece. Wear it for practice, travel or relaxed days according to your preference. Refer to the original size guide and care details before selecting a variant.",Proposed SHIKHA concept based on product type; source item is Isha Life
Isha Life India,39151,CA02534 Men,Mystic Glow Men Adiyogi T-shirt - Off-white,https://ishalife.sadhguru.org/in/mystic-glow-men-adiyogi-t-shirt-off-white,https://ishalife.sadhguru.org/media/catalog/product/c/a/ca02534_men_3_.jpg?optimize=medium&fit=bounds&height=&width=,Yoga Store; Yoga Clothing; Mens; T-Shirt,Yoga Store > Yoga Clothing > Mens > T-Shirt,Assigned on source,Apparel & Carry,Men T-shirts,Yoga Clothing,In stock at capture,2026-09-25,Mystic Glow Men Adiyogi T-shirt - Off-white,Mystic Glow Men Adiyogi T-shirt - Off-white is an easy-wear option for movement and everyday use.,"Mystic Glow Men Adiyogi T-shirt - Off-white brings the color, cut or design named in the product title to a versatile clothing piece. Wear it for practice, travel or relaxed days according to your preference. Refer to the original size guide and care details before selecting a variant.",Original Isha Life branded item — reference only; retain source identity
Isha Life India,38257,BN00123,Men's Everyday Ethnic Comfort Combo 4,https://ishalife.sadhguru.org/in/men-s-everyday-ethnic-comfort-combo-4,https://ishalife.sadhguru.org/media/catalog/product/b/n/bn00123.jpg?optimize=medium&fit=bounds&height=&width=,Yoga Store; Yoga Clothing; Mens; Dhoti Pants,Yoga Store > Yoga Clothing > Mens > Dhoti Pants,Assigned on source,Apparel & Carry,Clothing sets,Yoga Clothing,Out of stock at capture,2026-09-25,SHIKHA Men's Everyday Ethnic Comfort Combo 4,Men's Everyday Ethnic Comfort Combo 4 is an easy-wear option for movement and everyday use.,"Men's Everyday Ethnic Comfort Combo 4 brings the color, cut or design named in the product title to a versatile clothing piece. Wear it for practice, travel or relaxed days according to your preference. Refer to the original size guide and care details before selecting a variant.",Proposed SHIKHA concept based on product type; source item is Isha Life
Isha Life India,26338,CA01658,Two-Tone Handblock Indigo Floral Pintuck Top,https://ishalife.sadhguru.org/in/handblock-printed-cut-and-sew-open-placket-long-shirt-indigo,https://ishalife.sadhguru.org/media/catalog/product/c/a/ca0165800200_04.jpg?optimize=medium&fit=bounds&height=&width=,Yoga Store; Yoga Clothing; Womens; Yoga Kurtas,Yoga Store > Yoga Clothing > Womens > Yoga Kurtas,Assigned on source,Apparel & Carry,Women kurtas & tops,Yoga Clothing,In stock at capture,2026-09-25,SHIKHA Two-Tone Handblock Indigo Floral Pintuck Top,Two-Tone Handblock Indigo Floral Pintuck Top is an easy-wear option for movement and everyday use.,"Two-Tone Handblock Indigo Floral Pintuck Top brings the color, cut or design named in the product title to a versatile clothing piece. Wear it for practice, travel or relaxed days according to your preference. Refer to the original size guide and care details before selecting a variant.",Proposed SHIKHA concept based on product type; source item is Isha Life
Isha Life India,35848,CA02344 Men,Yarn Dyed Mangalagiri Men Dhoti Pant - Brown,https://ishalife.sadhguru.org/in/yarn-dyed-mangalagiri-dhoti-pant-brown,https://ishalife.sadhguru.org/media/catalog/product/c/a/ca02344_3_.jpg?optimize=medium&fit=bounds&height=&width=,Yoga Store; Yoga Clothing; Mens; Dhoti Pants,Yoga Store > Yoga Clothing > Mens > Dhoti Pants,Assigned on source,Apparel & Carry,Dhoti pants,Yoga Clothing,In stock at capture,2026-09-25,SHIKHA Yarn Dyed Mangalagiri Men Dhoti Pant - Brown,Yarn Dyed Mangalagiri Men Dhoti Pant - Brown is an easy-wear option for movement and everyday use.,"Yarn Dyed Mangalagiri Men Dhoti Pant - Brown brings the color, cut or design named in the product title to a versatile clothing piece. Wear it for practice, travel or relaxed days according to your preference. Refer to the original size guide and care details before selecting a variant.",Proposed SHIKHA concept based on product type; source item is Isha Life
Isha Life India,42543,CA02474,Cotton Flax Ankle Length Pants - Deep Blue,https://ishalife.sadhguru.org/in/cotton-flax-ankle-length-pants-deep-blue,https://ishalife.sadhguru.org/media/catalog/product/c/a/ca0247400200_04.jpg?optimize=medium&fit=bounds&height=&width=,Yoga Store; Yoga Clothing; Womens; Track Pants,Yoga Store > Yoga Clothing > Womens > Track Pants,Assigned on source,Apparel & Carry,Pants & joggers,Yoga Clothing,In stock at capture,2026-09-25,SHIKHA Cotton Flax Ankle Length Pants - Deep Blue,Cotton Flax Ankle Length Pants - Deep Blue is an easy-wear option for movement and everyday use.,"Cotton Flax Ankle Length Pants - Deep Blue brings the color, cut or design named in the product title to a versatile clothing piece. Wear it for practice, travel or relaxed days according to your preference. Refer to the original size guide and care details before selecting a variant.",Proposed SHIKHA concept based on product type; source item is Isha Life
Isha Life India,39118,CA02531 Men,"Sacred Strokes - Sarpa Men T-shirt - Brick - Premium cotton, Interlock knit, Oversize fit",https://ishalife.sadhguru.org/in/sacred-strokes-sarpa-men-t-shirt-brick-premium-cotton-interlock-knit-oversize-fit,https://ishalife.sadhguru.org/media/catalog/product/c/a/ca02531_3__1.jpg?optimize=medium&fit=bounds&height=&width=,Yoga Store; Yoga Clothing; Mens; T-Shirt,Yoga Store > Yoga Clothing > Mens > T-Shirt,Assigned on source,Apparel & Carry,Men T-shirts,Yoga Clothing,In stock at capture,2026-09-25,Sacred Strokes - Sarpa Men T-shirt - Brick — Oversized Cotton,Sacred Strokes - Sarpa Men T-shirt - Brick — Oversized Cotton is an easy-wear option for movement and everyday use.,"Sacred Strokes - Sarpa Men T-shirt - Brick — Oversized Cotton brings the color, cut or design named in the product title to a versatile clothing piece. Wear it for practice, travel or relaxed days according to your preference. Refer to the original size guide and care details before selecting a variant.",Original Isha Life branded item — reference only; retain source identity
Isha Life India,35890,CA02347 Men,Cotton Men Red Dhoti Pants with Pocket,https://ishalife.sadhguru.org/in/silver-moon-cotton-kurta,https://ishalife.sadhguru.org/media/catalog/product/c/a/ca02347_4_.jpg?optimize=medium&fit=bounds&height=&width=,Yoga Store; Yoga Clothing; Mens; Dhoti Pants,Yoga Store > Yoga Clothing > Mens > Dhoti Pants,Assigned on source,Apparel & Carry,Dhoti pants,Yoga Clothing,In stock at capture,2026-09-25,SHIKHA Cotton Men Red Dhoti Pants with Pocket,Cotton Men Red Dhoti Pants with Pocket is an easy-wear option for movement and everyday use.,"Cotton Men Red Dhoti Pants with Pocket brings the color, cut or design named in the product title to a versatile clothing piece. Wear it for practice, travel or relaxed days according to your preference. Refer to the original size guide and care details before selecting a variant.",Proposed SHIKHA concept based on product type; source item is Isha Life
Isha Life India,35854,CA02346 Men,Yarn Dyed Mangalagiri Men Dhoti Pant - Black,https://ishalife.sadhguru.org/in/yarn-dyed-mangalagiri-dhoti-pant-black,https://ishalife.sadhguru.org/media/catalog/product/c/a/ca02346_3_.jpg?optimize=medium&fit=bounds&height=&width=,Yoga Store; Yoga Clothing; Mens; Dhoti Pants,Yoga Store > Yoga Clothing > Mens > Dhoti Pants,Assigned on source,Apparel & Carry,Dhoti pants,Yoga Clothing,In stock at capture,2026-09-25,SHIKHA Yarn Dyed Mangalagiri Men Dhoti Pant - Black,Yarn Dyed Mangalagiri Men Dhoti Pant - Black is an easy-wear option for movement and everyday use.,"Yarn Dyed Mangalagiri Men Dhoti Pant - Black brings the color, cut or design named in the product title to a versatile clothing piece. Wear it for practice, travel or relaxed days according to your preference. Refer to the original size guide and care details before selecting a variant.",Proposed SHIKHA concept based on product type; source item is Isha Life
Isha Life India,39112,CA02529 Men,"Vibrant Nandi Men T-shirt - Light Grey - Premium cotton, Interlock knit, Oversize fit",https://ishalife.sadhguru.org/in/vibrant-nandi-men-t-shirt-light-grey-premium-cotton-interlock-knit-oversize-fit,https://ishalife.sadhguru.org/media/catalog/product/c/a/ca02529_3_.jpg?optimize=medium&fit=bounds&height=&width=,Yoga Store; Yoga Clothing; Mens; T-Shirt,Yoga Store > Yoga Clothing > Mens > T-Shirt,Assigned on source,Apparel & Carry,Men T-shirts,Yoga Clothing,In stock at capture,2026-09-25,Vibrant Nandi Men T-shirt - Light Grey — Oversized Cotton,Vibrant Nandi Men T-shirt - Light Grey — Oversized Cotton is an easy-wear option for movement and everyday use.,"Vibrant Nandi Men T-shirt - Light Grey — Oversized Cotton brings the color, cut or design named in the product title to a versatile clothing piece. Wear it for practice, travel or relaxed days according to your preference. Refer to the original size guide and care details before selecting a variant.",Original Isha Life branded item — reference only; retain source identity
Isha Life India,34882,CA00752-Women,Isha’s signature. Ready to wear Women Dhoti Pants (Olive) / Panchakacham. Easy to pull on. Versatile. Comfortable for both casual and formal wear.,https://ishalife.sadhguru.org/in/isha-s-signature-ready-to-wear-women-dhoti-pants-olive-panchakacham-easy-to-pull-on-versatile-comfortable-for-both-casual-and-formal-wear,https://ishalife.sadhguru.org/media/catalog/product/0/2/0201229_s_03_1.jpg?optimize=medium&fit=bounds&height=&width=,Yoga Store; Yoga Clothing; Womens; Dhoti Pants,Yoga Store > Yoga Clothing > Womens > Dhoti Pants,Assigned on source,Apparel & Carry,Dhoti pants,Yoga Clothing,In stock at capture,2026-09-25,Women Dhoti Pants (Olive) / Panchakacham,Women Dhoti Pants (Olive) / Panchakacham is an easy-wear option for movement and everyday use.,"Women Dhoti Pants (Olive) / Panchakacham brings the color, cut or design named in the product title to a versatile clothing piece. Wear it for practice, travel or relaxed days according to your preference. Refer to the original size guide and care details before selecting a variant.",Original Isha Life branded item — reference only; retain source identity
Isha Life India,36043,CA02345 Men,Yarn Dyed Mangalagiri Men Dhoti Pant with Pockets - Blue,https://ishalife.sadhguru.org/in/yarn-dyed-mangalagiri-dhoti-pant-with-pockets-blue,https://ishalife.sadhguru.org/media/catalog/product/c/a/ca02345_3_.jpg?optimize=medium&fit=bounds&height=&width=,Yoga Store; Yoga Clothing; Mens; Dhoti Pants,Yoga Store > Yoga Clothing > Mens > Dhoti Pants,Assigned on source,Apparel & Carry,Dhoti pants,Yoga Clothing,In stock at capture,2026-09-25,SHIKHA Yarn Dyed Mangalagiri Men Dhoti Pant with Pockets - Blue,Yarn Dyed Mangalagiri Men Dhoti Pant with Pockets - Blue is an easy-wear option for movement and everyday use.,"Yarn Dyed Mangalagiri Men Dhoti Pant with Pockets - Blue brings the color, cut or design named in the product title to a versatile clothing piece. Wear it for practice, travel or relaxed days according to your preference. Refer to the original size guide and care details before selecting a variant.",Proposed SHIKHA concept based on product type; source item is Isha Life
Isha Life India,31914,CA01929 Men,Inner Engineering - Meditation T Shirt Men,https://ishalife.sadhguru.org/in/inner-engineering-meditation-t-shirt,https://ishalife.sadhguru.org/media/catalog/product/c/a/ca01929_3__1.jpg?optimize=medium&fit=bounds&height=&width=,Yoga Store; Yoga Clothing; Mens; T-Shirt,Yoga Store > Yoga Clothing > Mens > T-Shirt,Assigned on source,Apparel & Carry,Men kurtas & tops,Yoga Clothing,In stock at capture,2026-09-25,Inner Engineering - Meditation T Shirt Men,Inner Engineering - Meditation T Shirt Men is an easy-wear option for movement and everyday use.,"Inner Engineering - Meditation T Shirt Men brings the color, cut or design named in the product title to a versatile clothing piece. Wear it for practice, travel or relaxed days according to your preference. Refer to the original size guide and care details before selecting a variant.",Original Isha Life branded item — reference only; retain source identity
Isha Life India,6279,CA00833 Men,Men's Adiyogi T-Shirt - Black,https://ishalife.sadhguru.org/in/unisex-adiyogi-t-shirt-black,https://ishalife.sadhguru.org/media/catalog/product/c/a/ca00833_3_.jpg?optimize=medium&fit=bounds&height=&width=,Yoga Store; Yoga Clothing; Mens; T-Shirt,Yoga Store > Yoga Clothing > Mens > T-Shirt,Assigned on source,Apparel & Carry,Men T-shirts,Yoga Clothing,In stock at capture,2026-09-25,Men's Adiyogi T-Shirt - Black,Men's Adiyogi T-Shirt - Black is an easy-wear option for movement and everyday use.,"Men's Adiyogi T-Shirt - Black brings the color, cut or design named in the product title to a versatile clothing piece. Wear it for practice, travel or relaxed days according to your preference. Refer to the original size guide and care details before selecting a variant.",Original Isha Life branded item — reference only; retain source identity
Isha Life India,6291,CA00827,Men Nandi Printed Cotton T-Shirt - Off White,https://ishalife.sadhguru.org/in/men-organic-cotton-nandi-t-shirt-off-white,https://ishalife.sadhguru.org/media/catalog/product/c/a/ca00827_2_.jpg?optimize=medium&fit=bounds&height=&width=,Yoga Store; Yoga Clothing; Mens; T-Shirt,Yoga Store > Yoga Clothing > Mens > T-Shirt,Assigned on source,Apparel & Carry,Men T-shirts,Yoga Clothing,In stock at capture,2026-09-25,Men Nandi Printed Cotton T-Shirt - Off White,Men Nandi Printed Cotton T-Shirt - Off White is an easy-wear option for movement and everyday use.,"Men Nandi Printed Cotton T-Shirt - Off White brings the color, cut or design named in the product title to a versatile clothing piece. Wear it for practice, travel or relaxed days according to your preference. Refer to the original size guide and care details before selecting a variant.",Original Isha Life branded item — reference only; retain source identity
Isha Life India,34870,CA00750 Women,Isha’s signature. Ready to wear Women Dhoti Pants (Beige) / Panchakacham. Easy to pull on. Versatile. Comfortable for both casual and formal wear.,https://ishalife.sadhguru.org/in/isha-s-signature-ready-to-wear-women-dhoti-pants-beige-panchakacham-organic-cotton-easy-to-pull-on-versatile-comfortable-for-both-casual-and-formal-wear,https://ishalife.sadhguru.org/media/catalog/product/0/2/0201227_s_04_1.jpg?optimize=medium&fit=bounds&height=&width=,Yoga Store; Yoga Clothing; Womens; Dhoti Pants,Yoga Store > Yoga Clothing > Womens > Dhoti Pants,Assigned on source,Apparel & Carry,Dhoti pants,Yoga Clothing,In stock at capture,2026-09-25,Women Dhoti Pants (Beige) / Panchakacham,Women Dhoti Pants (Beige) / Panchakacham is an easy-wear option for movement and everyday use.,"Women Dhoti Pants (Beige) / Panchakacham brings the color, cut or design named in the product title to a versatile clothing piece. Wear it for practice, travel or relaxed days according to your preference. Refer to the original size guide and care details before selecting a variant.",Original Isha Life branded item — reference only; retain source identity
Isha Life India,20985,CA00816 Men,Men Cotton That Which is Not Printed T-shirt - Olive,https://ishalife.sadhguru.org/in/unisex-cotton-that-which-is-not-printed-t-shirt-olive-1,https://ishalife.sadhguru.org/media/catalog/product/c/a/ca00816_2_.jpg?optimize=medium&fit=bounds&height=&width=,Yoga Store; Yoga Clothing; Mens; T-Shirt,Yoga Store > Yoga Clothing > Mens > T-Shirt,Assigned on source,Apparel & Carry,Men T-shirts,Yoga Clothing,In stock at capture,2026-09-25,SHIKHA Men Cotton That Which is Not Printed T-shirt - Olive,Men Cotton That Which is Not Printed T-shirt - Olive is an easy-wear option for movement and everyday use.,"Men Cotton That Which is Not Printed T-shirt - Olive brings the color, cut or design named in the product title to a versatile clothing piece. Wear it for practice, travel or relaxed days according to your preference. Refer to the original size guide and care details before selecting a variant.",Proposed SHIKHA concept based on product type; source item is Isha Life
Isha Life India,35908,CA02294,Unisex Dhoti Pant - Red,https://ishalife.sadhguru.org/in/agnika-cotton-dhoti-pants,https://ishalife.sadhguru.org/media/catalog/product/c/a/ca02294_4_.jpg?optimize=medium&fit=bounds&height=&width=,Yoga Store; Yoga Clothing; Mens; Dhoti Pants,Yoga Store > Yoga Clothing > Mens > Dhoti Pants,Assigned on source,Apparel & Carry,Dhoti pants,Yoga Clothing,In stock at capture,2026-09-25,SHIKHA Unisex Dhoti Pant - Red,Unisex Dhoti Pant - Red is an easy-wear option for movement and everyday use.,"Unisex Dhoti Pant - Red brings the color, cut or design named in the product title to a versatile clothing piece. Wear it for practice, travel or relaxed days according to your preference. Refer to the original size guide and care details before selecting a variant.",Proposed SHIKHA concept based on product type; source item is Isha Life
Isha Life India,6587,CA00813 Men,Men Cotton Tandava Printed T-shirt - Aqua,https://ishalife.sadhguru.org/in/unisex-cotton-tandava-printed-t-shirt-aqua,https://ishalife.sadhguru.org/media/catalog/product/c/a/ca00813_3_.jpg?optimize=medium&fit=bounds&height=&width=,Yoga Store; Yoga Clothing; Mens; T-Shirt,Yoga Store > Yoga Clothing > Mens > T-Shirt,Assigned on source,Apparel & Carry,Men T-shirts,Yoga Clothing,In stock at capture,2026-09-25,Men Cotton Tandava Printed T-shirt - Aqua,Men Cotton Tandava Printed T-shirt - Aqua is an easy-wear option for movement and everyday use.,"Men Cotton Tandava Printed T-shirt - Aqua brings the color, cut or design named in the product title to a versatile clothing piece. Wear it for practice, travel or relaxed days according to your preference. Refer to the original size guide and care details before selecting a variant.",Original Isha Life branded item — reference only; retain source identity
Isha Life India,35902,CA02292,Dhoti Pant with Pocket - Ecru,https://ishalife.sadhguru.org/in/neel-vayu-cotton-dhoti-pants-with-pocket,https://ishalife.sadhguru.org/media/catalog/product/c/a/ca02292_3_.jpg?optimize=medium&fit=bounds&height=&width=,Yoga Store; Yoga Clothing; Mens; Dhoti Pants,Yoga Store > Yoga Clothing > Mens > Dhoti Pants,Assigned on source,Apparel & Carry,Dhoti pants,Yoga Clothing,In stock at capture,2026-09-25,SHIKHA Dhoti Pant with Pocket - Ecru,Dhoti Pant with Pocket - Ecru is an easy-wear option for movement and everyday use.,"Dhoti Pant with Pocket - Ecru brings the color, cut or design named in the product title to a versatile clothing piece. Wear it for practice, travel or relaxed days according to your preference. Refer to the original size guide and care details before selecting a variant.",Proposed SHIKHA concept based on product type; source item is Isha Life
Isha Life India,34858,CA00748 Women,Isha’s signature. Ready to wear Womens Dhoti Pants (White) / Panchakacham. Easy to pull on. Versatile. Comfortable for both casual and formal wear.,https://ishalife.sadhguru.org/in/isha-s-signature-ready-to-wear-womens-dhoti-pants-white-panchakacham-easy-to-pull-on-versatile-comfortable-for-both-casual-and-formal-wear,https://ishalife.sadhguru.org/media/catalog/product/0/2/0201109_s_04_2.jpg?optimize=medium&fit=bounds&height=&width=,Yoga Store; Yoga Clothing; Womens; Dhoti Pants,Yoga Store > Yoga Clothing > Womens > Dhoti Pants,Assigned on source,Apparel & Carry,Dhoti pants,Yoga Clothing,In stock at capture,2026-09-25,Womens Dhoti Pants (White) / Panchakacham,Womens Dhoti Pants (White) / Panchakacham is an easy-wear option for movement and everyday use.,"Womens Dhoti Pants (White) / Panchakacham brings the color, cut or design named in the product title to a versatile clothing piece. Wear it for practice, travel or relaxed days according to your preference. Refer to the original size guide and care details before selecting a variant.",Original Isha Life branded item — reference only; retain source identity
Isha Life India,36055,CA00783 Men,Men Save Soil Printed T Shirt Maroon,https://ishalife.sadhguru.org/in/blooming-bhoomi-cotton-t-shirt,https://ishalife.sadhguru.org/media/catalog/product/c/a/ca00783_3_.jpg?optimize=medium&fit=bounds&height=&width=,Yoga Store; Yoga Clothing; Mens; T-Shirt,Yoga Store > Yoga Clothing > Mens > T-Shirt,Assigned on source,Apparel & Carry,Men kurtas & tops,Yoga Clothing,In stock at capture,2026-09-25,Men Save Soil Printed T Shirt Maroon,Men Save Soil Printed T Shirt Maroon is an easy-wear option for movement and everyday use.,"Men Save Soil Printed T Shirt Maroon brings the color, cut or design named in the product title to a versatile clothing piece. Wear it for practice, travel or relaxed days according to your preference. Refer to the original size guide and care details before selecting a variant.",Original Isha Life branded item — reference only; retain source identity
Isha Life India,34978,CA01447,Charlotte Blue Cotton-Silk Tunic Top,https://ishalife.sadhguru.org/in/light-teal-cotton-silk-top,https://ishalife.sadhguru.org/media/catalog/product/c/a/ca0144700200_03.jpg?optimize=medium&fit=bounds&height=&width=,Yoga Store; Yoga Clothing; Womens; Yoga Kurtas,Yoga Store > Yoga Clothing > Womens > Yoga Kurtas,Assigned on source,Apparel & Carry,Women kurtas & tops,Yoga Clothing,In stock at capture,2026-09-25,SHIKHA Charlotte Blue Cotton-Silk Tunic Top,Charlotte Blue Cotton-Silk Tunic Top is an easy-wear option for movement and everyday use.,"Charlotte Blue Cotton-Silk Tunic Top brings the color, cut or design named in the product title to a versatile clothing piece. Wear it for practice, travel or relaxed days according to your preference. Refer to the original size guide and care details before selecting a variant.",Proposed SHIKHA concept based on product type; source item is Isha Life
Isha Life India,35389,CA01933 Men,Indigo Blue Yarn Dyed Men Dhoti Pants with Pockets,https://ishalife.sadhguru.org/in/indigo-blue-yarn-dyed-men-dhoti-pants-with-pockets,https://ishalife.sadhguru.org/media/catalog/product/c/a/ca0193300400_001.jpg?optimize=medium&fit=bounds&height=&width=,Yoga Store; Yoga Clothing; Mens; Dhoti Pants,Yoga Store > Yoga Clothing > Mens > Dhoti Pants,Assigned on source,Apparel & Carry,Dhoti pants,Yoga Clothing,In stock at capture,2026-09-25,SHIKHA Indigo Blue Yarn Dyed Men Dhoti Pants with Pockets,Indigo Blue Yarn Dyed Men Dhoti Pants with Pockets is an easy-wear option for movement and everyday use.,"Indigo Blue Yarn Dyed Men Dhoti Pants with Pockets brings the color, cut or design named in the product title to a versatile clothing piece. Wear it for practice, travel or relaxed days according to your preference. Refer to the original size guide and care details before selecting a variant.",Proposed SHIKHA concept based on product type; source item is Isha Life
Isha Life India,47827,CA0316600000,Isha Gramotsavam Tote Bag,https://ishalife.sadhguru.org/in/ca0316600000-gramotsavam-2026-tote-bag-beige,https://ishalife.sadhguru.org/media/catalog/product/c/a/ca0316600000_1_.jpg?optimize=medium&fit=bounds&height=&width=,Yoga Store; Yoga Accessories; Bags,Yoga Store > Yoga Accessories > Bags,Assigned on source,Apparel & Carry,Yoga bags,Yoga Accessories,In stock at capture,2026-09-25,Isha Gramotsavam Tote Bag,Isha Gramotsavam Tote Bag keeps daily and practice essentials close at hand.,"Isha Gramotsavam Tote Bag offers a practical way to organize what you carry between home, class and travel. Its named fabric, print or construction detail gives this version its character. Check the original dimensions and care instructions when choosing a bag or cover.",Original Isha Life branded item — reference only; retain source identity
Isha Life India,6150,CA00749 Men,Isha’s signature. Ready to wear Men Dhoti Pants(Black) / Panchakacham. Easy to pull on. Versatile. Comfortable for both casual and formal wear.,https://ishalife.sadhguru.org/in/unisex-organic-cotton-dhoti-pant-black,https://ishalife.sadhguru.org/media/catalog/product/0/2/0201110_l_001.jpg?optimize=medium&fit=bounds&height=&width=,Yoga Store; Yoga Clothing; Mens; Dhoti Pants,Yoga Store > Yoga Clothing > Mens > Dhoti Pants,Assigned on source,Apparel & Carry,Dhoti pants,Yoga Clothing,In stock at capture,2026-09-25,Men Dhoti Pants(Black) / Panchakacham,Men Dhoti Pants(Black) / Panchakacham is an easy-wear option for movement and everyday use.,"Men Dhoti Pants(Black) / Panchakacham brings the color, cut or design named in the product title to a versatile clothing piece. Wear it for practice, travel or relaxed days according to your preference. Refer to the original size guide and care details before selecting a variant.",Original Isha Life branded item — reference only; retain source identity
Isha Life India,36697,CA00769 Women,Women Undyed Cotton Track Pant - Off-White,https://ishalife.sadhguru.org/in/women-undyed-organic-cotton-track-pant-off-white,https://ishalife.sadhguru.org/media/catalog/product/0/4/0401154_s_03.jpg?optimize=medium&fit=bounds&height=&width=,Yoga Store; Yoga Clothing; Womens; Track Pants,Yoga Store > Yoga Clothing > Womens > Track Pants,Assigned on source,Apparel & Carry,Pants & joggers,Yoga Clothing,In stock at capture,2026-09-25,SHIKHA Women Undyed Cotton Track Pant - Off-White,Women Undyed Cotton Track Pant - Off-White is an easy-wear option for movement and everyday use.,"Women Undyed Cotton Track Pant - Off-White brings the color, cut or design named in the product title to a versatile clothing piece. Wear it for practice, travel or relaxed days according to your preference. Refer to the original size guide and care details before selecting a variant.",Proposed SHIKHA concept based on product type; source item is Isha Life
Isha Life India,34966,CA01443,Soft Green Cotton-Silk Angarakha Kurta,https://ishalife.sadhguru.org/in/festive-cotton-silk-angarakha-kurta-soft-green,https://ishalife.sadhguru.org/media/catalog/product/c/a/ca0144300200_01.jpg?optimize=medium&fit=bounds&height=&width=,Yoga Store; Yoga Clothing; Womens; Yoga Kurtas,Yoga Store > Yoga Clothing > Womens > Yoga Kurtas,Assigned on source,Apparel & Carry,Women kurtas & tops,Yoga Clothing,In stock at capture,2026-09-25,SHIKHA Soft Green Cotton-Silk Angarakha Kurta,Soft Green Cotton-Silk Angarakha Kurta is an easy-wear option for movement and everyday use.,"Soft Green Cotton-Silk Angarakha Kurta brings the color, cut or design named in the product title to a versatile clothing piece. Wear it for practice, travel or relaxed days according to your preference. Refer to the original size guide and care details before selecting a variant.",Proposed SHIKHA concept based on product type; source item is Isha Life
Isha Life India,26918,BN00003,"Jeevarasam Copper Water Storage Combo, 10 Litres",https://ishalife.sadhguru.org/in/jeevarasam-copper-water-storage-combo-10-litres,https://ishalife.sadhguru.org/media/catalog/product/c/h/chatgpt_image_jul_2_2026_04_31_16_pm_1.png?optimize=medium&fit=bounds&height=&width=&format=jpeg,Yoga Store; Copper Water Storage,Yoga Store > Copper Water Storage,Assigned on source,Drinkware & Metalware,Storage pots & jars,Copper Water Storage,Out of stock at capture,2026-09-25,"Jeevarasam Copper Water Storage Combo, 10 Litres","Jeevarasam Copper Water Storage Combo, 10 Litres is a reusable piece for serving or storing water.","Jeevarasam Copper Water Storage Combo, 10 Litres adds a functional piece of drinkware or metalware to a daily routine. The material, finish and capacity stated in its name help distinguish it from the other options in the range. Review the original cleaning and care guidance before first use.",Original Isha Life branded item — reference only; retain source identity
Isha Life India,26930,BN00004,"Jeevarasam Copper Water Storage Combo, 5 Litres",https://ishalife.sadhguru.org/in/jeevarasam-copper-water-storage-combo-5-litres,https://ishalife.sadhguru.org/media/catalog/product/u/n/untitled_design_2_.jpg?optimize=medium&fit=bounds&height=&width=,Yoga Store; Copper Water Storage,Yoga Store > Copper Water Storage,Assigned on source,Drinkware & Metalware,Storage pots & jars,Copper Water Storage,Out of stock at capture,2026-09-25,"Jeevarasam Copper Water Storage Combo, 5 Litres","Jeevarasam Copper Water Storage Combo, 5 Litres is a reusable piece for serving or storing water.","Jeevarasam Copper Water Storage Combo, 5 Litres adds a functional piece of drinkware or metalware to a daily routine. The material, finish and capacity stated in its name help distinguish it from the other options in the range. Review the original cleaning and care guidance before first use.",Original Isha Life branded item — reference only; retain source identity
